Log_ID,Date,Equipment_ID,Equipment_Type,Purchase_Date,Owner_Farm_ID,Operator_ID,Operator_Name,Experience_Years,Field_ID,Field_Name,Area_Acres,Hours_Used,Fuel_Liters,Maintenance_Type,Maintenance_Cost,Part_Replaced,Breakdown_Probability,Risk_Category
LOG-06501,2022-07-25,EQ-054,Tractor,2017-09-13,FARM-10,OP-048,William Smith,4.0,FLD-012,River Field,258.49,6.5,22.7,None,0.0,None,0.75,High
LOG-02945,2024/08/15,EQ-048,Tractor,2022-01-05,,OP-026,Grace Rodriguez,1.0,FLD-010,Hill Field,315.35,9.2,54.0,None,0.0,None,0.86,High
LOG-02025,2023/10/30,EQ-067,Harvester,,FARM-01,OP-039,Michael Williams,4.0,FLD-008,West Field,188.47,8.4,50.5,None,0.0,None,0.25,Low
LOG-00264,2023/09/13,EQ-087,Tractor,2019-05-19,FARM-05,OP-032,James Hernandez,8.0,FLD-005,North Field,357.3,3.7,23.3,None,0.0,None,0.78,High
LOG-04351,2023-06-16,EQ-044,Sprayer,2023-08-15,FARM-06,OP-009,,12.0,FLD-003,Golden Field,66.67,8.0,53.5,None,0.0,None,0.01,
LOG-03425,12-09-2024,EQ-003,Tractor,2022-08-03,FARM-09,OP-021,Chloe Jones,2.0,FLD-009,South Field,474.95,8.5,52.0,None,0.0,None,0.91,High
LOG-06749,2023-09-10,EQ-026,Planter,2018-01-10,FARM-09,OP-022,Robert Hernandez,14.0,FLD-003,Golden Field,66.67,4.6,18.0,None,0.0,None,0.14,Low
LOG-06216,"September 09, 2024",EQ-017,Sprayer,2021-06-22,FARM-04,OP-042,Daniel Garcia,10.0,FLD-004,Sunny Field,103.14,3.1,17.3,None,0.0,None,0.87,High
LOG-06363,2023-01-05,EQ-037,Sprayer,2017-06-17,FARM-03,OP-031,Alice Anderson,12.0,FLD-005,North Field,357.3,3.5,25.6,None,0.0,None,0.15,Low
LOG-05590,2022/11/05,EQ-039,Tractor,2016-09-18,FARM-03,OP-029,David Miller,5.0,FLD-002,Hill Field,223.83,10.2,51.9,None,0.0,None,0.12,Low
LOG-00133,2023-03-31,EQ-019,Sprayer,2015-11-23,FARM-04,OP-028,Alice Wilson,12.0,FLD-003,Golden Field,66.67,10.0,74.2,None,0.0,None,0.42,Medium
LOG-06407,2023-10-19,EQ-029,Sprayer,2019-07-02,FARM-05,OP-028,Alice Wilson,12.0,FLD-009,South Field,474.95,3.9,22.7,None,0.0,None,0.61,Medium
LOG-04280,2024-09-08,EQ-040,Planter,2021-09-08,FARM-02,OP-001,William Anderson,9.0,FLD-016,Valley Field,341.89,9.0,60.4,,0.0,,0.23,Low
LOG-02399,2023/11/07,EQ-099,Tractor,2021-12-11,FARM-02,OP-044,James Miller,11.0,FLD-011,South Field,362.68,5.7,17.6,None,0.0,None,0.1,Low
LOG-05713,2024-08-04,,Planter,2016-09-26,FARM-04,OP-018,David Jones,10.0,FLD-005,North Field,357.3,5.7,29.0,None,0.0,None,0.65,Medium
LOG-03255,2023-04-11,EQ-020,Tractor,2019-04-06,FARM-05,OP-012,Daniel Wilson,18.0,FLD-006,North Field,264.76,10.4,52.4,None,0.0,None,0.13,Low
LOG-06027,2024-06-02,EQ-021,Planter,2022-02-16,FARM-06,OP-027,Emily Johnson,5.0,FLD-012,River Field,258.49,11.6,45.3,None,0.0,None,0.66,Medium
LOG-02265,2022-06-02,EQ-050,Harvester,2021-01-18,FARM-09,OP-039,Michael Williams,4.0,FLD-006,North Field,264.76,2.1,13.4,None,0.0,None,0.55,Medium
LOG-01942,2022-07-16,EQ-073,Tractor,2022-05-23,FARM-07,OP-037,John Williams,11.0,,River Field,258.49,5.2,31.8,None,0.0,None,0.33,Medium
LOG-00764,2024-06-24,EQ-097,Planter,2016-05-06,FARM-10,OP-037,John Williams,11.0,FLD-005,,357.3,4.7,16.7,None,0.0,None,0.05,Low
LOG-03177,2023-08-22,EQ-004,Tractor,2021-08-15,FARM-07,OP-004,David Hernandez,10.0,FLD-017,East Field,311.6,6.5,28.2,None,0.0,None,0.26,Low
LOG-03046,"April 07, 2022",EQ-017,Sprayer,2021-06-22,FARM-04,OP-012,Daniel Wilson,18.0,FLD-006,,264.76,5.1,18.9,Routine,1443.28,None,0.73,High
LOG-03065,07-02-2023,EQ-013,Tractor,2019-01-10,FARM-06,OP-026,Grace Rodriguez,1.0,FLD-017,East Field,311.6,8.6,29.6,None,0.0,None,0.5,Medium
LOG-00102,2024-12-22,EQ-082,Tractor,2015-07-27,FARM-09,OP-002,James Hernandez,11.0,FLD-003,Golden Field,66.67,3.4,17.3,None,0.0,None,0.37,Medium
LOG-06238,2023-07-11,EQ-038,Planter,2016-01-08,FARM-01,OP-046,Michael Garcia,17.0,FLD-008,West Field,188.47,1.5,9.0,None,0.0,None,0.84,High
LOG-01372,2024-05-14,EQ-066,,2015-10-18,FARM-01,OP-034,Grace Martinez,5.0,FLD-013,Valley Field,169.83,4.9,24.6,None,0.0,None,0.71,High
LOG-00626,"May 28, 2023",EQ-026,Planter,2018-01-10,FARM-09,OP-030,Alice Jones,12.0,FLD-003,Golden Field,66.67,4.6,28.7,None,0.0,None,0.17,Low
LOG-03917,2023/11/08,EQ-021,Planter,2022-02-16,FARM-06,OP-019,James Lopez,11.0,FLD-018,River Field,208.98,4.9,26.1,None,0.0,None,0.04,Low
LOG-01076,2023-10-18,EQ-090,Sprayer,2017-06-10,FARM-01,OP-003,Sarah Jones,13.0,FLD-020,West Field,220.65,4.4,35.0,Repair,1495.43,Hydraulics,0.57,Medium
LOG-03257,2022-12-20,EQ-003,Tractor,2022-08-03,FARM-09,OP-009,David Anderson,12.0,FLD-009,South Field,474.95,11.0,68.8,None,0.0,None,0.26,Low
LOG-02317,2024-07-12,EQ-043,Tractor,2022-08-18,FARM-02,OP-049,Michael Williams,19.0,FLD-019,,158.9,4.6,26.8,Inspection,297.94,None,0.73,High
LOG-00562,2022-03-28,EQ-051,Tractor,2021-09-19,FARM-06,OP-016,David Jones,4.0,FLD-001,Sunny Field,222.94,7.4,47.8,None,0.0,None,0.16,Low
LOG-05445,2023-10-30,EQ-096,Tractor,2022-07-28,FARM-04,,Daniel Garcia,10.0,FLD-009,South Field,474.95,7.8,5240.0,None,0.0,None,0.69,Medium
LOG-05104,2022-04-02,EQ-015,Tractor,2019-03-31,FARM-02,OP-015,Laura Anderson,4.0,FLD-015,West Field,216.02,3.8,21.0,None,0.0,None,0.14,Low
LOG-03008,2023-04-10,EQ-085,Planter,2017-05-25,FARM-07,OP-020,James Hernandez,9.0,FLD-006,North Field,264.76,3.5,15.8,None,0.0,None,0.98,High
LOG-01116,2022-03-28,EQ-068,Sprayer,2015-10-18,FARM-09,OP-044,James Miller,11.0,FLD-020,West Field,220.65,7.7,60.2,None,0.0,None,0.87,High
LOG-03909,2022-09-15,EQ-061,Planter,2022-07-14,FARM-06,OP-014,John Hernandez,18.0,FLD-002,Hill Field,,9.5,39.0,None,0.0,None,0.82,High
LOG-02154,,EQ-007,Tractor,2021-04-17,FARM-04,OP-030,Alice Jones,12.0,FLD-008,West Field,188.47,1.9,6.2,None,0.0,None,0.36,Medium
LOG-06224,2022-03-08,,Sprayer,2015-11-23,FARM-04,OP-045,Michael Wilson,,FLD-005,North Field,357.3,5.4,30.8,None,0.0,None,0.64,Medium
LOG-05292,2022-05-20,EQ-034,Harvester,2023-05-10,FARM-09,OP-003,Sarah Jones,13.0,FLD-008,,188.47,11.9,68.0,None,0.0,None,0.98,High
LOG-03510,2022-12-21,EQ-069,Harvester,2018-02-14,,OP-031,Alice Anderson,12.0,FLD-005,North Field,,4.9,23.6,None,0.0,None,0.34,Medium
LOG-01288,2023-08-14,EQ-059,Plntr,2017-05-17,FARM-09,OP-037,John Williams,11.0,FLD-012,River Field,258.49,2.2,,None,0.0,None,0.15,Low
LOG-00246,03-01-2023,EQ-073,Tractor,2022-05-23,FARM-07,OP-043,Sarah Brown,1.0,FLD-002,Hill Field,,11.2,51.2,,0.0,None,0.59,
LOG-01796,2022-10-29,EQ-006,Harvester,2017-08-10,FARM-09,OP-015,Laura Anderson,4.0,FLD-007,Golden Field,346.56,4.3,29.0,None,0.0,None,0.37,Medium
LOG-05254,2022-09-07,EQ-021,,2022-02-16,FARM-06,OP-045,Michael Wilson,3.0,FLD-008,West Field,188.47,7.4,37.1,Routine,575.22,None,0.95,High
LOG-03033,26-07-2024,EQ-012,Tractor,2016-01-15,FARM-07,OP-008,James Rodriguez,,FLD-009,South Field,474.95,6.8,36.3,None,0.0,None,0.22,Low
LOG-02863,2023-09-28,EQ-094,Harvester,2015-08-21,FARM-09,OP-012,Daniel Wilson,18.0,FLD-010,Hill Field,315.35,4.0,21.0,None,0.0,None,0.01,Low
LOG-02674,2022-04-15,EQ-046,Harvester,2020-02-02,FARM-01,,James Miller,11.0,FLD-020,West Field,220.65,8.9,38.2,None,,None,0.29,Low
LOG-05988,2022-06-22,EQ-015,Tractor,2019-03-31,FARM-02,OP-026,Grace Rodriguez,1.0,FLD-013,Valley Field,169.83,7.2,39.6,None,0.0,None,0.32,Medium
LOG-00178,2023-02-03,EQ-006,Harvester,2017-08-10,FARM-09,OP-026,Grace Rodriguez,1.0,FLD-002,Hill Field,223.83,5.0,22.2,None,0.0,None,0.45,Medium
LOG-06468,,EQ-065,Harvester,2021-08-07,FARM-04,OP-031,Alice Anderson,12.0,FLD-003,,66.67,2.2,16.0,None,0.0,None,0.43,Medium
LOG-00038,2023/04/08,EQ-054,Tractor,2017-09-13,FARM-10,OP-039,Michael Williams,4.0,FLD-020,West Field,220.65,9.5,46.6,None,0.0,None,0.3,Medium
LOG-03397,2023-02-06,EQ-072,Planter,2017-02-18,FARM-02,OP-004,David Hernandez,10.0,FLD-013,Valley Field,169.83,4.6,21.9,Routine,1267.85,None,0.03,Low
LOG-03810,2024-03-05,EQ-088,,2018-03-14,FARM-07,OP-030,,12.0,FLD-015,West Field,216.02,2.0,15.2,None,0.0,None,0.2,Low
LOG-04709,2024-05-30,EQ-039,Tractor,2016-09-18,FARM-03,OP-016,David Jones,4.0,FLD-014,River Field,281.66,1.6,6.2,Routine,927.09,None,0.21,Low
LOG-03367,2023-10-18,EQ-025,Harvester,2016-10-31,FARM-08,OP-030,Alice Jones,12.0,FLD-002,Hill Field,223.83,4.4,27.2,None,0.0,None,0.33,Medium
LOG-04673,2024/03/01,EQ-090,,2017-06-10,,OP-041,Chloe Brown,7.0,FLD-002,Hill Field,223.83,4.7,24.1,None,,None,0.27,Low
LOG-00586,2024-09-15,EQ-094,Harvester,2015-08-21,FARM-09,OP-005,Daniel Garcia,3.0,FLD-011,South Field,362.68,2.9,20.7,None,0.0,None,0.57,Medium
LOG-01439,2022-03-01,EQ-014,Sprayer,2015-06-27,FARM-08,OP-003,Sarah Jones,13.0,FLD-012,River Field,,7.7,50.6,None,0.0,None,0.18,Low
LOG-01023,2024/03/20,EQ-080,Harvester,2018-02-14,FARM-08,OP-014,John Hernandez,,FLD-018,River Field,208.98,11.3,,None,0.0,None,0.36,Medium
LOG-00545,2024-06-30,EQ-070,Harvester,2021-01-17,,OP-018,,10.0,FLD-018,River Field,208.98,2.5,19.4,None,0.0,None,0.59,Medium
LOG-03881,2023-01-11,EQ-056,Tractor,2023-07-13,,OP-006,John Davis,20.0,FLD-015,West Field,216.02,-6.5,36.9,None,0.0,None,0.35,Medium
LOG-01075,2024-07-22,EQ-038,Planter,2016-01-08,FARM-01,OP-015,Laura Anderson,4.0,FLD-016,Valley Field,341.89,2.6,11.5,None,0.0,None,0.84,High
LOG-03967,2023-01-30,EQ-026,Planter,2018-01-10,FARM-09,OP-026,Grace Rodriguez,1.0,FLD-019,North Field,158.9,2.6,10.9,Routine,424.24,None,0.24,Low
LOG-02550,2022-04-18,EQ-056,Tractor,2023-07-13,,OP-017,Emily Lopez,18.0,FLD-011,South Field,362.68,7.7,45.2,None,0.0,None,0.69,Medium
LOG-04928,2024-02-04,EQ-002,Harvester,2017-07-03,FARM-03,OP-024,William Gonzalez,5.0,FLD-006,North Field,,1.4,,None,0.0,None,0.79,High
LOG-00753,2022-10-31,EQ-022,Harvester,,FARM-06,OP-018,David Jones,10.0,FLD-004,Sunny Field,103.14,6.5,47.9,None,0.0,None,0.62,Medium
LOG-04813,2024-12-25,EQ-039,Tractor,2016-09-18,FARM-03,OP-044,James Miller,11.0,FLD-017,East Field,311.6,2.6,18.9,Repair,657.93,Blade,0.94,High
LOG-04304,2022-02-27,EQ-049,Harvester,2016-09-18,FARM-06,OP-019,James Lopez,11.0,FLD-016,Valley Field,341.89,6.7,44.0,None,0.0,None,0.3,Medium
LOG-04939,2022-05-29,EQ-022,Harvester,2019-02-25,FARM-06,OP-038,Grace Gonzalez,8.0,FLD-015,West Field,216.02,7.8,44.3,Routine,1268.1,None,0.6,Medium
LOG-03434,2022-12-10,EQ-100,Planter,2022-05-16,,OP-035,Sarah Wilson,6.0,FLD-012,River Field,258.49,8.6,46.8,,0.0,None,0.35,Medium
LOG-01607,2022/03/23,EQ-078,Harvester,2017-02-23,FARM-04,OP-027,Emily Johnson,5.0,FLD-013,Valley Field,169.83,4.8,33.3,None,0.0,None,0.57,Medium
LOG-03916,2023-03-01,EQ-064,Tractor,2018-10-16,FARM-01,OP-048,William Smith,4.0,FLD-008,West Field,188.47,3.1,12.1,None,0.0,None,,High
LOG-02620,2024-06-16,EQ-004,Tractor,2021-08-15,FARM-07,OP-033,Emily Garcia,18.0,FLD-008,West Field,188.47,10.0,57.9,Routine,868.6,None,0.57,
LOG-06650,2022-04-04,EQ-078,Harvester,2017-02-23,FARM-04,OP-040,Charles Wilson,2.0,FLD-012,River Field,258.49,2.9,12.0,None,0.0,,0.77,High
LOG-02118,2024-10-16,EQ-077,Sprayer,2023-12-24,FARM-02,OP-030,Alice Jones,12.0,FLD-017,,311.6,8.9,36.2,None,0.0,None,0.81,High
LOG-02441,2023-07-29,EQ-007,Tractor,2021-04-17,FARM-04,OP-011,Sophia Jones,6.0,FLD-006,North Field,264.76,5.6,26.3,None,0.0,None,0.34,Medium
LOG-04344,2022-03-18,EQ-012,,2016-01-15,FARM-07,OP-021,Chloe Jones,2.0,FLD-016,Valley Field,341.89,10.4,46.8,None,0.0,None,0.06,Low
LOG-01935,2023-07-19,EQ-029,Sprayer,2019-07-02,FARM-05,OP-029,David Miller,5.0,FLD-007,Golden Field,346.56,10.2,79.7,None,0.0,None,0.48,Medium
LOG-02200,,EQ-011,Harvester,2017-05-31,FARM-06,OP-029,David Miller,5.0,FLD-009,South Field,474.95,6.7,53.4,None,0.0,None,0.83,High
LOG-00051,2023-02-21,EQ-081,Harvester,2015-11-05,FARM-08,OP-029,David Miller,5.0,FLD-002,Hill Field,223.83,3.9,14.3,None,0.0,None,0.87,High
LOG-03640,2023-01-11,EQ-041,Planter,2019-04-13,FARM-10,OP-014,John Hernandez,18.0,FLD-019,North Field,158.9,9.7,62.5,Inspection,729.77,None,0.69,Medium
LOG-04767,2023-11-03,,Harvester,2019-02-25,,OP-001,William Anderson,9.0,FLD-003,Golden Field,66.67,2.3,13.7,None,0.0,None,0.42,Medium
LOG-02193,2022-08-10,EQ-027,Harvester,2022-09-05,FARM-06,OP-046,Michael Garcia,17.0,FLD-014,River Field,281.66,3.6,19.4,None,0.0,None,0.01,Low
LOG-02861,2024-05-08,EQ-045,Tractor,2018-04-17,FARM-07,OP-004,David Hernandez,10.0,FLD-008,West Field,188.47,1.9,11.2,,0.0,None,0.96,High
LOG-03083,2022-03-23,EQ-005,Tractor,2015-05-03,FARM-02,OP-048,William Smith,4.0,FLD-003,Golden Field,66.67,3.7,13.8,None,0.0,None,0.76,High
LOG-05434,2023-08-28,EQ-037,Sprayer,2017-06-17,FARM-03,OP-046,Michael Garcia,17.0,FLD-002,Hill Field,223.83,12.0,89.9,None,0.0,None,0.14,Low
LOG-00430,2023-10-10,EQ-012,Tractor,2016-01-15,FARM-07,OP-032,James Hernandez,8.0,FLD-015,West Field,216.02,2.3,12.6,None,0.0,None,0.11,Low
LOG-01132,2022-07-31,EQ-055,Tractor,2015-12-17,FARM-08,OP-013,Laura Martinez,17.0,,,341.89,8.7,48.0,Inspection,1489.2,None,0.59,Medium
LOG-04155,"April 19, 2024",EQ-026,Planter,2018-01-10,FARM-09,OP-007,Emily Johnson,18.0,FLD-007,Golden Field,346.56,3.1,20.0,None,0.0,,0.5,Medium
LOG-03890,2024-05-07,EQ-008,Planter,2017-06-21,FARM-08,OP-030,Alice Jones,12.0,FLD-001,Sunny Field,222.94,4.7,20.0,Routine,508.31,None,0.24,Low
LOG-01413,2023-04-22,EQ-079,Planter,2016-07-28,FARM-07,OP-031,Alice Anderson,12.0,FLD-017,East Field,311.6,1.6,8.7,None,0.0,None,,High
LOG-01733,2024-02-10,EQ-065,Harvester,,FARM-04,OP-019,James Lopez,11.0,FLD-008,West Field,188.47,5.7,40.4,Routine,428.43,None,0.15,Low
LOG-02250,2022-10-11,EQ-097,,2016-05-06,FARM-10,OP-050,Michael Smith,4.0,FLD-018,River Field,208.98,3.1,14.1,None,0.0,None,0.59,Medium
LOG-06649,28-03-2024,EQ-086,Tractor,2016-11-05,FARM-07,OP-022,Robert Hernandez,14.0,FLD-008,West Field,188.47,3.4,26.0,None,0.0,None,0.43,Medium
LOG-02782,2022-03-26,EQ-039,Tractor,2016-09-18,FARM-03,OP-045,Michael Wilson,3.0,FLD-006,North Field,264.76,10.7,47.5,None,0.0,None,0.31,Medium
LOG-04355,2022-05-18,EQ-018,Tractor,,,OP-034,Grace Martinez,5.0,FLD-011,South Field,362.68,4.6,23.7,None,0.0,None,0.32,Medium
LOG-03947,2024-06-24,EQ-090,Sprayer,2017-06-10,FARM-01,OP-014,John Hernandez,18.0,FLD-004,Sunny Field,103.14,11.6,48.3,None,0.0,None,0.86,High
LOG-04519,2024-01-11,EQ-022,Harvester,2019-02-25,FARM-06,OP-032,James Hernandez,8.0,FLD-017,East Field,311.6,10.7,65.7,None,0.0,None,0.72,High
LOG-03797,2022-08-04,EQ-077,Sprayer,2023-12-24,FARM-02,OP-009,David Anderson,12.0,FLD-015,West Field,216.02,8.0,61.2,None,0.0,None,0.93,High
LOG-04247,2022-06-30,EQ-070,Harvester,2021-01-17,FARM-03,OP-023,Michael Smith,1.0,FLD-001,Sunny Field,222.94,1.4,6.8,None,0.0,None,0.2,Low
LOG-04109,,EQ-044,Sprayer,2023-08-15,FARM-06,OP-048,William Smith,4.0,FLD-013,Valley Field,169.83,1.0,4.6,None,0.0,None,0.83,High
LOG-05649,18-03-2022,EQ-057,Harvester,2016-06-09,FARM-08,OP-007,Emily Johnson,18.0,FLD-006,North Field,264.76,11.9,47.7,None,0.0,None,0.29,Low
LOG-02274,2024-07-15,EQ-021,Planter,2022-02-16,FARM-06,OP-045,Michael Wilson,3.0,FLD-009,South Field,474.95,3.6,13.3,None,0.0,None,0.39,Medium
LOG-03393,2024-08-23,EQ-072,Planter,2017-02-18,FARM-02,OP-028,Alice Wilson,12.0,,Golden Field,66.67,10.1,57.4,Inspection,530.14,None,0.45,Medium
LOG-05774,2022-07-24,EQ-062,Planter,2020-10-20,FARM-08,OP-009,David Anderson,12.0,FLD-003,Golden Field,66.67,2.5,8.8,None,0.0,None,0.11,Low
LOG-02307,2024-03-03,EQ-008,Planter,2017-06-21,FARM-08,OP-005,Daniel Garcia,,FLD-018,River Field,208.98,8.9,47.9,Routine,1058.41,None,0.25,Low
LOG-04560,2022-05-13,EQ-033,Harvester,2017-12-20,FARM-03,OP-029,David Miller,5.0,FLD-013,Valley Field,169.83,5.8,30.3,None,0.0,None,0.23,Low
LOG-03625,2023-08-13,EQ-062,Planter,2020-10-20,FARM-08,OP-027,Emily Johnson,5.0,FLD-005,North Field,357.3,10.7,53.8,None,0.0,None,0.96,High
LOG-05815,2022-11-24,EQ-097,Planter,2016-05-06,FARM-10,OP-035,Sarah Wilson,6.0,FLD-020,West Field,220.65,2.8,17.3,None,0.0,None,0.27,Low
LOG-01741,2022-06-16,EQ-047,Sprayer,2020-08-12,FARM-03,OP-023,Michael Smith,1.0,FLD-011,South Field,362.68,5.5,37.1,None,0.0,None,0.54,Medium
LOG-05611,2024-02-03,EQ-032,Planter,2022-03-18,FARM-08,OP-008,James Rodriguez,9.0,FLD-011,,362.68,5.5,28.2,None,0.0,None,0.91,High
LOG-02119,2024-11-28,EQ-018,Tractor,2015-07-07,FARM-04,OP-038,Grace Gonzalez,8.0,FLD-018,River Field,208.98,3.7,13.9,None,0.0,None,0.75,High
LOG-06045,2024-10-25,EQ-051,Tractor,2021-09-19,FARM-06,,Daniel Wilson,18.0,FLD-003,Golden Field,66.67,2.5,11.4,None,0.0,None,0.63,Medium
LOG-02685,2024-07-22,EQ-049,Harvester,2016-09-18,FARM-06,OP-036,Jessica Anderson,14.0,FLD-012,River Field,258.49,3.9,24.7,Routine,1211.23,None,0.68,Medium
LOG-05621,2022/10/20,EQ-056,Tractor,2023-07-13,,OP-048,William Smith,4.0,FLD-018,River Field,208.98,5.6,18.6,None,0.0,None,0.29,Low
LOG-04368,2022-10-30,EQ-002,Harvester,2017-07-03,FARM-03,OP-047,Charles Hernandez,,FLD-005,,357.3,,79.0,None,0.0,None,0.4,Medium
LOG-01551,2024-02-04,EQ-068,Sprayer,2015-10-18,FARM-09,OP-004,David Hernandez,10.0,FLD-017,East Field,311.6,1.2,6.2,Routine,781.11,None,0.79,High
LOG-00231,2024-01-07,EQ-046,Harvstr,2020-02-02,FARM-01,OP-020,James Hernandez,9.0,FLD-009,South Field,474.95,6.6,36.2,Routine,1472.91,None,0.47,Medium
LOG-00535,2024-04-23,EQ-033,,2017-12-20,FARM-03,OP-023,Michael Smith,1.0,FLD-001,Sunny Field,222.94,2.3,16.9,None,0.0,None,0.2,Low
LOG-00240,2024-05-31,EQ-037,Sprayer,2017-06-17,FARM-03,OP-002,James Hernandez,11.0,FLD-017,East Field,311.6,9.9,74.7,Repair,189.66,Belt,0.25,Low
LOG-06098,2023/01/29,EQ-099,Tractor,2021-12-11,FARM-02,OP-048,William Smith,4.0,FLD-005,North Field,357.3,8.3,45.9,Repair,1318.3,None,0.29,Low
LOG-05442,2023-04-02,EQ-015,Tractor,2019-03-31,FARM-02,,Daniel Garcia,10.0,FLD-005,North Field,357.3,4.2,31.9,None,0.0,None,0.71,High
LOG-05941,2023-06-27,EQ-054,Tractor,2017-09-13,FARM-10,OP-019,James Lopez,11.0,FLD-002,Hill Field,223.83,1.9,6.4,None,0.0,None,0.67,Medium
LOG-03818,2024-04-21,EQ-020,Tractor,2019-04-06,FARM-05,OP-003,,13.0,FLD-002,Hill Field,223.83,2.2,9.4,Inspection,1462.84,None,0.27,Low
LOG-05921,2023-09-14,EQ-009,Sprayer,2015-01-27,FARM-03,OP-036,Jessica Anderson,14.0,FLD-014,River Field,281.66,6.5,29.2,None,0.0,None,0.29,Low
LOG-03134,"February 11, 2022",EQ-029,Sprayer,2019-07-02,FARM-05,OP-003,Sarah Jones,13.0,FLD-009,South Field,474.95,11.0,40.7,None,0.0,None,0.19,Low
LOG-01889,2023-07-15,EQ-019,Sprayer,2015-11-23,FARM-04,OP-022,Robert Hernandez,14.0,FLD-017,,,6.8,50.6,None,0.0,None,0.61,Medium
LOG-01329,2022-03-03,EQ-075,Planter,2023-03-06,FARM-01,OP-031,Alice Anderson,12.0,,,474.95,1.4,7.1,None,0.0,None,0.88,High
LOG-03384,2023-06-13,EQ-069,Harvester,2018-02-14,,OP-040,Charles Wilson,2.0,FLD-019,North Field,158.9,6.0,30.3,Repair,1065.41,Blade,0.64,Medium
LOG-01455,2024-01-05,EQ-005,Tractor,2015-05-03,FARM-02,OP-021,Chloe Jones,2.0,FLD-004,Sunny Field,103.14,10.6,32.2,None,0.0,None,0.34,Medium
LOG-05717,2023-07-31,EQ-007,Tractor,2021-04-17,FARM-04,OP-047,Charles Hernandez,18.0,FLD-014,River Field,281.66,1.7,6.9,None,0.0,None,0.07,Low
LOG-05777,,EQ-010,Planter,2018-10-25,FARM-05,OP-001,William Anderson,9.0,FLD-015,West Field,216.02,11.3,64.1,None,0.0,None,0.43,Medium
LOG-02139,2022-09-20,EQ-073,Tractor,2022-05-23,FARM-07,OP-039,Michael Williams,4.0,FLD-012,River Field,258.49,9.6,56.8,None,0.0,None,0.77,High
LOG-04443,2024-01-09,EQ-027,Harvstr,2022-09-05,FARM-06,OP-004,,10.0,FLD-002,Hill Field,223.83,10.6,41.2,None,0.0,None,0.31,Medium
LOG-02577,2024-04-19,EQ-099,Tractor,2021-12-11,FARM-02,OP-042,Daniel Garcia,10.0,FLD-013,,169.83,1.1,8.3,None,0.0,None,0.52,Medium
LOG-02273,2022-07-02,EQ-036,Planter,2021-07-18,FARM-07,OP-001,William Anderson,9.0,FLD-002,,223.83,6.3,39.4,None,0.0,None,0.52,Medium
LOG-02619,2022-05-01,EQ-028,Tractor,2017-07-27,FARM-01,OP-030,Alice Jones,12.0,FLD-013,Valley Field,169.83,11.0,60.5,None,0.0,None,0.46,Medium
LOG-06356,2024-09-20,EQ-040,Planter,2021-09-08,,OP-027,Emily Johnson,5.0,FLD-012,River Field,258.49,4.4,14.7,None,0.0,None,0.32,Medium
LOG-02624,2024-12-16,EQ-016,Sprayer,2022-01-18,FARM-10,OP-015,Laura Anderson,4.0,FLD-019,North Field,158.9,5.5,24.0,Inspection,,None,0.02,Low
LOG-00469,2023-09-03,EQ-070,Harvester,2021-01-17,FARM-03,OP-019,James Lopez,11.0,FLD-005,North Field,357.3,8.5,64.4,None,0.0,None,0.72,High
LOG-00080,2024-03-06,EQ-031,Sprayer,2017-05-20,FARM-08,OP-035,Sarah Wilson,6.0,FLD-005,North Field,357.3,6.0,38.1,None,0.0,None,0.94,High
LOG-06360,28-11-2023,EQ-078,Harvester,2017-02-23,FARM-04,OP-040,Charles Wilson,2.0,FLD-016,Valley Field,341.89,3.9,16.0,None,0.0,None,0.49,Medium
LOG-04954,2024-03-22,EQ-039,Tractor,2016-09-18,FARM-03,OP-016,David Jones,4.0,FLD-017,East Field,311.6,4.2,14.7,None,0.0,None,0.05,
LOG-03464,2024-05-21,EQ-094,Harvester,2015-08-21,FARM-09,OP-025,Michael Williams,15.0,,River Field,258.49,8.7,65.7,None,0.0,None,0.82,High
LOG-02064,2023-09-03,EQ-038,Planter,2016-01-08,FARM-01,OP-042,Daniel Garcia,10.0,FLD-005,North Field,357.3,10.7,50.2,None,0.0,None,0.51,Medium
LOG-04878,2022-07-22,EQ-072,Planter,2017-02-18,FARM-02,OP-004,David Hernandez,10.0,FLD-007,Golden Field,346.56,5.7,28.5,None,0.0,None,0.46,Medium
LOG-06370,2023-01-07,,Harvester,2017-02-23,,OP-040,,2.0,FLD-009,South Field,474.95,7.2,39.5,None,0.0,None,0.56,Medium
LOG-03934,2022-12-12,EQ-031,Sprayer,2017-05-20,FARM-08,OP-012,Daniel Wilson,18.0,FLD-003,Golden Field,66.67,9.1,40.2,None,0.0,None,0.02,Low
LOG-05508,2023-07-28,EQ-045,Tractor,2018-04-17,,OP-036,Jessica Anderson,14.0,FLD-005,North Field,,12.0,36.7,None,0.0,None,0.48,Medium
LOG-06464,2023-06-27,EQ-012,Tractor,2016-01-15,FARM-07,,David Hernandez,10.0,FLD-001,Sunny Field,222.94,4.2,12.9,Repair,757.78,Belt,0.75,High
LOG-03173,2023-01-31,EQ-019,Sprayer,2015-11-23,FARM-04,OP-050,Michael Smith,4.0,FLD-008,,188.47,5.9,39.3,Inspection,131.35,None,0.57,Medium
LOG-01895,2024-10-24,EQ-070,Harvester,2021-01-17,FARM-03,OP-027,Emily Johnson,5.0,FLD-001,Sunny Field,222.94,10.6,,None,0.0,None,0.78,
LOG-02207,2023-06-17,EQ-017,Sprayer,2021-06-22,FARM-04,OP-007,Emily Johnson,18.0,FLD-017,East Field,311.6,4.6,27.6,None,0.0,None,0.02,Low
LOG-00995,2024-08-29,EQ-030,Tractor,2017-05-14,FARM-10,OP-015,Laura Anderson,4.0,FLD-007,Golden Field,346.56,3.6,21.4,None,0.0,None,0.47,
LOG-01802,"March 11, 2024",EQ-004,Tractor,,FARM-07,OP-013,Laura Martinez,17.0,,River Field,258.49,5.9,42.4,None,0.0,None,0.9,High
LOG-01265,29-11-2023,EQ-025,Harvester,2016-10-31,FARM-08,OP-032,James Hernandez,,FLD-004,Sunny Field,103.14,3.3,19.6,None,0.0,None,0.85,High
LOG-01453,2023/03/08,EQ-035,Sprayr,2023-05-18,FARM-10,OP-006,John Davis,20.0,FLD-017,East Field,311.6,3.8,20.3,Routine,217.18,None,0.66,Medium
LOG-01587,2022-06-19,EQ-040,Planter,2021-09-08,FARM-02,OP-029,David Miller,5.0,FLD-014,River Field,281.66,11.6,91.2,Inspection,1239.04,None,0.88,High
LOG-04014,2024-10-30,EQ-066,Tractor,2015-10-18,FARM-01,OP-016,David Jones,4.0,FLD-009,South Field,474.95,,15.1,None,0.0,None,0.44,Medium
LOG-00458,2022-08-23,EQ-061,Planter,2022-07-14,FARM-06,OP-036,Jessica Anderson,14.0,FLD-001,Sunny Field,222.94,8.4,43.9,None,0.0,None,0.61,Medium
LOG-01452,2023-03-01,EQ-083,Tractor,2016-01-18,FARM-04,OP-044,James Miller,11.0,FLD-010,Hill Field,315.35,4.8,37.6,None,0.0,None,0.74,High
LOG-05965,2022-12-02,EQ-011,Harvester,2017-05-31,FARM-06,OP-046,,17.0,FLD-013,Valley Field,169.83,1.2,6.3,None,0.0,None,0.16,Low
LOG-05369,2023/06/28,EQ-019,Sprayer,2015-11-23,FARM-04,OP-050,Michael Smith,4.0,FLD-013,Valley Field,169.83,5.9,32.8,None,0.0,None,0.21,Low
LOG-00438,2024-07-25,EQ-016,Sprayer,2022-01-18,FARM-10,OP-050,Michael Smith,4.0,FLD-015,West Field,216.02,,,Repair,773.3,None,0.73,High
LOG-05947,2024-08-22,EQ-091,Tractor,2023-05-22,FARM-06,OP-028,Alice Wilson,12.0,FLD-006,North Field,264.76,10.3,44.1,None,0.0,None,0.61,Medium
LOG-05013,08-09-2023,EQ-092,Tractor,2015-07-25,FARM-10,OP-042,Daniel Garcia,10.0,FLD-002,Hill Field,223.83,10.2,56.2,Routine,1124.3,None,0.37,Medium
LOG-01972,2024-11-04,EQ-049,Harvester,2016-09-18,FARM-06,OP-031,Alice Anderson,12.0,FLD-002,Hill Field,223.83,5.8,18.2,None,0.0,None,0.01,Low
LOG-05027,24-04-2024,,Tractor,2017-01-31,FARM-02,OP-032,James Hernandez,8.0,FLD-009,South Field,474.95,4.0,19.2,Routine,1042.45,None,0.89,High
LOG-02717,2024-08-09,,Sprayer,2015-06-27,FARM-08,,Michael Williams,19.0,FLD-003,Golden Field,66.67,10.1,63.2,None,0.0,None,0.6,Medium
LOG-00470,17-10-2022,EQ-048,Tractor,2022-01-05,FARM-05,OP-001,William Anderson,9.0,FLD-018,River Field,208.98,2.4,7.3,None,0.0,None,0.54,Medium
LOG-00504,2024-01-19,EQ-034,Harvester,2023-05-10,FARM-09,OP-035,Sarah Wilson,6.0,FLD-014,River Field,281.66,7.7,61.3,None,0.0,None,0.21,Low
LOG-01048,2022-07-09,EQ-021,Planter,2022-02-16,FARM-06,OP-001,William Anderson,9.0,FLD-004,Sunny Field,103.14,8.1,61.4,None,0.0,None,0.58,Medium
LOG-03361,2023-10-03,EQ-094,Harvester,2015-08-21,FARM-09,OP-016,David Jones,4.0,FLD-014,River Field,281.66,4.4,13.5,None,0.0,None,0.11,Low
LOG-05940,2022-12-21,EQ-010,Planter,2018-10-25,FARM-05,OP-047,Charles Hernandez,18.0,FLD-010,Hill Field,315.35,12.0,53.0,None,0.0,None,0.03,Low
LOG-03872,2022-08-12,EQ-057,Harvester,2016-06-09,FARM-08,OP-048,William Smith,,FLD-019,North Field,158.9,2.1,7.5,None,0.0,None,0.07,Low
LOG-03930,2024-03-18,EQ-065,Harvstr,2021-08-07,FARM-04,OP-011,Sophia Jones,6.0,FLD-003,,66.67,8.2,28.5,Routine,962.27,None,0.19,Low
LOG-06101,,EQ-089,Planter,2016-09-26,FARM-04,OP-050,Michael Smith,4.0,FLD-019,North Field,158.9,1.7,12.8,Routine,326.6,None,0.14,Low
LOG-04765,2022-11-07,EQ-099,Tractor,2021-12-11,FARM-02,OP-026,Grace Rodriguez,1.0,FLD-011,South Field,362.68,4.1,29.8,None,0.0,None,0.54,Medium
LOG-05414,2022-11-26,EQ-091,Tractor,2023-05-22,FARM-06,OP-020,James Hernandez,9.0,FLD-019,North Field,158.9,5.5,29.7,None,0.0,None,0.01,Low
LOG-03616,2023-09-27,EQ-059,Planter,2017-05-17,FARM-09,OP-020,James Hernandez,9.0,FLD-004,Sunny Field,103.14,11.1,49.9,None,0.0,None,0.82,High
LOG-06157,2024-03-09,EQ-095,Tractor,2017-01-31,FARM-02,OP-037,John Williams,11.0,FLD-011,South Field,362.68,8.9,70.8,Inspection,,None,0.38,Medium
LOG-00474,2023-04-26,EQ-043,Tractor,2022-08-18,FARM-02,OP-023,Michael Smith,1.0,FLD-005,North Field,357.3,2.1,12.8,None,0.0,None,0.32,Medium
LOG-06084,08-11-2023,,Sprayer,2018-06-13,FARM-04,OP-018,,10.0,FLD-018,River Field,208.98,4.5,35.6,Routine,636.56,None,0.73,High
LOG-02887,"January 04, 2023",EQ-053,Sprayer,2018-06-13,FARM-04,OP-009,David Anderson,12.0,FLD-014,River Field,281.66,3.7,24.1,None,0.0,,0.91,High
LOG-01555,2022-05-30,EQ-020,Tractor,2019-04-06,FARM-05,OP-042,Daniel Garcia,10.0,FLD-011,South Field,362.68,3.0,17.6,None,0.0,None,0.78,High
LOG-04128,2024-08-25,EQ-086,Tractor,2016-11-05,,OP-009,,12.0,FLD-002,Hill Field,223.83,4.4,14.8,None,0.0,,0.22,
LOG-01941,11-07-2023,EQ-098,Harvester,2021-06-29,FARM-10,OP-028,Alice Wilson,12.0,FLD-009,South Field,474.95,7.4,45.5,None,,None,0.95,High
LOG-06187,2023/02/16,EQ-037,Sprayer,2017-06-17,FARM-03,OP-004,David Hernandez,10.0,FLD-017,East Field,311.6,9.1,63.8,None,0.0,None,0.22,Low
LOG-05948,2024-03-15,EQ-034,Harvester,2023-05-10,FARM-09,OP-008,James Rodriguez,9.0,FLD-002,Hill Field,,2.2,16.0,None,0.0,None,0.02,Low
LOG-05460,2022/02/11,EQ-019,Sprayer,2015-11-23,FARM-04,OP-008,James Rodriguez,9.0,FLD-001,Sunny Field,222.94,9.6,37.0,None,0.0,None,0.31,Medium
LOG-06682,"March 05, 2023",EQ-007,Tractor,,FARM-04,OP-049,Michael Williams,19.0,FLD-012,River Field,258.49,11.6,67.5,None,0.0,None,0.76,High
LOG-06498,2024-11-21,EQ-057,Harvester,,FARM-08,OP-048,William Smith,4.0,FLD-008,West Field,188.47,11.5,39.0,None,0.0,None,0.51,Medium
LOG-06151,2023-10-31,EQ-083,Tractor,2016-01-18,FARM-04,OP-041,Chloe Brown,7.0,FLD-006,,264.76,10.4,36.6,None,0.0,None,0.63,Medium
LOG-02901,2022-04-18,EQ-064,Tractor,2018-10-16,FARM-01,,Charles Wilson,2.0,FLD-016,Valley Field,341.89,4.5,22.7,Routine,1455.79,None,0.41,Medium
LOG-01202,17-01-2022,EQ-083,Tractor,2016-01-18,FARM-04,OP-004,David Hernandez,,FLD-008,West Field,,2.7,,None,0.0,None,0.57,Medium
LOG-05715,2022-02-10,EQ-079,Planter,2016-07-28,FARM-07,OP-020,James Hernandez,9.0,FLD-005,North Field,357.3,2.0,8.7,None,0.0,None,0.45,Medium
LOG-06270,2024-02-24,EQ-069,Harvester,2018-02-14,FARM-08,OP-011,Sophia Jones,6.0,FLD-003,Golden Field,66.67,8.4,62.4,None,0.0,None,0.57,Medium
LOG-00536,2022-12-24,EQ-074,Sprayr,2019-10-01,FARM-07,OP-042,Daniel Garcia,10.0,FLD-018,River Field,208.98,11.8,52.2,None,0.0,None,,Medium
LOG-05690,2023-07-26,EQ-076,Tractor,2015-09-06,FARM-07,OP-029,David Miller,5.0,FLD-013,Valley Field,169.83,11.5,48.0,None,0.0,None,0.49,Medium
LOG-03734,"April 24, 2022",EQ-086,Tractor,2016-11-05,FARM-07,OP-006,John Davis,20.0,FLD-004,Sunny Field,103.14,1.9,8.8,Routine,152.1,None,0.58,Medium
LOG-05800,15-08-2024,EQ-096,Tractor,2022-07-28,FARM-04,,Emily Lopez,18.0,FLD-009,South Field,,5.7,37.5,None,0.0,None,0.14,Low
LOG-02875,2024-06-29,EQ-088,Planter,2018-03-14,FARM-07,OP-018,David Jones,10.0,FLD-001,Sunny Field,222.94,6.9,21.1,None,0.0,None,0.16,Low
LOG-05179,12-06-2022,EQ-038,Planter,2016-01-08,FARM-01,OP-009,David Anderson,12.0,FLD-003,Golden Field,66.67,5.7,31.7,None,0.0,None,0.23,Low
LOG-03143,2022-05-12,EQ-087,Tractor,2019-05-19,FARM-05,OP-018,David Jones,10.0,FLD-016,Valley Field,341.89,6.7,32.4,None,0.0,None,0.31,Medium
LOG-03114,2023-09-10,EQ-092,Tractor,2015-07-25,FARM-10,OP-022,Robert Hernandez,14.0,FLD-008,West Field,188.47,1.8,8.4,None,0.0,None,0.78,High
LOG-03807,2024-05-28,EQ-007,Tractor,2021-04-17,FARM-04,OP-030,Alice Jones,12.0,FLD-020,West Field,220.65,5.0,,None,0.0,None,,High
LOG-05039,02-02-2022,EQ-031,,2017-05-20,FARM-08,OP-027,Emily Johnson,5.0,FLD-013,Valley Field,169.83,7.3,49.3,None,0.0,,0.58,Medium
LOG-04054,2022/11/12,EQ-096,,2022-07-28,FARM-04,OP-029,David Miller,5.0,FLD-007,Golden Field,346.56,5.5,24.9,None,0.0,None,0.77,High
LOG-03044,2024-04-02,EQ-019,Sprayer,2015-11-23,FARM-04,OP-002,James Hernandez,11.0,FLD-004,Sunny Field,103.14,5.7,24.2,None,0.0,None,0.52,Medium
LOG-01336,2024-06-13,EQ-046,Harvester,2020-02-02,FARM-01,OP-013,Laura Martinez,17.0,FLD-011,South Field,362.68,11.1,46.5,Routine,64.57,None,0.41,Medium
LOG-06245,2024-04-13,EQ-035,Sprayer,2023-05-18,FARM-10,OP-015,Laura Anderson,4.0,FLD-016,Valley Field,341.89,3.2,16.1,None,0.0,None,0.11,Low
LOG-02765,2022-07-05,EQ-024,Tractor,2021-10-31,FARM-03,OP-042,Daniel Garcia,10.0,FLD-001,Sunny Field,222.94,10.4,40.0,Inspection,1386.98,None,0.1,Low
LOG-05562,2023-10-01,EQ-072,Planter,2017-02-18,FARM-02,OP-006,John Davis,20.0,FLD-020,West Field,220.65,1.1,8.1,None,0.0,None,0.39,Medium
LOG-01965,2024-08-01,EQ-011,Harvester,2017-05-31,FARM-06,OP-048,William Smith,4.0,FLD-011,South Field,362.68,2.8,12.3,None,0.0,None,0.04,Low
LOG-01560,2022-05-22,EQ-017,Sprayer,2021-06-22,FARM-04,OP-035,Sarah Wilson,6.0,FLD-012,River Field,258.49,4.6,21.1,None,0.0,None,0.21,Low
LOG-00186,2022-03-06,EQ-019,Sprayer,,FARM-04,OP-044,James Miller,11.0,FLD-008,West Field,188.47,7.3,47.5,Inspection,689.51,None,0.42,Medium
LOG-05532,2024-08-25,EQ-057,Harvester,2016-06-09,FARM-08,OP-038,Grace Gonzalez,8.0,FLD-019,North Field,158.9,1.1,3.5,None,0.0,None,0.96,
LOG-05072,2022-11-28,,Sprayer,2022-01-18,FARM-10,OP-028,Alice Wilson,12.0,FLD-015,West Field,216.02,3.2,15.9,None,,None,0.42,Medium
LOG-06714,2024-10-11,EQ-090,Sprayer,2017-06-10,FARM-01,OP-036,Jessica Anderson,14.0,FLD-014,River Field,281.66,11.3,89.9,None,0.0,None,0.6,Medium
LOG-05842,2023-07-14,EQ-028,,2017-07-27,FARM-01,OP-025,Michael Williams,15.0,FLD-005,North Field,357.3,8.7,38.9,None,0.0,None,0.68,Medium
LOG-06420,"March 31, 2023",EQ-002,Harvester,2017-07-03,FARM-03,OP-025,Michael Williams,,FLD-019,North Field,158.9,2.7,18.0,None,0.0,None,0.52,Medium
LOG-03663,"March 30, 2024",EQ-076,Tractor,2015-09-06,FARM-07,OP-025,Michael Williams,15.0,FLD-011,South Field,362.68,9.3,52.8,Inspection,744.02,None,0.52,Medium
LOG-03576,2023-08-17,EQ-040,Planter,2021-09-08,FARM-02,OP-029,David Miller,5.0,FLD-012,River Field,258.49,8.4,39.9,None,0.0,None,0.16,Low
LOG-02078,2023-03-30,EQ-022,Harvester,2019-02-25,FARM-06,OP-026,Grace Rodriguez,1.0,FLD-019,North Field,158.9,10.6,43.6,None,0.0,None,0.78,High
LOG-01502,2022/12/25,EQ-048,Tractor,,FARM-05,OP-047,Charles Hernandez,18.0,FLD-008,West Field,188.47,6.2,40.7,Inspection,242.34,None,0.07,Low
LOG-00234,23-11-2023,EQ-032,Planter,2022-03-18,FARM-08,OP-032,James Hernandez,8.0,FLD-018,River Field,208.98,3.8,27.0,,,None,,Medium
LOG-05490,2024-07-15,EQ-040,Planter,2021-09-08,FARM-02,OP-046,Michael Garcia,17.0,FLD-016,Valley Field,341.89,10.3,58.7,None,0.0,None,0.16,Low
LOG-01499,2022-03-01,EQ-054,Tractor,2017-09-13,FARM-10,OP-027,Emily Johnson,5.0,FLD-007,Golden Field,346.56,7.8,28.8,None,0.0,None,0.99,High
LOG-04757,2022-05-12,EQ-072,Planter,2017-02-18,FARM-02,OP-022,Robert Hernandez,14.0,FLD-007,Golden Field,346.56,8.8,30.5,None,0.0,None,0.5,Medium
LOG-04410,,EQ-075,Planter,2023-03-06,FARM-01,OP-036,Jessica Anderson,14.0,FLD-016,Valley Field,341.89,6.4,34.4,None,0.0,None,0.37,Medium
LOG-03718,2023-09-13,EQ-086,Tractor,2016-11-05,FARM-07,OP-043,Sarah Brown,1.0,FLD-017,East Field,311.6,8.3,55.2,None,0.0,None,0.92,High
LOG-02499,2024-09-14,EQ-090,Sprayer,2017-06-10,FARM-01,OP-002,James Hernandez,11.0,FLD-013,Valley Field,169.83,6.4,22.2,,1145.5,None,0.72,High
LOG-00735,2024-01-05,EQ-018,Tractor,2015-07-07,FARM-04,OP-030,Alice Jones,12.0,FLD-007,Golden Field,346.56,11.7,46.9,Repair,1053.71,Filter,0.28,Low
LOG-01650,2024-12-16,EQ-099,Tractor,2021-12-11,FARM-02,OP-019,James Lopez,11.0,FLD-002,Hill Field,223.83,10.1,39.8,Routine,1343.53,None,0.74,High
LOG-01957,2024-12-27,EQ-043,Tractor,2022-08-18,FARM-02,OP-029,David Miller,5.0,FLD-006,North Field,264.76,8.3,33.8,None,,None,0.18,Low
LOG-06493,2024-03-21,EQ-094,Harvester,2015-08-21,FARM-09,OP-035,Sarah Wilson,6.0,FLD-011,South Field,,6.7,39.0,None,0.0,None,,Low
LOG-02277,08-10-2023,EQ-014,Sprayer,2015-06-27,FARM-08,OP-043,Sarah Brown,1.0,FLD-003,Golden Field,66.67,3.0,10.2,None,0.0,None,0.74,High
LOG-04126,2024-08-26,EQ-034,Harvester,2023-05-10,FARM-09,OP-029,David Miller,5.0,FLD-013,,169.83,5.8,43.9,None,0.0,None,0.53,Medium
LOG-04465,,EQ-096,Tractor,2022-07-28,FARM-04,OP-023,Michael Smith,1.0,FLD-020,West Field,220.65,10.3,68.7,None,0.0,None,0.18,Low
LOG-06460,2024-12-18,EQ-015,Tractor,2019-03-31,FARM-02,OP-006,John Davis,20.0,FLD-012,River Field,258.49,2.2,10.8,Inspection,150.24,None,0.25,Low
LOG-03045,2023-07-24,EQ-017,Sprayer,2021-06-22,FARM-04,OP-009,David Anderson,12.0,FLD-005,,357.3,1.4,11.1,None,0.0,None,0.97,High
LOG-01583,2023/06/23,EQ-028,Tractor,2017-07-27,FARM-01,OP-030,Alice Jones,12.0,FLD-020,West Field,220.65,7.0,25.1,None,0.0,None,0.76,High
LOG-05273,2023-10-19,EQ-082,Tractor,2015-07-27,FARM-09,OP-040,Charles Wilson,2.0,FLD-020,West Field,220.65,6.0,27.7,None,0.0,None,0.98,High
LOG-02376,2023-02-04,EQ-024,Tractor,2021-10-31,FARM-03,OP-021,Chloe Jones,2.0,FLD-015,West Field,216.02,2.3,7.2,None,0.0,None,0.96,
LOG-04036,,EQ-086,Tractor,2016-11-05,FARM-07,OP-011,,6.0,FLD-014,River Field,281.66,1.3,5.2,Repair,1244.67,Belt,0.64,Medium
LOG-01870,2022-11-23,EQ-079,Planter,2016-07-28,FARM-07,OP-011,Sophia Jones,6.0,FLD-011,South Field,362.68,7.6,45.4,None,0.0,None,0.11,Low
LOG-04990,2022-04-29,EQ-053,Sprayer,2018-06-13,FARM-04,OP-043,Sarah Brown,1.0,FLD-014,River Field,281.66,5.3,24.4,None,0.0,None,0.33,Medium
LOG-05822,"April 15, 2022",EQ-084,Harvester,,FARM-08,OP-041,Chloe Brown,7.0,FLD-005,North Field,357.3,11.0,87.9,Routine,152.25,None,0.98,High
LOG-03091,2024-02-19,EQ-066,Tractor,2015-10-18,FARM-01,OP-024,William Gonzalez,5.0,FLD-016,Valley Field,341.89,4.2,21.6,None,0.0,None,0.24,Low
LOG-04902,2022-11-22,EQ-099,Tractor,2021-12-11,FARM-02,OP-039,Michael Williams,4.0,FLD-016,Valley Field,341.89,7.4,41.6,Inspection,1112.82,None,0.5,Medium
LOG-00218,"August 01, 2024",EQ-049,Harvstr,2016-09-18,FARM-06,OP-015,Laura Anderson,4.0,,West Field,188.47,,21.0,None,0.0,None,,High
LOG-04999,2024-06-15,EQ-039,Tractor,2016-09-18,FARM-03,OP-046,Michael Garcia,17.0,FLD-019,North Field,158.9,7.6,32.6,None,,None,0.48,Medium
LOG-04537,2023-08-16,EQ-041,Planter,2019-04-13,FARM-10,OP-024,William Gonzalez,5.0,,North Field,357.3,4.9,28.7,Repair,158.49,Belt,0.41,Medium
LOG-03423,2024-02-07,EQ-052,Planter,2015-03-21,FARM-02,OP-022,Robert Hernandez,14.0,FLD-020,West Field,220.65,1.2,7.5,Routine,1091.58,None,0.7,High
LOG-03270,2023-10-07,EQ-063,Tractor,2017-10-12,FARM-04,OP-010,Robert Anderson,8.0,FLD-019,North Field,158.9,,27.8,None,0.0,None,0.63,Medium
LOG-00677,2024-06-03,EQ-037,Sprayer,2017-06-17,FARM-03,OP-002,James Hernandez,11.0,FLD-008,West Field,188.47,8.7,43.3,None,0.0,None,0.39,Medium
LOG-06725,08-06-2023,EQ-067,Harvester,2015-10-04,FARM-01,,James Hernandez,9.0,FLD-007,Golden Field,346.56,10.9,43.0,None,0.0,None,0.28,Low
LOG-05211,2023-07-26,EQ-023,Harvester,2022-07-08,FARM-05,OP-017,Emily Lopez,18.0,FLD-013,Valley Field,169.83,11.5,82.4,None,0.0,None,0.71,High
LOG-03414,2023-11-15,EQ-044,Sprayer,2023-08-15,FARM-06,OP-016,David Jones,4.0,,East Field,311.6,8.2,41.9,None,0.0,None,0.94,High
LOG-04329,"November 19, 2022",EQ-015,Tractor,2019-03-31,FARM-02,OP-012,Daniel Wilson,18.0,FLD-018,River Field,208.98,5.4,39.3,None,0.0,None,0.29,Low
LOG-01421,03-12-2022,EQ-096,Tractor,2022-07-28,FARM-04,OP-047,Charles Hernandez,18.0,FLD-005,North Field,,6.8,48.6,Routine,653.64,None,0.16,Low
LOG-04254,2023-07-24,EQ-056,Tractor,2023-07-13,FARM-09,OP-019,James Lopez,11.0,FLD-016,Valley Field,341.89,2.6,18.4,None,0.0,None,0.84,High
LOG-00382,,EQ-028,Tractor,2017-07-27,FARM-01,OP-027,Emily Johnson,5.0,FLD-016,Valley Field,341.89,10.5,74.6,None,0.0,None,0.17,Low
LOG-06049,2024-10-26,EQ-041,Planter,2019-04-13,FARM-10,OP-010,Robert Anderson,8.0,FLD-020,West Field,220.65,1.6,12.8,None,0.0,None,0.2,Low
LOG-06756,2022-07-29,EQ-074,Sprayer,2019-10-01,FARM-07,OP-008,James Rodriguez,9.0,FLD-009,South Field,474.95,10.5,67.0,Repair,1425.39,Hydraulics,0.4,Medium
LOG-01159,2024-05-23,EQ-009,Sprayer,2015-01-27,FARM-03,OP-010,Robert Anderson,8.0,FLD-003,Golden Field,66.67,3.7,27.9,None,0.0,None,0.11,Low
LOG-03286,2024-10-08,EQ-044,Sprayer,2023-08-15,FARM-06,OP-005,Daniel Garcia,3.0,FLD-014,River Field,281.66,11.4,51.9,Routine,528.4,None,0.61,Medium
LOG-05462,2023-12-20,EQ-060,Harvester,2022-12-30,FARM-05,OP-004,David Hernandez,10.0,FLD-001,Sunny Field,222.94,2.3,8.3,None,0.0,None,0.51,Medium
LOG-04619,"April 06, 2022",EQ-005,Tractor,2015-05-03,FARM-02,OP-017,Emily Lopez,18.0,FLD-002,Hill Field,223.83,7.9,49.6,None,0.0,None,0.52,Medium
LOG-00737,2023-04-16,EQ-082,Tractor,,FARM-09,OP-040,Charles Wilson,2.0,FLD-006,North Field,264.76,2.0,14.6,None,0.0,None,0.99,High
LOG-02324,2023-11-12,EQ-028,Tractor,2017-07-27,FARM-01,OP-035,Sarah Wilson,6.0,FLD-012,River Field,258.49,7.1,24.2,None,0.0,None,0.32,Medium
LOG-00170,2023-09-02,EQ-062,Planter,,FARM-08,OP-016,David Jones,4.0,FLD-013,Valley Field,169.83,6.0,38.7,Inspection,652.65,None,0.47,Medium
LOG-02652,2023-04-30,EQ-080,Harvester,2018-02-14,,OP-006,John Davis,20.0,,South Field,362.68,1.1,6.0,None,0.0,None,0.62,Medium
LOG-00684,2022-10-18,EQ-075,Planter,2023-03-06,FARM-01,OP-031,Alice Anderson,12.0,FLD-003,,66.67,9.0,50.7,None,0.0,None,0.75,High
LOG-00743,2022-02-19,EQ-059,Planter,2017-05-17,,OP-037,John Williams,11.0,FLD-019,North Field,158.9,11.7,62.2,Repair,1069.55,Belt,0.78,High
LOG-02133,2024-12-19,EQ-018,Tractor,2015-07-07,FARM-04,OP-047,Charles Hernandez,18.0,FLD-011,South Field,362.68,9.4,72.0,Inspection,953.31,None,0.73,High
LOG-01176,2023-12-17,EQ-018,Tractor,2015-07-07,FARM-04,OP-008,James Rodriguez,9.0,FLD-002,Hill Field,223.83,5.0,36.2,None,0.0,None,0.15,Low
LOG-00394,2022-10-14,EQ-077,Sprayer,2023-12-24,FARM-02,OP-026,Grace Rodriguez,1.0,FLD-011,South Field,362.68,8.9,,None,0.0,None,0.26,Low
LOG-00971,2023-11-10,EQ-089,Planter,2016-09-26,,OP-030,Alice Jones,12.0,FLD-020,West Field,220.65,10.4,60.6,None,0.0,None,0.3,Medium
LOG-05608,2022-01-27,EQ-095,Tractor,2017-01-31,FARM-02,OP-002,James Hernandez,11.0,FLD-011,South Field,362.68,10.3,76.3,None,0.0,None,0.04,Low
LOG-05403,2024-09-05,EQ-046,Harvester,2020-02-02,FARM-01,OP-042,Daniel Garcia,10.0,FLD-020,West Field,220.65,5.5,20.2,None,0.0,None,0.82,
LOG-03995,2022-12-22,EQ-037,Sprayer,2017-06-17,FARM-03,OP-006,John Davis,20.0,FLD-010,Hill Field,315.35,7.9,58.9,None,0.0,None,0.79,High
LOG-04919,2024-06-11,EQ-084,Harvester,2019-07-23,FARM-08,OP-003,Sarah Jones,13.0,FLD-007,Golden Field,,7.8,38.6,None,0.0,None,0.32,Medium
LOG-01380,2023-04-20,EQ-034,Harvester,2023-05-10,FARM-09,OP-039,Michael Williams,4.0,FLD-004,Sunny Field,103.14,8.3,30.8,None,0.0,None,0.83,High
LOG-05595,2023-01-20,EQ-071,Plntr,2017-09-22,,OP-008,James Rodriguez,9.0,FLD-015,West Field,216.02,7.7,31.2,None,0.0,None,0.74,High
LOG-05156,2023-11-16,EQ-095,Tractor,2017-01-31,FARM-02,,Emily Lopez,18.0,FLD-002,Hill Field,223.83,9.4,56.6,None,0.0,None,0.36,Medium
LOG-04366,2022-07-21,EQ-084,Harvester,2019-07-23,FARM-08,OP-002,James Hernandez,11.0,FLD-004,Sunny Field,103.14,3.1,17.3,None,0.0,None,0.22,Low
LOG-00180,2023/02/12,EQ-072,Planter,2017-02-18,FARM-02,OP-024,,5.0,FLD-005,North Field,357.3,7.6,38.1,Routine,106.43,None,0.71,High
LOG-02580,2022-09-12,EQ-034,Harvester,2023-05-10,,OP-003,Sarah Jones,13.0,FLD-012,River Field,258.49,1.4,8.9,None,0.0,None,0.14,Low
LOG-06570,2022-06-29,,Tractor,2022-05-23,FARM-07,OP-020,James Hernandez,9.0,FLD-020,West Field,220.65,8.2,59.7,None,0.0,None,0.64,Medium
LOG-01684,2022-09-25,EQ-041,Planter,2019-04-13,FARM-10,OP-030,Alice Jones,12.0,FLD-008,West Field,188.47,9.4,51.1,None,0.0,None,0.76,High
LOG-01567,2024-06-08,EQ-047,Sprayer,2020-08-12,FARM-03,OP-020,James Hernandez,9.0,FLD-003,Golden Field,66.67,11.4,71.4,None,0.0,None,0.7,High
LOG-01990,2022-03-18,EQ-008,Planter,2017-06-21,FARM-08,OP-044,James Miller,11.0,FLD-011,South Field,362.68,4.2,26.0,None,0.0,None,0.3,Medium
LOG-05446,01-12-2022,EQ-016,Sprayer,2022-01-18,FARM-10,OP-010,Robert Anderson,8.0,FLD-017,East Field,311.6,1.8,,Routine,620.5,None,0.63,Medium
LOG-01109,06-05-2024,EQ-032,Planter,2022-03-18,FARM-08,OP-044,James Miller,11.0,FLD-020,West Field,220.65,8.8,34.5,None,0.0,None,0.79,High
LOG-03128,2023/05/08,EQ-069,Harvester,2018-02-14,FARM-08,OP-019,,11.0,FLD-006,North Field,264.76,9.2,69.0,Inspection,487.15,None,0.01,Low
LOG-06528,2024-05-06,EQ-085,,2017-05-25,FARM-07,OP-027,Emily Johnson,5.0,FLD-011,South Field,362.68,7.8,59.3,None,,None,0.22,Low
LOG-04535,2023-05-05,EQ-070,Harvester,2021-01-17,FARM-03,OP-045,Michael Wilson,3.0,,Golden Field,346.56,3.7,11.5,Routine,1386.58,None,0.79,High
LOG-04817,2023-02-19,EQ-097,Planter,2016-05-06,FARM-10,OP-035,Sarah Wilson,6.0,FLD-001,Sunny Field,222.94,6.5,26.3,Routine,895.19,None,0.26,Low
LOG-01955,2022-06-23,EQ-088,Planter,2018-03-14,FARM-07,OP-027,Emily Johnson,5.0,FLD-004,Sunny Field,103.14,9.4,38.2,Inspection,207.24,None,0.23,Low
LOG-00169,2022-03-04,EQ-099,Tractor,2021-12-11,FARM-02,OP-037,John Williams,11.0,FLD-014,River Field,281.66,6.5,39.9,None,0.0,None,0.95,High
LOG-01415,04-10-2023,EQ-063,Tractor,2017-10-12,FARM-04,OP-035,Sarah Wilson,6.0,FLD-016,Valley Field,341.89,11.6,48.5,None,0.0,None,0.48,Medium
LOG-06319,2023-07-13,EQ-087,Tractor,2019-05-19,FARM-05,OP-019,James Lopez,11.0,FLD-012,River Field,258.49,2.8,8.6,None,0.0,,0.03,Low
LOG-00707,2022-08-06,EQ-099,Tractor,,FARM-02,OP-028,Alice Wilson,12.0,FLD-007,,,11.0,72.3,Repair,155.73,None,0.72,High
LOG-01672,2023-08-02,EQ-061,Planter,2022-07-14,FARM-06,OP-037,John Williams,11.0,FLD-013,Valley Field,169.83,8.5,41.9,None,0.0,None,0.24,
LOG-04202,2022-03-03,EQ-083,Tractor,2016-01-18,FARM-04,OP-024,William Gonzalez,5.0,FLD-004,Sunny Field,103.14,10.0,43.4,,0.0,None,0.96,High
LOG-04527,29-03-2024,EQ-063,Tractor,2017-10-12,FARM-04,OP-043,Sarah Brown,1.0,FLD-015,West Field,216.02,11.3,80.0,None,0.0,None,0.39,Medium
LOG-05565,2023-02-28,EQ-045,Tractor,2018-04-17,,OP-015,Laura Anderson,4.0,FLD-008,West Field,188.47,,17.8,None,,None,0.19,Low
LOG-03196,2024-11-08,EQ-032,Planter,2022-03-18,FARM-08,OP-038,Grace Gonzalez,8.0,FLD-019,North Field,158.9,2.8,10.6,None,0.0,None,0.15,Low
LOG-01730,2024-08-28,EQ-047,,2020-08-12,FARM-03,OP-050,Michael Smith,4.0,FLD-002,Hill Field,223.83,3.7,22.8,None,0.0,None,0.82,High
LOG-06644,2022-08-07,EQ-096,Tractor,2022-07-28,FARM-04,OP-022,Robert Hernandez,14.0,FLD-015,West Field,216.02,7.2,23.4,None,0.0,None,0.62,Medium
LOG-00436,2023-02-06,EQ-053,Sprayer,,FARM-04,OP-007,Emily Johnson,18.0,FLD-009,South Field,474.95,3.1,23.7,None,0.0,None,0.46,Medium
LOG-03575,2024-09-04,EQ-075,Planter,2023-03-06,FARM-01,OP-046,Michael Garcia,17.0,FLD-010,Hill Field,315.35,5.5,19.7,Repair,751.97,None,0.47,Medium
LOG-02760,2024-04-08,EQ-091,Tractor,2023-05-22,FARM-06,,Alice Anderson,12.0,FLD-005,North Field,357.3,9.7,30.0,None,0.0,None,0.4,Medium
LOG-00512,2024-11-22,EQ-005,Tractor,2015-05-03,FARM-02,OP-039,Michael Williams,4.0,FLD-017,East Field,311.6,8.7,52.9,None,0.0,None,0.36,Medium
LOG-01579,24-11-2024,EQ-086,Tractor,2016-11-05,FARM-07,OP-038,Grace Gonzalez,8.0,FLD-017,East Field,311.6,7.3,54.2,None,0.0,None,0.14,Low
LOG-02482,2024-03-05,EQ-041,Planter,2019-04-13,FARM-10,OP-034,Grace Martinez,5.0,FLD-011,South Field,362.68,8.0,35.3,None,0.0,None,0.74,High
LOG-05966,2022-10-15,EQ-042,Planter,2020-12-07,FARM-05,OP-047,Charles Hernandez,18.0,FLD-004,Sunny Field,103.14,5.2,37.5,None,0.0,,0.87,High
LOG-06219,28-08-2024,EQ-027,Harvester,,FARM-06,OP-016,David Jones,4.0,FLD-006,North Field,264.76,2.1,9.4,None,0.0,None,0.95,High
LOG-00812,25-02-2022,EQ-047,Sprayer,2020-08-12,,OP-023,Michael Smith,1.0,FLD-019,North Field,158.9,9.4,57.6,None,0.0,None,0.43,
LOG-01278,2024-05-26,EQ-002,Harvester,2017-07-03,FARM-03,OP-043,Sarah Brown,1.0,FLD-016,Valley Field,341.89,4.7,18.3,None,0.0,None,0.09,Low
LOG-04831,2023/06/20,EQ-068,Sprayer,2015-10-18,FARM-09,OP-016,David Jones,4.0,FLD-003,Golden Field,66.67,9.4,30.6,None,0.0,None,0.4,Medium
LOG-04920,14-01-2023,EQ-090,Sprayer,2017-06-10,FARM-01,OP-023,Michael Smith,1.0,FLD-002,Hill Field,223.83,5.3,17.6,None,0.0,None,0.7,High
LOG-01859,2023-06-07,EQ-020,Tractor,2019-04-06,FARM-05,OP-028,Alice Wilson,12.0,FLD-018,River Field,208.98,11.9,48.2,None,0.0,None,0.17,Low
LOG-01653,2023-01-16,EQ-028,Tractor,2017-07-27,FARM-01,OP-007,Emily Johnson,18.0,FLD-015,,216.02,10.8,70.9,Routine,345.23,None,0.21,Low
LOG-03338,2024-10-05,EQ-002,Harvester,2017-07-03,FARM-03,OP-028,Alice Wilson,12.0,FLD-003,Golden Field,66.67,3.3,23.1,None,0.0,None,0.86,High
LOG-03863,"April 26, 2022",,Harvester,2023-05-10,FARM-09,OP-043,Sarah Brown,1.0,FLD-006,North Field,264.76,4.1,20.6,Repair,1178.91,Belt,0.44,Medium
LOG-01091,2024-03-17,EQ-024,Tractor,2021-10-31,FARM-03,OP-026,Grace Rodriguez,1.0,FLD-001,Sunny Field,222.94,7.1,40.3,None,0.0,None,0.49,
LOG-02418,2023-02-27,EQ-021,Planter,2022-02-16,FARM-06,OP-030,Alice Jones,12.0,FLD-014,River Field,281.66,5.7,23.8,Routine,505.32,None,0.29,Low
LOG-03647,14-07-2023,EQ-076,Tractor,2015-09-06,FARM-07,OP-018,David Jones,10.0,FLD-002,Hill Field,223.83,2.7,20.2,None,0.0,None,0.67,Medium
LOG-03976,2023-04-20,EQ-049,Harvester,2016-09-18,FARM-06,OP-033,Emily Garcia,18.0,FLD-009,South Field,474.95,,22.4,None,0.0,None,0.04,Low
LOG-04255,2023-02-02,EQ-033,Harvester,2017-12-20,FARM-03,OP-030,,12.0,FLD-018,River Field,208.98,9.4,64.2,None,0.0,None,0.6,Medium
LOG-01444,2022-12-21,EQ-089,Planter,2016-09-26,FARM-04,OP-033,Emily Garcia,18.0,FLD-014,River Field,281.66,8.0,57.7,None,0.0,,0.31,Medium
LOG-01633,2023-01-07,EQ-077,Sprayer,2023-12-24,FARM-02,OP-050,Michael Smith,4.0,FLD-006,North Field,264.76,1.3,9.9,None,0.0,None,0.34,Medium
LOG-01376,2023-07-27,EQ-057,Harvester,2016-06-09,FARM-08,OP-012,Daniel Wilson,18.0,FLD-017,East Field,311.6,11.4,39.7,None,0.0,None,0.34,
LOG-06056,2022-07-01,EQ-032,Planter,2022-03-18,FARM-08,OP-045,Michael Wilson,3.0,FLD-006,North Field,264.76,1.4,5.3,None,0.0,None,0.69,Medium
LOG-03807,2024-05-28,EQ-007,Tractor,2021-04-17,FARM-04,OP-030,Alice Jones,12.0,FLD-020,West Field,220.65,5.0,36.4,None,0.0,None,0.75,High
LOG-06329,"December 27, 2023",EQ-002,Harvstr,2017-07-03,FARM-03,OP-011,Sophia Jones,6.0,FLD-008,West Field,188.47,10.0,62.9,,954.67,None,0.86,High
LOG-00081,2024/04/29,,Tractor,2017-09-13,FARM-10,OP-038,Grace Gonzalez,8.0,FLD-005,North Field,357.3,8.2,58.8,None,0.0,None,0.93,High
LOG-03096,2023-10-01,EQ-042,Planter,2020-12-07,FARM-05,OP-012,Daniel Wilson,18.0,FLD-016,,341.89,10.8,32.5,None,0.0,None,0.29,Low
LOG-06486,"May 24, 2022",EQ-064,Tractor,2018-10-16,FARM-01,OP-036,Jessica Anderson,14.0,FLD-016,Valley Field,341.89,6.0,,None,0.0,None,0.68,Medium
LOG-04984,2023-08-19,EQ-029,Sprayr,2019-07-02,FARM-05,OP-037,John Williams,11.0,FLD-011,South Field,362.68,9.6,44.5,None,0.0,None,0.14,Low
LOG-01818,2023-07-23,EQ-007,Tractor,2021-04-17,FARM-04,OP-003,Sarah Jones,13.0,FLD-003,Golden Field,66.67,2.2,12.5,Repair,189.04,Hydraulics,0.68,Medium
LOG-00096,24-06-2022,EQ-061,Planter,2022-07-14,FARM-06,OP-005,Daniel Garcia,3.0,FLD-003,Golden Field,66.67,2.0,7.0,None,0.0,None,0.81,High
LOG-04348,2023/05/20,,Harvester,,FARM-06,OP-049,Michael Williams,19.0,FLD-015,West Field,216.02,8.3,34.4,None,0.0,None,0.9,High
LOG-06390,2022/10/13,EQ-043,Tractor,2022-08-18,FARM-02,OP-008,James Rodriguez,9.0,FLD-003,Golden Field,66.67,7.6,42.6,Routine,1312.21,None,0.95,High
LOG-01892,2023-04-18,EQ-061,Planter,2022-07-14,FARM-06,OP-027,Emily Johnson,5.0,FLD-015,West Field,216.02,11.2,,None,0.0,None,0.27,Low
LOG-06244,2024-03-13,EQ-066,Tractor,2015-10-18,FARM-01,OP-024,William Gonzalez,5.0,FLD-017,East Field,311.6,,54.7,Repair,534.45,Hydraulics,,Medium
LOG-04424,05-08-2022,EQ-076,Tractor,2015-09-06,FARM-07,OP-011,Sophia Jones,6.0,FLD-005,North Field,357.3,9.4,29.7,Routine,1180.46,None,0.68,Medium
LOG-01549,2024-01-12,EQ-060,Harvester,2022-12-30,FARM-05,OP-015,Laura Anderson,4.0,FLD-015,,216.02,4.7,30.0,None,0.0,None,0.26,Low
LOG-04114,2023-07-09,,,2017-05-31,FARM-06,,Robert Anderson,8.0,FLD-019,North Field,158.9,11.1,82.6,None,0.0,None,0.12,Low
LOG-01079,2022-02-14,EQ-039,Tractor,2016-09-18,FARM-03,OP-043,Sarah Brown,1.0,FLD-006,North Field,264.76,7.0,32.8,None,0.0,None,0.98,High
LOG-05521,2023/07/25,,Tractor,2015-07-25,FARM-10,OP-015,Laura Anderson,4.0,FLD-005,North Field,357.3,3.6,23.4,Routine,346.55,None,0.35,Medium
LOG-02909,"December 24, 2024",EQ-098,Harvester,2021-06-29,FARM-10,OP-042,Daniel Garcia,10.0,FLD-017,East Field,311.6,5.4,42.2,None,0.0,None,0.84,High
LOG-05657,2023-01-28,EQ-010,Planter,2018-10-25,FARM-05,OP-035,Sarah Wilson,6.0,FLD-017,East Field,311.6,5.8,26.4,None,0.0,None,0.9,High
LOG-01375,2022-01-16,EQ-066,Tractor,2015-10-18,FARM-01,OP-006,John Davis,20.0,FLD-005,North Field,357.3,7.5,36.4,None,0.0,None,0.38,Medium
LOG-04029,2023-10-02,EQ-070,Harvester,2021-01-17,FARM-03,OP-045,Michael Wilson,3.0,,North Field,158.9,2.6,10.5,None,0.0,None,0.04,Low
LOG-03883,2024-07-20,EQ-067,Harvester,2015-10-04,FARM-01,OP-042,Daniel Garcia,10.0,FLD-020,West Field,220.65,7.5,42.8,None,0.0,None,0.47,Medium
LOG-03806,2024-11-22,EQ-066,Tractor,2015-10-18,FARM-01,OP-014,John Hernandez,18.0,FLD-020,West Field,220.65,4.6,28.2,None,0.0,None,0.57,Medium
LOG-01006,2023-09-28,EQ-021,Planter,2022-02-16,FARM-06,OP-039,Michael Williams,4.0,FLD-019,North Field,158.9,7.5,41.3,None,0.0,None,0.28,Low
LOG-00497,2024/10/29,EQ-003,Tractor,2022-08-03,FARM-09,OP-013,Laura Martinez,17.0,FLD-017,East Field,311.6,8.5,60.6,None,0.0,None,0.18,Low
LOG-00409,2022-02-14,EQ-094,Harvester,2015-08-21,FARM-09,OP-009,David Anderson,12.0,FLD-007,Golden Field,346.56,7.5,28.8,None,0.0,None,0.65,Medium
LOG-01756,2024-06-30,EQ-036,Planter,2021-07-18,FARM-07,OP-001,William Anderson,9.0,FLD-010,Hill Field,315.35,5.2,30.4,Inspection,127.63,None,0.22,Low
LOG-03902,04-06-2024,EQ-021,Planter,2022-02-16,FARM-06,OP-002,James Hernandez,11.0,FLD-007,Golden Field,346.56,11.4,64.0,None,0.0,None,0.13,Low
LOG-03387,2024-01-05,EQ-044,Sprayer,2023-08-15,FARM-06,OP-026,Grace Rodriguez,1.0,FLD-016,Valley Field,341.89,5.6,37.2,Routine,541.12,None,0.54,Medium
LOG-01220,"July 28, 2024",EQ-043,Tractor,2022-08-18,FARM-02,OP-008,James Rodriguez,9.0,,North Field,264.76,5.7,22.1,None,0.0,None,0.54,
LOG-02532,26-04-2022,EQ-028,Tractor,2017-07-27,FARM-01,OP-007,Emily Johnson,18.0,FLD-006,North Field,264.76,1.0,4.2,Repair,318.01,Filter,0.92,High
LOG-01745,2024-03-21,EQ-041,Planter,2019-04-13,FARM-10,OP-021,Chloe Jones,2.0,FLD-013,Valley Field,169.83,1.2,8.2,None,0.0,None,0.67,Medium
LOG-04468,2023-03-04,EQ-004,Tractor,2021-08-15,FARM-07,OP-011,Sophia Jones,6.0,FLD-007,Golden Field,346.56,5.3,33.5,Repair,611.82,Tire,0.41,Medium
LOG-04952,2022-09-03,EQ-088,Planter,2018-03-14,FARM-07,OP-023,Michael Smith,,FLD-016,Valley Field,341.89,9.3,46.1,None,0.0,None,0.85,High
LOG-03427,2024/07/12,EQ-040,Planter,2021-09-08,FARM-02,OP-032,James Hernandez,8.0,FLD-010,Hill Field,315.35,,42.7,None,0.0,None,0.1,Low
LOG-01298,2022-02-26,EQ-054,Tractor,2017-09-13,FARM-10,OP-027,Emily Johnson,5.0,FLD-015,West Field,216.02,11.0,34.5,None,0.0,None,0.1,Low
LOG-02679,2022-09-23,EQ-079,Planter,2016-07-28,FARM-07,,Alice Anderson,12.0,FLD-005,North Field,357.3,10.8,68.9,None,0.0,None,,Medium
LOG-02433,2023-09-04,EQ-009,Sprayer,2015-01-27,FARM-03,OP-017,Emily Lopez,18.0,FLD-012,River Field,258.49,3.1,20.1,None,0.0,None,0.23,Low
LOG-02128,07-02-2023,EQ-066,Tractor,2015-10-18,FARM-01,OP-013,Laura Martinez,17.0,FLD-002,Hill Field,223.83,,64.7,None,0.0,None,0.09,Low
LOG-02358,2024-10-26,EQ-035,Sprayer,2023-05-18,FARM-10,OP-026,Grace Rodriguez,1.0,FLD-013,Valley Field,169.83,5.2,36.6,None,0.0,None,,High
LOG-04268,2024-09-07,EQ-095,Tractor,2017-01-31,FARM-02,OP-009,David Anderson,12.0,FLD-013,Valley Field,169.83,8.2,35.3,None,0.0,None,0.6,Medium
LOG-05062,04-12-2022,EQ-071,Planter,2017-09-22,,OP-050,Michael Smith,4.0,FLD-015,West Field,216.02,,25.4,None,0.0,None,0.71,High
LOG-06765,2023-10-31,EQ-027,Harvester,2022-09-05,FARM-06,OP-035,Sarah Wilson,6.0,FLD-010,Hill Field,315.35,11.7,43.9,Routine,657.16,None,0.87,High
LOG-03419,2023-10-14,EQ-012,Tractor,2016-01-15,FARM-07,OP-036,Jessica Anderson,14.0,FLD-004,Sunny Field,103.14,6.5,43.8,None,0.0,None,0.92,High
LOG-05134,2023-12-26,EQ-073,Tractor,2022-05-23,FARM-07,OP-040,Charles Wilson,2.0,FLD-016,Valley Field,341.89,3.0,23.3,None,0.0,,0.42,Medium
LOG-04435,2022-02-15,EQ-021,Planter,2022-02-16,FARM-06,OP-019,,11.0,FLD-015,West Field,,4.1,23.1,Repair,1405.6,Belt,0.07,Low
LOG-03309,2023-09-28,EQ-008,Planter,2017-06-21,FARM-08,OP-007,Emily Johnson,18.0,FLD-018,River Field,208.98,2.8,8.4,None,0.0,None,0.65,Medium
LOG-06466,21-12-2022,EQ-071,Planter,2017-09-22,FARM-08,,William Anderson,9.0,FLD-017,East Field,311.6,5.2,20.7,Inspection,620.68,None,0.45,Medium
LOG-01408,2022-07-10,EQ-049,,2016-09-18,FARM-06,OP-019,James Lopez,11.0,FLD-014,River Field,281.66,3.4,17.1,None,0.0,None,0.29,Low
LOG-01010,2024-02-27,EQ-094,Harvester,2015-08-21,FARM-09,OP-028,Alice Wilson,12.0,FLD-015,West Field,216.02,11.0,43.1,,0.0,None,0.4,Medium
LOG-06152,2022-11-16,EQ-046,Harvester,2020-02-02,FARM-01,OP-028,Alice Wilson,12.0,FLD-011,South Field,362.68,11.2,56.2,None,0.0,None,0.75,High
LOG-04130,2024-09-11,EQ-013,Tractor,2019-01-10,FARM-06,OP-043,Sarah Brown,1.0,FLD-002,,223.83,10.3,67.6,None,0.0,None,0.26,Low
LOG-06769,2022-04-23,EQ-073,Tractor,2022-05-23,FARM-07,OP-001,William Anderson,9.0,FLD-007,Golden Field,346.56,10.0,73.9,None,0.0,None,0.73,High
LOG-04992,"January 17, 2022",EQ-002,Harvester,2017-07-03,FARM-03,,Sarah Brown,1.0,FLD-017,East Field,,1.0,4.3,None,0.0,None,0.51,Medium
LOG-01738,2024-03-21,EQ-056,Tractor,2023-07-13,FARM-09,OP-042,Daniel Garcia,10.0,,South Field,362.68,3.0,18.2,None,0.0,None,0.64,Medium
LOG-00757,2023-09-20,EQ-039,Tractor,2016-09-18,FARM-03,OP-037,John Williams,11.0,FLD-005,North Field,357.3,2.9,12.5,None,0.0,None,0.96,High
LOG-00713,2024-02-26,EQ-023,Harvester,2022-07-08,FARM-05,OP-036,Jessica Anderson,14.0,FLD-002,Hill Field,223.83,8.3,37.3,None,0.0,None,0.11,Low
LOG-04225,2023-06-21,EQ-080,Harvester,2018-02-14,FARM-08,OP-022,Robert Hernandez,14.0,FLD-010,Hill Field,315.35,9.2,48.5,Repair,1208.85,Filter,0.82,High
LOG-03753,2022-11-08,EQ-046,Harvester,2020-02-02,FARM-01,,John Williams,11.0,FLD-004,Sunny Field,103.14,1.2,8.0,None,0.0,None,0.94,High
LOG-06741,2024-09-07,EQ-083,Tractor,2016-01-18,FARM-04,OP-016,David Jones,4.0,FLD-015,West Field,216.02,11.1,63.8,Inspection,583.3,None,0.47,Medium
LOG-00062,2022-03-15,EQ-049,Harvester,2016-09-18,FARM-06,OP-021,Chloe Jones,2.0,FLD-016,Valley Field,341.89,7.8,32.6,None,0.0,None,0.29,Low
LOG-03996,2022-11-03,EQ-041,Planter,2019-04-13,FARM-10,OP-046,Michael Garcia,17.0,FLD-012,River Field,258.49,9.7,72.1,None,0.0,None,0.21,Low
LOG-01371,2022-09-16,EQ-061,Planter,2022-07-14,FARM-06,OP-048,William Smith,4.0,FLD-004,Sunny Field,103.14,10.6,76.0,Routine,292.06,None,0.08,Low
LOG-06558,2022-10-16,EQ-078,Harvester,2017-02-23,FARM-04,OP-043,Sarah Brown,1.0,FLD-010,Hill Field,315.35,11.6,72.0,Inspection,100.84,None,0.11,Low
LOG-04857,2023-08-23,EQ-071,Planter,2017-09-22,FARM-08,OP-045,Michael Wilson,3.0,FLD-006,North Field,264.76,9.3,54.8,Inspection,1240.0,None,0.19,Low
LOG-02518,2022-11-02,EQ-054,Tractor,2017-09-13,FARM-10,OP-016,David Jones,4.0,FLD-001,Sunny Field,222.94,11.2,58.6,None,0.0,None,0.02,Low
LOG-01331,2022-03-14,EQ-010,Plntr,2018-10-25,FARM-05,OP-037,John Williams,11.0,,West Field,220.65,4.8,16.1,None,0.0,None,0.73,High
LOG-03721,2023-03-16,EQ-081,Harvester,,FARM-08,OP-026,Grace Rodriguez,1.0,FLD-012,River Field,258.49,8.9,58.6,None,0.0,None,0.61,Medium
LOG-00344,2024-10-25,,Tractor,2017-10-12,FARM-04,OP-023,Michael Smith,1.0,FLD-019,North Field,158.9,4.5,19.6,Routine,915.82,None,0.04,Low
LOG-05939,2022-04-22,EQ-033,Harvester,,FARM-03,OP-038,Grace Gonzalez,8.0,FLD-003,Golden Field,66.67,8.2,56.6,Routine,295.85,None,0.2,Low
LOG-03998,2023-03-03,EQ-074,Sprayer,2019-10-01,FARM-07,OP-036,Jessica Anderson,14.0,FLD-004,Sunny Field,103.14,1.5,5.5,None,0.0,None,0.38,Medium
LOG-00843,2023-10-17,EQ-017,,2021-06-22,FARM-04,OP-039,Michael Williams,4.0,FLD-014,River Field,281.66,6.0,44.2,Repair,301.54,None,,High
LOG-03461,"February 17, 2022",EQ-006,Harvester,2017-08-10,FARM-09,OP-046,Michael Garcia,17.0,FLD-019,North Field,158.9,3.8,13.0,None,0.0,None,0.72,High
LOG-00020,02-12-2022,EQ-096,Tractor,2022-07-28,FARM-04,OP-046,Michael Garcia,17.0,FLD-004,Sunny Field,103.14,-11.6,41.1,Routine,502.34,None,0.67,Medium
LOG-06217,2023-04-22,EQ-088,Planter,2018-03-14,FARM-07,OP-037,John Williams,11.0,FLD-001,Sunny Field,222.94,3.8,15.3,,0.0,,0.11,Low
LOG-03308,2022/04/10,EQ-058,Harvester,2017-12-21,FARM-09,OP-012,Daniel Wilson,18.0,FLD-003,Golden Field,66.67,10.6,48.4,None,0.0,None,0.29,Low
LOG-01222,2022-02-03,EQ-012,Tractor,2016-01-15,FARM-07,OP-007,Emily Johnson,18.0,FLD-003,Golden Field,66.67,7.8,39.4,None,0.0,None,0.75,High
LOG-01104,2022-07-20,EQ-029,Sprayer,2019-07-02,FARM-05,OP-018,David Jones,10.0,FLD-001,Sunny Field,,5.1,40.0,None,0.0,None,0.11,Low
LOG-04997,2024-09-18,EQ-048,Tractor,2022-01-05,FARM-05,OP-044,James Miller,11.0,FLD-015,West Field,216.02,6.5,26.4,None,0.0,None,0.78,High
LOG-04020,2023-06-08,EQ-028,Tractor,2017-07-27,FARM-01,OP-009,,12.0,FLD-013,Valley Field,169.83,4.8,37.3,None,0.0,None,0.44,Medium
LOG-01303,2022-10-23,EQ-090,Sprayer,2017-06-10,FARM-01,OP-014,John Hernandez,,FLD-017,East Field,311.6,7.2,56.4,Repair,1347.83,Hydraulics,0.85,High
LOG-03571,2023-11-14,EQ-093,Planter,2020-08-21,FARM-09,OP-047,Charles Hernandez,18.0,FLD-015,West Field,216.02,11.0,87.1,None,0.0,None,0.27,Low
LOG-00643,2023-06-06,EQ-082,Tractor,2015-07-27,FARM-09,OP-013,Laura Martinez,17.0,,Hill Field,315.35,9.7,44.0,None,0.0,None,0.33,Medium
LOG-06123,"May 25, 2024",EQ-004,Tractor,2021-08-15,FARM-07,OP-043,Sarah Brown,1.0,FLD-005,North Field,357.3,,7.2,None,0.0,None,0.62,Medium
LOG-06161,2022-04-30,EQ-096,Tractor,2022-07-28,FARM-04,OP-003,Sarah Jones,13.0,FLD-010,Hill Field,315.35,11.4,57.7,None,0.0,None,0.19,Low
LOG-00853,2023-04-26,EQ-008,Planter,2017-06-21,FARM-08,OP-004,David Hernandez,10.0,,South Field,362.68,6.2,29.6,None,0.0,None,0.67,Medium
LOG-05065,2023-03-21,,Sprayer,2015-11-23,FARM-04,,Alice Wilson,12.0,FLD-017,East Field,,10.6,81.9,Routine,707.49,None,0.69,Medium
LOG-01164,2023-08-31,EQ-003,Tractor,2022-08-03,FARM-09,OP-003,Sarah Jones,13.0,,Sunny Field,,2.1,15.6,None,0.0,None,0.01,Low
LOG-00801,2024-10-19,EQ-016,Sprayer,2022-01-18,FARM-10,OP-015,Laura Anderson,4.0,,River Field,281.66,4.1,26.9,None,0.0,None,0.28,Low
LOG-05438,2023-05-23,EQ-079,Planter,2016-07-28,FARM-07,OP-033,Emily Garcia,18.0,FLD-006,North Field,264.76,1.7,10.5,Repair,236.58,Belt,0.43,Medium
LOG-03803,2022-03-30,EQ-040,Planter,2021-09-08,FARM-02,OP-018,David Jones,10.0,FLD-004,Sunny Field,103.14,6.0,35.4,None,0.0,None,0.74,High
LOG-04354,2023-03-24,EQ-035,Sprayer,2023-05-18,,OP-008,James Rodriguez,9.0,FLD-007,Golden Field,346.56,8.4,43.5,None,0.0,None,0.8,High
LOG-04982,,EQ-083,Tractor,2016-01-18,FARM-04,OP-031,Alice Anderson,12.0,FLD-019,North Field,158.9,5.5,43.6,None,0.0,None,0.52,Medium
LOG-01374,11-06-2024,EQ-058,Harvester,2017-12-21,FARM-09,OP-027,Emily Johnson,5.0,FLD-015,West Field,216.02,4.2,22.6,Repair,316.0,,0.59,Medium
LOG-00938,2022-09-15,EQ-013,Tractor,2019-01-10,FARM-06,OP-016,David Jones,,FLD-018,River Field,208.98,4.4,22.1,Routine,971.91,None,0.21,Low
LOG-02240,2022-05-05,EQ-098,Harvester,2021-06-29,FARM-10,OP-045,Michael Wilson,3.0,FLD-020,West Field,220.65,4.4,34.9,None,0.0,None,0.7,
LOG-00248,2024-02-26,EQ-087,Tractor,2019-05-19,FARM-05,,Sarah Wilson,6.0,FLD-011,South Field,362.68,9.3,34.4,None,0.0,None,0.72,High
LOG-01098,2023/03/17,EQ-025,Harvester,2016-10-31,FARM-08,OP-010,Robert Anderson,8.0,,Hill Field,315.35,11.5,69.1,None,0.0,None,0.36,Medium
LOG-05604,2023-12-16,EQ-073,Tractor,2022-05-23,FARM-07,OP-034,Grace Martinez,5.0,FLD-002,Hill Field,,3.0,21.8,None,0.0,None,0.77,High
LOG-05627,2024-02-04,,Tractor,2017-01-31,FARM-02,OP-007,Emily Johnson,18.0,FLD-013,Valley Field,169.83,10.9,33.2,None,0.0,None,0.06,Low
LOG-05693,,EQ-089,Planter,2016-09-26,FARM-04,OP-016,David Jones,4.0,FLD-011,South Field,362.68,9.2,69.0,None,0.0,None,0.06,Low
LOG-03347,2023-04-26,EQ-044,Sprayer,2023-08-15,FARM-06,OP-045,Michael Wilson,3.0,FLD-014,River Field,281.66,8.5,64.5,None,0.0,None,0.82,High
LOG-05963,2022-06-20,EQ-029,Sprayer,2019-07-02,FARM-05,OP-041,Chloe Brown,7.0,FLD-012,River Field,258.49,8.9,65.0,None,0.0,None,0.74,High
LOG-06077,2022-02-21,EQ-082,Tractor,2015-07-27,FARM-09,OP-014,,18.0,FLD-013,Valley Field,169.83,10.9,86.7,None,0.0,None,0.98,
LOG-02312,2023-01-18,EQ-024,Tractor,2021-10-31,FARM-03,OP-038,Grace Gonzalez,8.0,FLD-002,Hill Field,223.83,,48.7,None,0.0,None,0.22,Low
LOG-01790,2022-08-26,EQ-064,Tractor,2018-10-16,FARM-01,OP-015,Laura Anderson,4.0,FLD-015,West Field,216.02,2.1,7.8,None,0.0,None,0.94,High
LOG-01554,2024-06-01,EQ-025,Harvester,2016-10-31,FARM-08,OP-049,Michael Williams,19.0,FLD-003,Golden Field,66.67,10.0,53.3,None,0.0,None,0.98,High
LOG-00544,01-01-2024,EQ-022,Harvester,2019-02-25,FARM-06,OP-002,James Hernandez,11.0,FLD-002,Hill Field,223.83,10.5,48.6,None,0.0,None,0.97,High
LOG-04111,2024-01-08,EQ-099,Tractor,2021-12-11,FARM-02,OP-010,Robert Anderson,8.0,FLD-001,Sunny Field,222.94,11.0,82.3,None,0.0,None,0.76,
LOG-04958,2023-05-30,EQ-100,Planter,2022-05-16,FARM-10,OP-024,William Gonzalez,5.0,FLD-016,Valley Field,341.89,4.5,22.4,None,0.0,,0.02,Low
LOG-05341,2024-01-13,EQ-076,Tractor,2015-09-06,FARM-07,OP-010,Robert Anderson,,FLD-004,Sunny Field,103.14,2.7,21.0,None,0.0,None,0.62,Medium
LOG-00473,2022/05/30,EQ-097,Planter,2016-05-06,FARM-10,OP-036,Jessica Anderson,14.0,FLD-015,West Field,216.02,4.2,14.0,Routine,,None,0.49,Medium
LOG-00229,2022/08/29,EQ-002,Harvester,2017-07-03,FARM-03,OP-014,John Hernandez,18.0,FLD-007,Golden Field,346.56,9.2,62.3,None,0.0,None,0.69,Medium
LOG-03822,2022-02-24,EQ-070,Harvester,2021-01-17,FARM-03,OP-042,Daniel Garcia,10.0,,West Field,188.47,,22.4,None,0.0,None,0.69,Medium
LOG-05334,2023-03-27,EQ-069,Harvester,2018-02-14,FARM-08,OP-005,Daniel Garcia,3.0,FLD-009,South Field,474.95,5.7,,Inspection,1401.23,None,0.59,Medium
LOG-03529,2023-09-27,EQ-040,Planter,2021-09-08,FARM-02,OP-011,Sophia Jones,6.0,FLD-016,Valley Field,341.89,11.7,48.4,None,0.0,None,0.67,Medium
LOG-05071,2023-02-23,EQ-072,Planter,2017-02-18,FARM-02,,Emily Lopez,18.0,FLD-017,East Field,311.6,11.8,,None,0.0,None,0.52,Medium
LOG-03251,2023-07-07,EQ-078,Harvester,2017-02-23,FARM-04,OP-012,Daniel Wilson,18.0,FLD-009,South Field,474.95,7.5,46.4,None,0.0,None,0.45,Medium
LOG-01806,2023-11-01,,Sprayer,2023-08-15,FARM-06,OP-020,James Hernandez,9.0,FLD-018,River Field,208.98,11.1,80.8,None,0.0,None,0.49,Medium
LOG-01874,2022-01-01,EQ-075,Planter,2023-03-06,FARM-01,OP-006,John Davis,20.0,FLD-002,,223.83,10.0,39.6,Inspection,616.75,None,0.98,High
LOG-04335,,EQ-043,Tractor,2022-08-18,FARM-02,OP-032,James Hernandez,8.0,FLD-012,River Field,258.49,10.4,38.5,None,0.0,None,0.16,Low
LOG-03150,2024-09-03,EQ-090,Sprayer,2017-06-10,FARM-01,OP-042,Daniel Garcia,10.0,FLD-011,South Field,362.68,7.0,35.2,Routine,1095.97,None,,Low
LOG-04657,2023-03-10,EQ-044,Sprayer,2023-08-15,FARM-06,OP-012,Daniel Wilson,18.0,FLD-014,River Field,281.66,5.4,37.8,None,0.0,None,0.42,Medium
LOG-02917,2023-01-18,EQ-051,Tractor,2021-09-19,FARM-06,OP-030,Alice Jones,12.0,FLD-013,Valley Field,169.83,3.8,,None,,None,0.62,Medium
LOG-03627,2022-06-23,EQ-030,Tractor,2017-05-14,FARM-10,OP-004,David Hernandez,10.0,FLD-020,West Field,220.65,8.9,38.6,None,0.0,None,0.97,High
LOG-02535,2023-09-18,EQ-042,Planter,2020-12-07,FARM-05,OP-011,Sophia Jones,6.0,FLD-006,North Field,264.76,2.9,20.9,Repair,1295.87,Filter,0.41,Medium
LOG-04321,2024-10-19,EQ-066,Tractor,2015-10-18,FARM-01,OP-029,David Miller,5.0,FLD-010,Hill Field,315.35,6.0,25.2,None,0.0,None,0.61,Medium
LOG-03594,2022-02-26,EQ-058,Harvester,2017-12-21,FARM-09,OP-035,Sarah Wilson,6.0,FLD-013,Valley Field,169.83,8.5,27.3,None,0.0,,0.94,High
LOG-01671,2022-09-03,EQ-050,Harvester,2021-01-18,FARM-09,OP-050,Michael Smith,4.0,FLD-019,North Field,158.9,10.4,70.8,Routine,841.09,None,0.03,Low
LOG-04562,2023-03-21,EQ-044,Sprayer,2023-08-15,FARM-06,OP-044,James Miller,11.0,FLD-008,West Field,188.47,9.8,57.7,None,0.0,None,0.61,Medium
LOG-05447,2022-06-11,EQ-013,Tractor,2019-01-10,FARM-06,OP-043,Sarah Brown,1.0,FLD-017,East Field,311.6,4.5,19.4,None,0.0,None,0.55,Medium
LOG-05319,,EQ-009,Sprayer,2015-01-27,FARM-03,OP-036,Jessica Anderson,14.0,FLD-001,Sunny Field,222.94,11.5,54.0,Routine,507.95,None,0.25,Low
LOG-06327,,EQ-017,Sprayer,2021-06-22,FARM-04,OP-009,,12.0,FLD-014,River Field,281.66,10.0,49.4,None,0.0,None,0.88,High
LOG-00032,2023-01-15,EQ-025,Harvester,2016-10-31,FARM-08,OP-021,Chloe Jones,2.0,FLD-004,Sunny Field,103.14,3.1,20.7,None,0.0,None,0.59,Medium
LOG-00765,2023-09-23,EQ-087,Tractor,2019-05-19,FARM-05,OP-036,Jessica Anderson,14.0,FLD-004,Sunny Field,103.14,1.3,7.9,None,0.0,None,0.36,Medium
LOG-00961,2022-05-05,EQ-075,Planter,2023-03-06,FARM-01,OP-008,James Rodriguez,9.0,FLD-003,Golden Field,,11.1,54.2,None,0.0,None,0.69,Medium
LOG-01966,2022-02-19,EQ-098,Harvester,2021-06-29,FARM-10,OP-001,William Anderson,9.0,FLD-001,Sunny Field,222.94,10.5,69.5,Routine,289.14,None,,High
LOG-00539,2023/10/05,EQ-021,,2022-02-16,FARM-06,OP-022,Robert Hernandez,14.0,FLD-008,West Field,188.47,4.5,20.1,None,0.0,None,0.64,Medium
LOG-02891,2022-06-29,EQ-017,Sprayer,2021-06-22,FARM-04,OP-047,Charles Hernandez,18.0,FLD-017,East Field,311.6,8.1,41.7,,0.0,None,0.62,Medium
LOG-01085,2024-06-07,EQ-084,Harvester,2019-07-23,FARM-08,OP-022,Robert Hernandez,14.0,FLD-019,North Field,158.9,11.7,71.8,None,0.0,None,0.04,Low
LOG-01600,2022-12-11,EQ-081,Harvester,2015-11-05,FARM-08,OP-030,Alice Jones,12.0,FLD-014,,281.66,10.6,68.4,None,0.0,None,0.75,High
LOG-03186,2024-02-28,EQ-009,Sprayer,2015-01-27,FARM-03,OP-023,Michael Smith,1.0,,Valley Field,169.83,10.8,50.8,None,0.0,None,0.83,High
LOG-02576,2023-01-08,EQ-031,Sprayer,2017-05-20,FARM-08,OP-031,Alice Anderson,12.0,FLD-016,Valley Field,341.89,6.0,43.7,None,0.0,None,0.42,Medium
LOG-06519,"May 09, 2022",EQ-055,Tractor,2015-12-17,,OP-043,Sarah Brown,1.0,FLD-012,River Field,258.49,2.0,11.2,Repair,684.08,Tire,0.62,Medium
LOG-04033,2022-08-21,EQ-076,Tractor,2015-09-06,FARM-07,OP-034,Grace Martinez,5.0,FLD-012,River Field,258.49,,32.2,None,0.0,None,0.54,Medium
LOG-02465,2024-08-09,EQ-043,Tractor,2022-08-18,FARM-02,,William Anderson,9.0,FLD-009,South Field,474.95,1.2,4.6,None,0.0,None,0.61,Medium
LOG-06598,2024-12-07,EQ-098,Harvester,,FARM-10,,Robert Anderson,8.0,FLD-013,Valley Field,169.83,4.6,14.1,Repair,1396.69,Hydraulics,0.3,Medium
LOG-00018,2022-03-05,EQ-084,Harvester,2019-07-23,FARM-08,OP-005,Daniel Garcia,3.0,FLD-002,Hill Field,223.83,11.4,45.6,Routine,270.95,None,0.13,Low
LOG-00097,2023-11-07,EQ-072,Planter,2017-02-18,FARM-02,OP-004,David Hernandez,10.0,FLD-019,North Field,158.9,8.4,42.5,None,0.0,None,0.93,High
LOG-06514,2022-09-14,EQ-057,Harvester,2016-06-09,FARM-08,OP-044,James Miller,,FLD-011,South Field,362.68,2.4,8.8,None,0.0,None,0.09,Low
LOG-04349,2024-08-25,,Harvester,2018-02-14,FARM-08,OP-022,Robert Hernandez,14.0,FLD-009,South Field,474.95,8.5,56.1,Routine,123.55,None,0.79,High
LOG-01927,"April 18, 2023",EQ-032,Planter,2022-03-18,FARM-08,OP-009,David Anderson,12.0,FLD-002,Hill Field,223.83,12.0,80.7,None,0.0,None,0.68,Medium
LOG-00157,2023-08-08,EQ-058,Harvester,2017-12-21,FARM-09,OP-014,John Hernandez,18.0,FLD-020,West Field,,8.6,68.7,None,0.0,None,0.14,Low
LOG-03102,2023-04-01,EQ-084,Harvester,2019-07-23,FARM-08,OP-018,David Jones,10.0,,Sunny Field,103.14,1.1,7.8,,0.0,None,0.95,High
LOG-02485,2024-12-25,EQ-021,Planter,2022-02-16,FARM-06,OP-040,Charles Wilson,2.0,FLD-009,South Field,474.95,3.4,26.7,None,0.0,None,0.49,Medium
LOG-01923,2023-03-09,EQ-031,Sprayer,2017-05-20,FARM-08,OP-004,David Hernandez,10.0,FLD-014,River Field,281.66,7.7,38.1,,0.0,None,0.3,Medium
LOG-05552,2023-06-20,EQ-099,Tractor,2021-12-11,FARM-02,OP-025,Michael Williams,15.0,,East Field,311.6,2.9,,None,0.0,None,0.95,High
LOG-00320,2022-11-04,EQ-061,Planter,,FARM-06,OP-024,William Gonzalez,5.0,FLD-013,Valley Field,169.83,3.0,23.4,Routine,1214.52,None,0.71,High
LOG-06349,2022-09-19,EQ-050,,2021-01-18,FARM-09,OP-010,Robert Anderson,8.0,FLD-019,North Field,158.9,2.3,14.9,None,0.0,None,0.34,Medium
LOG-06505,2022/10/31,EQ-003,Tractor,2022-08-03,FARM-09,OP-033,Emily Garcia,,FLD-012,,,5.7,44.1,None,0.0,None,0.61,Medium
LOG-05279,2023-07-13,EQ-008,Planter,2017-06-21,FARM-08,OP-046,Michael Garcia,17.0,FLD-018,River Field,208.98,10.3,75.4,None,0.0,None,0.64,Medium
LOG-01035,"April 17, 2022",EQ-063,Tractor,2017-10-12,FARM-04,OP-005,Daniel Garcia,3.0,FLD-007,,346.56,8.0,29.7,None,0.0,None,0.1,Low
LOG-00322,2024-10-25,EQ-074,Sprayer,2019-10-01,FARM-07,OP-024,William Gonzalez,5.0,FLD-004,Sunny Field,103.14,8.4,27.4,None,0.0,None,0.52,Medium
LOG-01316,2022-09-23,EQ-085,Planter,2017-05-25,FARM-07,OP-034,Grace Martinez,5.0,FLD-009,South Field,474.95,8.7,51.7,None,0.0,None,0.58,Medium
LOG-00426,2024-06-05,EQ-090,Sprayr,2017-06-10,FARM-01,OP-040,Charles Wilson,2.0,FLD-004,Sunny Field,103.14,8.3,35.2,None,,None,0.67,Medium
LOG-01887,2024-05-05,EQ-026,Planter,2018-01-10,FARM-09,,Charles Hernandez,18.0,FLD-006,North Field,264.76,1.4,4.3,None,0.0,None,0.35,Medium
LOG-05261,,EQ-070,,2021-01-17,FARM-03,OP-017,Emily Lopez,18.0,FLD-013,Valley Field,169.83,10.7,74.7,Inspection,1135.73,None,0.56,Medium
LOG-04615,12-03-2023,EQ-060,Harvester,2022-12-30,FARM-05,OP-025,Michael Williams,15.0,FLD-011,South Field,362.68,10.0,38.7,None,0.0,None,0.31,Medium
LOG-03451,2022-09-15,EQ-019,Sprayer,2015-11-23,FARM-04,OP-027,Emily Johnson,5.0,FLD-017,East Field,311.6,2.7,9.2,None,0.0,None,0.36,Medium
LOG-04697,"November 20, 2022",EQ-063,Tractor,2017-10-12,FARM-04,OP-021,Chloe Jones,2.0,FLD-006,North Field,264.76,10.4,61.8,None,0.0,None,0.18,Low
LOG-03169,2023-02-06,EQ-001,Tractor,2015-04-13,FARM-05,OP-012,Daniel Wilson,18.0,FLD-005,North Field,357.3,4.2,23.0,None,0.0,None,0.85,High
LOG-01468,2022-06-08,EQ-079,Planter,2016-07-28,FARM-07,OP-039,Michael Williams,4.0,FLD-013,Valley Field,169.83,8.1,29.9,Inspection,356.29,None,0.44,Medium
LOG-00448,2024-07-15,EQ-070,Harvester,2021-01-17,FARM-03,OP-003,Sarah Jones,13.0,FLD-012,River Field,258.49,2.1,15.4,None,0.0,None,0.86,High
LOG-01871,2022-11-04,EQ-011,Harvester,,FARM-06,OP-048,William Smith,,FLD-001,Sunny Field,222.94,6.9,37.7,Routine,1456.59,None,0.8,
LOG-06513,2024-01-12,EQ-068,Sprayer,2015-10-18,FARM-09,,Daniel Garcia,3.0,FLD-015,West Field,216.02,6.0,40.3,,96.38,None,0.43,Medium
LOG-03264,2024-10-09,EQ-081,,2015-11-05,FARM-08,OP-011,Sophia Jones,6.0,FLD-014,River Field,281.66,3.4,26.8,None,0.0,None,0.52,Medium
LOG-03758,2023-06-06,EQ-073,Tractor,2022-05-23,FARM-07,OP-042,Daniel Garcia,10.0,FLD-005,North Field,357.3,8.9,38.7,Routine,143.37,None,0.67,Medium
LOG-01394,"December 13, 2023",EQ-060,Harvester,2022-12-30,FARM-05,OP-021,Chloe Jones,2.0,FLD-004,Sunny Field,103.14,8.7,56.8,None,,None,0.48,Medium
LOG-03922,2022-06-05,EQ-080,Harvester,2018-02-14,FARM-08,OP-004,David Hernandez,10.0,FLD-011,South Field,362.68,1.4,8.9,None,0.0,None,,Medium
LOG-06258,2022/03/27,EQ-053,,2018-06-13,FARM-04,OP-007,Emily Johnson,18.0,FLD-012,River Field,258.49,4.0,26.2,Routine,122.31,None,0.16,Low
LOG-01424,2023-08-06,EQ-002,Harvester,2017-07-03,FARM-03,OP-013,Laura Martinez,17.0,FLD-009,South Field,474.95,10.0,73.4,None,0.0,None,0.31,Medium
LOG-01534,"April 20, 2023",EQ-024,Tractor,2021-10-31,FARM-03,OP-013,Laura Martinez,17.0,FLD-004,Sunny Field,103.14,3.3,18.2,None,0.0,None,0.53,Medium
LOG-06576,2022-12-02,EQ-034,Harvester,2023-05-10,FARM-09,OP-005,Daniel Garcia,3.0,FLD-005,North Field,357.3,,25.4,None,0.0,None,0.79,High
LOG-05968,2022/02/25,EQ-035,Sprayer,2023-05-18,FARM-10,OP-001,William Anderson,9.0,FLD-008,West Field,188.47,9.2,35.9,,0.0,None,0.94,High
LOG-04091,2024/03/03,EQ-014,Sprayer,2015-06-27,FARM-08,OP-002,James Hernandez,11.0,FLD-019,North Field,158.9,8.0,46.8,None,0.0,None,0.55,Medium
LOG-03889,2024-01-08,EQ-053,Sprayer,2018-06-13,FARM-04,OP-008,James Rodriguez,9.0,FLD-003,Golden Field,66.67,5.5,38.6,Repair,241.85,Belt,0.86,High
LOG-04141,2024-07-11,EQ-057,Harvester,2016-06-09,FARM-08,OP-001,William Anderson,9.0,FLD-010,Hill Field,315.35,3.3,11.8,None,0.0,None,0.93,High
LOG-03324,2023-02-24,EQ-023,Harvester,2022-07-08,FARM-05,OP-032,James Hernandez,8.0,FLD-014,River Field,281.66,9.0,27.0,None,0.0,None,0.12,Low
LOG-02579,2023/02/24,EQ-090,Sprayer,2017-06-10,FARM-01,OP-030,Alice Jones,12.0,FLD-011,South Field,362.68,4.7,34.6,None,0.0,None,0.3,Medium
LOG-06109,"September 23, 2024",EQ-023,Harvester,2022-07-08,FARM-05,OP-033,,18.0,FLD-001,Sunny Field,222.94,3.9,,Routine,1473.04,None,0.51,Medium
LOG-05744,01-12-2024,EQ-065,Harvester,2021-08-07,FARM-04,OP-029,David Miller,5.0,FLD-012,River Field,258.49,6.0,27.8,None,0.0,None,0.55,Medium
LOG-00094,2023-03-17,EQ-084,Harvester,2019-07-23,FARM-08,OP-042,Daniel Garcia,10.0,FLD-018,River Field,208.98,5.7,42.4,None,0.0,None,0.82,High
LOG-04783,2024-10-01,EQ-052,Planter,2015-03-21,FARM-02,OP-043,Sarah Brown,1.0,FLD-011,South Field,362.68,9.9,71.2,None,0.0,None,0.59,Medium
LOG-00577,2022-07-27,EQ-028,Tractor,2017-07-27,FARM-01,OP-034,,5.0,FLD-004,,103.14,9.0,50.9,Inspection,812.98,None,0.25,Low
LOG-05720,22-12-2022,EQ-095,Tractor,2017-01-31,FARM-02,OP-027,Emily Johnson,5.0,FLD-015,West Field,216.02,5.8,26.2,Routine,1315.4,None,0.93,High
LOG-05346,2022-03-20,EQ-002,Harvester,2017-07-03,FARM-03,,Jessica Anderson,14.0,FLD-018,River Field,208.98,2.6,14.2,None,0.0,None,0.79,High
LOG-05775,2024-07-18,EQ-073,Tractor,,FARM-07,OP-034,Grace Martinez,5.0,FLD-004,Sunny Field,103.14,12.0,90.0,None,0.0,None,0.9,High
LOG-05662,,EQ-093,Planter,2020-08-21,,OP-002,James Hernandez,11.0,FLD-010,Hill Field,315.35,6.4,22.1,Inspection,935.87,None,0.82,High
LOG-03378,"December 13, 2023",EQ-027,Harvester,2022-09-05,,OP-022,Robert Hernandez,14.0,FLD-001,Sunny Field,222.94,2.8,19.0,None,0.0,None,0.9,High
LOG-00477,2024-09-09,EQ-047,Sprayer,2020-08-12,FARM-03,OP-009,David Anderson,12.0,FLD-011,South Field,362.68,6.1,29.2,None,0.0,None,0.55,Medium
LOG-06713,2024-12-29,EQ-079,Planter,2016-07-28,FARM-07,OP-049,Michael Williams,19.0,FLD-020,,220.65,5.8,35.0,Routine,1100.18,None,0.02,Low
LOG-02405,2022-09-28,EQ-078,,2017-02-23,FARM-04,OP-050,Michael Smith,4.0,FLD-006,,264.76,5.8,28.7,None,0.0,None,0.46,Medium
LOG-04216,09-01-2022,EQ-012,Tractor,2016-01-15,FARM-07,OP-036,Jessica Anderson,14.0,FLD-011,South Field,362.68,1.2,4.4,Routine,1423.69,None,0.15,Low
LOG-03297,08-11-2024,EQ-058,Harvstr,2017-12-21,FARM-09,OP-014,John Hernandez,18.0,FLD-006,North Field,264.76,2.2,11.3,None,0.0,None,0.09,Low
LOG-04862,2024-01-19,EQ-007,Tractor,2021-04-17,FARM-04,OP-016,David Jones,4.0,FLD-006,North Field,264.76,1.5,10.2,None,0.0,None,0.6,Medium
LOG-05639,2022-11-13,EQ-059,Planter,2017-05-17,FARM-09,OP-026,Grace Rodriguez,1.0,FLD-001,Sunny Field,222.94,6.6,30.0,None,0.0,None,0.47,Medium
LOG-03152,2024-05-25,EQ-050,Harvester,2021-01-18,FARM-09,OP-041,Chloe Brown,7.0,FLD-016,Valley Field,341.89,3.2,13.5,Inspection,1041.74,None,0.13,Low
LOG-04883,,EQ-063,Tractor,2017-10-12,FARM-04,OP-047,Charles Hernandez,18.0,FLD-010,Hill Field,315.35,11.8,51.5,None,0.0,None,0.67,Medium
LOG-06080,2024-10-06,EQ-026,Planter,2018-01-10,FARM-09,OP-042,Daniel Garcia,10.0,FLD-009,South Field,474.95,3.3,10.9,None,0.0,None,0.42,Medium
LOG-02524,2022-04-08,EQ-055,Tractor,2015-12-17,FARM-08,OP-024,William Gonzalez,5.0,FLD-004,Sunny Field,103.14,3.5,26.6,None,0.0,None,0.96,High
LOG-04669,"December 31, 2024",EQ-031,Sprayer,2017-05-20,FARM-08,OP-048,William Smith,4.0,FLD-016,,341.89,8.0,57.0,None,,None,0.17,Low
LOG-06369,2024-11-22,EQ-091,Tractor,2023-05-22,FARM-06,OP-045,Michael Wilson,3.0,FLD-019,North Field,158.9,11.7,74.2,None,0.0,None,0.9,High
LOG-00488,2024-02-10,EQ-010,Planter,2018-10-25,FARM-05,OP-034,,5.0,FLD-009,South Field,474.95,11.7,48.1,None,0.0,None,0.81,High
LOG-05828,2024-09-25,EQ-099,Tractor,2021-12-11,FARM-02,OP-041,Chloe Brown,,FLD-018,River Field,208.98,8.1,35.2,None,0.0,None,0.61,
LOG-00593,2024-09-11,EQ-090,Sprayer,2017-06-10,FARM-01,OP-009,David Anderson,12.0,FLD-005,North Field,357.3,7.2,39.2,None,0.0,None,0.2,Low
LOG-02570,2024-10-13,EQ-009,Sprayer,2015-01-27,FARM-03,,Robert Hernandez,14.0,FLD-017,East Field,311.6,3.3,22.4,Repair,687.81,Belt,0.69,Medium
LOG-01057,2022-03-27,EQ-008,Planter,2017-06-21,FARM-08,OP-018,David Jones,10.0,FLD-001,Sunny Field,222.94,2.1,11.8,Routine,924.33,None,0.98,High
LOG-01434,2023-01-27,EQ-094,Harvester,2015-08-21,FARM-09,OP-028,Alice Wilson,12.0,FLD-007,Golden Field,346.56,5.2,20.3,None,0.0,None,0.02,Low
LOG-04395,2023-04-17,EQ-080,Harvester,2018-02-14,FARM-08,OP-042,Daniel Garcia,10.0,FLD-019,North Field,158.9,4.9,35.8,None,0.0,None,0.74,High
LOG-00335,2023-06-17,EQ-007,Tractor,2021-04-17,FARM-04,OP-044,James Miller,11.0,FLD-010,Hill Field,315.35,10.0,38.7,None,0.0,None,0.85,High
LOG-01919,2024-01-10,EQ-062,Planter,2020-10-20,FARM-08,OP-003,Sarah Jones,13.0,FLD-016,Valley Field,341.89,5.5,19.4,Inspection,1412.5,None,0.89,High
LOG-03054,2022-12-30,EQ-100,Planter,2022-05-16,FARM-10,,John Davis,,FLD-011,South Field,362.68,12.0,94.9,None,0.0,None,0.81,High
LOG-06456,29-09-2022,EQ-054,Tractor,,FARM-10,OP-033,Emily Garcia,18.0,FLD-006,North Field,264.76,9.5,53.4,None,0.0,None,0.76,High
LOG-00024,2024-06-10,EQ-059,Planter,2017-05-17,FARM-09,OP-046,Michael Garcia,17.0,FLD-005,North Field,357.3,2.9,16.3,None,0.0,None,0.61,Medium
LOG-02190,,EQ-056,Tractor,2023-07-13,FARM-09,OP-009,David Anderson,12.0,FLD-009,South Field,474.95,6.3,50.1,None,0.0,None,0.45,Medium
LOG-01513,2024-12-04,EQ-098,Harvester,2021-06-29,FARM-10,OP-009,David Anderson,12.0,FLD-005,North Field,357.3,4.2,17.2,None,0.0,None,0.37,Medium
LOG-02043,2022-12-17,EQ-017,Sprayer,2021-06-22,FARM-04,OP-021,Chloe Jones,2.0,FLD-012,River Field,258.49,3.2,24.3,None,0.0,None,0.47,Medium
LOG-06128,2022-04-08,EQ-037,Sprayr,2017-06-17,FARM-03,OP-032,James Hernandez,8.0,FLD-011,South Field,362.68,8.2,56.6,None,0.0,None,0.14,Low
LOG-05694,2024-08-13,EQ-037,Sprayer,2017-06-17,FARM-03,OP-019,,11.0,FLD-009,South Field,474.95,4.1,21.7,None,0.0,None,0.37,Medium
LOG-03140,2024-05-06,EQ-024,Tractor,2021-10-31,FARM-03,OP-010,,8.0,FLD-002,Hill Field,223.83,2.0,11.9,Repair,397.07,Belt,0.22,Low
LOG-05683,2022-09-26,EQ-097,Planter,2016-05-06,FARM-10,OP-036,Jessica Anderson,14.0,FLD-016,Valley Field,341.89,11.3,37.1,None,0.0,None,,High
LOG-01282,2022-01-28,EQ-033,Harvester,2017-12-20,FARM-03,OP-024,William Gonzalez,5.0,FLD-015,West Field,216.02,10.1,45.5,None,0.0,None,0.52,Medium
LOG-02649,2024-10-16,EQ-092,Tractor,2015-07-25,FARM-10,OP-024,William Gonzalez,5.0,FLD-001,Sunny Field,222.94,,47.1,None,0.0,None,0.95,High
LOG-04476,2022-03-26,EQ-011,Harvester,2017-05-31,FARM-06,OP-023,Michael Smith,1.0,FLD-004,Sunny Field,103.14,1.1,5.4,None,0.0,None,0.75,High
LOG-03908,25-04-2022,EQ-058,Harvester,2017-12-21,FARM-09,OP-032,James Hernandez,8.0,FLD-002,Hill Field,223.83,3.8,15.4,None,0.0,None,0.7,High
LOG-01039,"June 06, 2024",EQ-055,Tractor,2015-12-17,FARM-08,OP-033,Emily Garcia,18.0,FLD-020,West Field,,,66.7,None,0.0,None,0.03,Low
LOG-03170,2023-08-11,EQ-090,Sprayer,2017-06-10,FARM-01,OP-043,Sarah Brown,1.0,FLD-001,Sunny Field,222.94,11.0,86.5,None,0.0,None,0.46,Medium
LOG-06113,12-06-2022,EQ-007,Tractor,2021-04-17,FARM-04,OP-024,William Gonzalez,5.0,FLD-019,North Field,158.9,11.1,84.0,None,0.0,None,0.9,High
LOG-06660,2024-07-05,EQ-039,Tractor,2016-09-18,FARM-03,OP-001,William Anderson,9.0,FLD-017,East Field,311.6,4.4,19.2,None,0.0,None,0.2,Low
LOG-06792,2022-05-01,EQ-014,Sprayer,2015-06-27,FARM-08,OP-013,Laura Martinez,17.0,,North Field,264.76,9.7,34.0,Routine,307.75,None,0.6,Medium
LOG-01245,2023-07-11,EQ-058,Harvester,2017-12-21,FARM-09,OP-028,Alice Wilson,12.0,FLD-020,West Field,220.65,10.0,61.1,None,0.0,None,0.43,Medium
LOG-02878,2022-04-20,EQ-003,Tractor,2022-08-03,FARM-09,OP-033,Emily Garcia,18.0,FLD-017,East Field,,9.4,67.7,None,0.0,None,0.51,Medium
LOG-03246,2022-02-21,EQ-064,Tractor,2018-10-16,FARM-01,OP-025,Michael Williams,15.0,FLD-010,Hill Field,315.35,7.0,27.6,None,0.0,None,0.95,
LOG-03543,22-02-2024,EQ-064,Tractor,2018-10-16,FARM-01,OP-006,John Davis,20.0,FLD-009,South Field,474.95,8.4,32.2,None,0.0,None,0.27,Low
LOG-00697,2024-06-03,EQ-013,Tractor,2019-01-10,FARM-06,OP-035,Sarah Wilson,6.0,FLD-012,River Field,258.49,7.7,48.2,None,0.0,None,0.27,Low
LOG-05817,2022-09-17,EQ-054,Tractor,2017-09-13,FARM-10,OP-017,Emily Lopez,18.0,FLD-011,South Field,362.68,10.0,62.0,None,0.0,None,0.96,High
LOG-03847,2024-05-18,EQ-010,Planter,2018-10-25,FARM-05,OP-042,Daniel Garcia,10.0,FLD-017,East Field,311.6,1.4,6.9,None,0.0,None,0.54,Medium
LOG-01836,2022-05-17,EQ-040,Planter,2021-09-08,FARM-02,OP-011,Sophia Jones,6.0,FLD-017,East Field,311.6,3.5,12.1,Routine,999.2,None,0.78,High
LOG-05699,,EQ-003,Tractor,2022-08-03,FARM-09,OP-036,Jessica Anderson,14.0,FLD-012,River Field,258.49,6.4,33.9,,0.0,None,0.47,Medium
LOG-03298,2024-09-28,EQ-007,Tractor,2021-04-17,FARM-04,OP-047,Charles Hernandez,18.0,FLD-017,East Field,311.6,3.5,21.3,Inspection,910.87,None,0.25,Low
LOG-04012,2024-05-03,EQ-068,Sprayer,2015-10-18,FARM-09,OP-041,Chloe Brown,7.0,FLD-017,East Field,311.6,11.1,72.4,None,0.0,None,0.8,High
LOG-04483,2024-12-12,EQ-048,Tractor,2022-01-05,FARM-05,OP-039,Michael Williams,4.0,FLD-001,Sunny Field,222.94,2.6,14.9,Routine,930.87,None,0.47,Medium
LOG-03613,2024-09-03,EQ-035,Sprayer,2023-05-18,FARM-10,OP-037,John Williams,11.0,FLD-007,Golden Field,,7.4,40.9,None,0.0,None,0.11,Low
LOG-04563,2022-10-12,EQ-023,Harvester,2022-07-08,FARM-05,OP-030,Alice Jones,12.0,FLD-002,Hill Field,223.83,11.6,54.9,None,0.0,None,0.11,Low
LOG-03579,"January 24, 2022",EQ-045,Tractor,2018-04-17,FARM-07,OP-048,William Smith,4.0,,River Field,281.66,10.3,50.4,None,0.0,None,0.6,Medium
LOG-05821,2024-03-24,EQ-069,Harvester,2018-02-14,FARM-08,OP-010,Robert Anderson,8.0,FLD-018,River Field,208.98,10.5,70.1,None,0.0,None,0.78,High
LOG-00379,2022-04-11,EQ-051,Tractor,2021-09-19,FARM-06,OP-022,Robert Hernandez,14.0,FLD-008,West Field,188.47,9.2,70.0,None,0.0,None,0.03,Low
LOG-06773,2022-11-04,EQ-032,Planter,2022-03-18,FARM-08,OP-024,William Gonzalez,5.0,FLD-018,River Field,208.98,3.4,20.0,None,0.0,None,0.36,Medium
LOG-06337,2022-03-25,EQ-096,Tractor,2022-07-28,FARM-04,OP-033,Emily Garcia,18.0,FLD-016,Valley Field,341.89,10.3,68.2,Inspection,1423.89,None,0.18,Low
LOG-00200,"September 04, 2023",EQ-038,Planter,2016-01-08,FARM-01,OP-003,Sarah Jones,13.0,FLD-001,Sunny Field,222.94,7.2,25.5,None,0.0,None,0.29,Low
LOG-02684,"March 11, 2024",EQ-024,Tractor,2021-10-31,FARM-03,OP-011,Sophia Jones,6.0,FLD-004,Sunny Field,103.14,7.4,51.4,None,0.0,None,,Medium
LOG-05066,2023-01-24,EQ-004,Tractor,2021-08-15,FARM-07,OP-023,Michael Smith,1.0,FLD-003,Golden Field,66.67,10.4,52.5,None,0.0,None,0.19,Low
LOG-03617,29-02-2024,EQ-075,Planter,2023-03-06,FARM-01,OP-027,Emily Johnson,5.0,FLD-006,North Field,264.76,2.4,14.4,,0.0,None,0.54,Medium
LOG-05362,2024-11-11,EQ-004,Tractor,2021-08-15,FARM-07,OP-025,Michael Williams,15.0,FLD-006,North Field,264.76,2.8,13.0,Routine,287.5,None,0.32,Medium
LOG-02120,2024-03-24,EQ-013,Tractor,2019-01-10,FARM-06,OP-009,David Anderson,12.0,FLD-012,River Field,258.49,9.0,59.7,Routine,323.24,None,0.05,Low
LOG-03470,2024-01-11,EQ-073,Tractor,2022-05-23,FARM-07,OP-047,Charles Hernandez,18.0,FLD-002,Hill Field,223.83,3.6,18.7,None,0.0,None,0.59,Medium
LOG-03382,2023/11/28,EQ-005,Tractor,2015-05-03,FARM-02,,Michael Williams,19.0,FLD-019,North Field,158.9,4.0,23.0,None,0.0,None,0.22,Low
LOG-03708,2022-04-04,EQ-009,,2015-01-27,FARM-03,OP-045,Michael Wilson,3.0,FLD-018,River Field,208.98,4.8,36.6,None,0.0,None,0.1,Low
LOG-01601,2022-07-01,EQ-029,Sprayer,2019-07-02,FARM-05,OP-034,Grace Martinez,5.0,FLD-004,Sunny Field,103.14,12.0,72.2,None,0.0,None,0.37,Medium
LOG-05028,2022/09/09,EQ-032,,2022-03-18,FARM-08,OP-007,Emily Johnson,18.0,,Sunny Field,222.94,12.0,93.0,None,0.0,None,0.06,Low
LOG-02716,2023-02-27,EQ-096,Tractor,2022-07-28,FARM-04,OP-009,David Anderson,12.0,,West Field,216.02,3.0,19.6,Inspection,983.02,None,0.48,Medium
LOG-02803,2024-03-29,EQ-065,Harvstr,2021-08-07,FARM-04,OP-049,Michael Williams,19.0,FLD-016,Valley Field,341.89,1.3,9.4,,0.0,None,0.63,Medium
LOG-04882,2023-04-30,EQ-077,Sprayer,2023-12-24,FARM-02,OP-036,Jessica Anderson,14.0,FLD-015,West Field,216.02,4.2,30.8,Routine,418.24,None,0.8,High
LOG-05659,08-05-2022,EQ-045,Tractor,2018-04-17,FARM-07,OP-025,Michael Williams,15.0,FLD-016,Valley Field,341.89,2.7,21.4,None,0.0,None,0.18,Low
LOG-05195,2023-08-13,EQ-078,Harvester,2017-02-23,FARM-04,OP-039,Michael Williams,4.0,FLD-006,North Field,264.76,1.8,13.9,Routine,915.4,None,0.85,High
LOG-02664,2024-08-07,EQ-011,Harvester,2017-05-31,FARM-06,OP-034,Grace Martinez,5.0,FLD-005,North Field,357.3,3.7,27.0,None,0.0,None,0.31,Medium
LOG-06738,04-01-2024,EQ-056,Tractor,2023-07-13,FARM-09,OP-044,James Miller,11.0,FLD-008,West Field,188.47,10.5,36.8,None,0.0,None,0.32,Medium
LOG-06760,2024-04-16,EQ-050,Harvester,2021-01-18,FARM-09,OP-039,Michael Williams,4.0,FLD-017,East Field,311.6,8.8,26.6,None,0.0,None,0.69,Medium
LOG-01043,2024-02-26,EQ-054,Tractor,2017-09-13,FARM-10,OP-026,Grace Rodriguez,1.0,FLD-012,River Field,258.49,6.4,39.7,None,0.0,None,0.41,
LOG-03009,2023-12-12,EQ-048,Tractor,2022-01-05,FARM-05,OP-005,Daniel Garcia,3.0,FLD-018,River Field,208.98,7.9,,None,0.0,,0.43,Medium
LOG-06233,2024-07-12,EQ-001,Tractor,2015-04-13,FARM-05,OP-043,Sarah Brown,1.0,FLD-013,Valley Field,169.83,2.5,14.9,None,0.0,None,0.15,Low
LOG-02848,2024-03-27,EQ-085,,2017-05-25,,OP-045,Michael Wilson,3.0,FLD-015,West Field,216.02,2.6,15.8,None,0.0,None,0.08,Low
LOG-03400,2023-12-19,EQ-091,Tractr,2023-05-22,FARM-06,OP-032,James Hernandez,8.0,FLD-015,West Field,216.02,6.8,46.2,Routine,363.54,None,0.33,Medium
LOG-03568,2022-05-05,EQ-060,Harvester,2022-12-30,FARM-05,OP-043,Sarah Brown,1.0,FLD-014,River Field,281.66,1.1,4.8,None,0.0,None,0.93,High
LOG-04472,2024-01-01,EQ-087,Tractor,2019-05-19,FARM-05,OP-041,Chloe Brown,7.0,FLD-011,South Field,362.68,2.9,22.4,None,0.0,None,0.71,High
LOG-00928,2022/09/11,EQ-091,Tractor,,FARM-06,OP-020,James Hernandez,9.0,FLD-018,,208.98,8.1,27.7,None,0.0,None,0.54,Medium
LOG-02743,"November 14, 2023",EQ-075,Planter,2023-03-06,FARM-01,OP-004,David Hernandez,10.0,FLD-015,West Field,216.02,9.3,46.2,None,0.0,None,0.61,Medium
LOG-03290,2023-05-12,,Sprayer,2015-11-23,FARM-04,OP-024,William Gonzalez,5.0,FLD-020,West Field,220.65,5.4,26.1,None,0.0,None,0.15,Low
LOG-00548,,EQ-098,Harvester,2021-06-29,FARM-10,OP-009,David Anderson,,FLD-012,River Field,258.49,6.2,18.9,None,0.0,None,0.94,High
LOG-05704,2023-05-11,EQ-027,Harvester,2022-09-05,FARM-06,OP-035,Sarah Wilson,6.0,FLD-004,Sunny Field,103.14,1.1,4.4,None,0.0,None,0.41,Medium
LOG-04501,2023-10-12,EQ-075,Planter,2023-03-06,FARM-01,OP-029,David Miller,5.0,FLD-018,River Field,208.98,3.4,18.2,Routine,282.16,None,0.57,Medium
LOG-03482,2022-09-04,,Tractr,2015-12-17,FARM-08,OP-029,David Miller,5.0,FLD-011,South Field,362.68,10.2,63.8,None,0.0,,0.62,Medium
LOG-03185,2023-08-09,EQ-094,Harvester,2015-08-21,FARM-09,OP-048,William Smith,4.0,FLD-002,Hill Field,223.83,3.8,12.7,None,0.0,None,0.28,Low
LOG-01766,2022-10-26,EQ-048,Tractor,2022-01-05,FARM-05,OP-043,Sarah Brown,1.0,FLD-012,River Field,258.49,4.5,27.9,None,0.0,None,0.58,Medium
LOG-01346,2024-06-01,EQ-027,Harvester,2022-09-05,FARM-06,OP-025,Michael Williams,15.0,FLD-006,North Field,,6.9,43.5,Routine,1156.34,None,0.93,High
LOG-01321,2024-10-02,EQ-026,Planter,2018-01-10,FARM-09,OP-013,Laura Martinez,17.0,,South Field,474.95,5.8,25.7,None,0.0,None,0.17,
LOG-05418,2022-03-21,EQ-044,Sprayr,2023-08-15,FARM-06,,James Hernandez,9.0,FLD-008,West Field,,1.6,8.6,None,0.0,None,0.27,Low
LOG-05873,2023/01/06,EQ-089,Planter,2016-09-26,FARM-04,OP-034,Grace Martinez,5.0,FLD-002,Hill Field,223.83,4.2,19.3,None,0.0,None,0.91,High
LOG-04002,2023-06-06,EQ-039,Tractor,2016-09-18,FARM-03,OP-026,Grace Rodriguez,1.0,FLD-009,South Field,474.95,5.2,32.5,None,0.0,None,0.99,High
LOG-02168,2023-10-23,EQ-032,Planter,2022-03-18,FARM-08,OP-015,Laura Anderson,4.0,FLD-006,North Field,264.76,5.8,23.5,None,0.0,None,0.52,Medium
LOG-05364,2023-11-06,EQ-008,Plntr,2017-06-21,FARM-08,OP-008,James Rodriguez,9.0,FLD-007,Golden Field,346.56,2.7,14.4,Routine,684.69,None,0.51,Medium
LOG-01658,2024/02/12,EQ-002,Harvester,2017-07-03,FARM-03,OP-027,Emily Johnson,5.0,FLD-014,River Field,281.66,4.1,30.8,,0.0,None,0.49,Medium
LOG-02894,2024-01-30,EQ-026,Planter,2018-01-10,FARM-09,OP-050,Michael Smith,4.0,FLD-015,West Field,216.02,7.3,47.3,None,0.0,None,0.85,High
LOG-01609,2024-04-24,EQ-043,Tractor,2022-08-18,FARM-02,OP-007,Emily Johnson,18.0,FLD-010,Hill Field,315.35,9.8,65.1,None,0.0,None,0.26,Low
LOG-03239,2022/09/14,EQ-064,Tractor,2018-10-16,FARM-01,OP-031,Alice Anderson,12.0,FLD-013,Valley Field,169.83,8.2,46.9,None,0.0,None,0.41,Medium
LOG-03439,2024-02-28,EQ-069,Harvester,2018-02-14,FARM-08,,Daniel Garcia,3.0,FLD-009,South Field,474.95,3.1,11.3,None,0.0,None,,
LOG-00519,2023-04-16,EQ-049,Harvester,2016-09-18,FARM-06,OP-041,Chloe Brown,7.0,FLD-008,West Field,188.47,9.8,49.6,None,0.0,None,0.53,Medium
LOG-00612,2022-05-19,EQ-073,Tractor,2022-05-23,FARM-07,OP-011,,6.0,FLD-011,South Field,362.68,7.1,55.0,Repair,510.52,Belt,0.72,High
LOG-02543,2024-11-02,EQ-005,Tractor,2015-05-03,FARM-02,OP-033,Emily Garcia,18.0,FLD-016,Valley Field,,6.9,26.7,None,0.0,None,0.08,Low
LOG-03236,2024-10-28,EQ-026,Planter,2018-01-10,FARM-09,OP-039,Michael Williams,4.0,,West Field,216.02,4.2,15.5,None,0.0,None,0.98,High
LOG-03072,2024-03-20,EQ-039,Tractor,2016-09-18,,OP-001,William Anderson,9.0,,Golden Field,346.56,10.0,43.1,None,0.0,None,0.09,Low
LOG-03435,2024-12-06,EQ-080,Harvester,2018-02-14,FARM-08,OP-040,Charles Wilson,2.0,FLD-002,Hill Field,223.83,4.3,32.0,None,0.0,None,0.08,Low
LOG-00492,2022-11-26,EQ-006,Harvester,2017-08-10,FARM-09,OP-009,David Anderson,12.0,FLD-019,North Field,158.9,2.5,13.9,None,0.0,None,0.15,Low
LOG-06035,2023/04/06,EQ-035,Sprayer,2023-05-18,FARM-10,OP-042,Daniel Garcia,10.0,FLD-009,South Field,474.95,1.3,9.2,None,0.0,None,0.66,Medium
LOG-00734,2024-06-11,EQ-075,Planter,2023-03-06,FARM-01,OP-032,James Hernandez,8.0,FLD-002,Hill Field,223.83,2.6,19.9,None,0.0,None,0.39,Medium
LOG-00324,2023-02-15,EQ-059,Planter,2017-05-17,FARM-09,OP-001,William Anderson,9.0,FLD-012,River Field,258.49,4.2,29.1,None,0.0,None,0.25,Low
LOG-06568,2022-01-01,EQ-065,Harvester,2021-08-07,FARM-04,OP-019,James Lopez,11.0,FLD-007,Golden Field,346.56,8.7,26.6,None,0.0,None,0.5,Medium
LOG-05485,2022/09/07,EQ-007,Tractor,2021-04-17,FARM-04,OP-028,,12.0,FLD-013,Valley Field,169.83,5.4,17.7,None,0.0,None,0.86,High
LOG-04569,2022/03/10,EQ-087,Tractor,2019-05-19,FARM-05,OP-012,Daniel Wilson,18.0,FLD-006,North Field,264.76,10.2,66.6,None,0.0,None,0.72,High
LOG-01040,07-09-2023,EQ-049,Harvester,2016-09-18,FARM-06,OP-028,Alice Wilson,,FLD-003,Golden Field,66.67,7.5,28.2,None,0.0,None,0.26,Low
LOG-03856,2022-05-18,EQ-086,Tractor,2016-11-05,FARM-07,OP-004,David Hernandez,10.0,FLD-011,South Field,362.68,2.0,15.3,None,0.0,None,0.01,Low
LOG-05278,30-08-2024,EQ-091,Tractor,2023-05-22,FARM-06,OP-045,Michael Wilson,3.0,FLD-005,North Field,357.3,5.3,24.6,None,0.0,None,0.56,
LOG-02952,2024-12-08,EQ-001,Tractor,2015-04-13,FARM-05,OP-004,David Hernandez,10.0,FLD-013,Valley Field,169.83,,33.1,None,0.0,None,0.8,High
LOG-00325,"February 05, 2023",EQ-048,Tractor,2022-01-05,FARM-05,OP-038,Grace Gonzalez,8.0,FLD-016,Valley Field,341.89,9.1,52.2,None,0.0,,0.16,Low
LOG-02681,2022-08-06,EQ-006,Harvester,2017-08-10,FARM-09,OP-029,David Miller,5.0,FLD-014,River Field,281.66,10.9,33.1,None,0.0,None,0.55,Medium
LOG-00587,18-03-2022,EQ-013,Tractor,2019-01-10,FARM-06,OP-039,,4.0,FLD-010,Hill Field,315.35,9.0,52.9,Routine,131.09,None,0.77,High
LOG-05126,2024-01-19,EQ-089,Planter,2016-09-26,FARM-04,OP-048,William Smith,4.0,,West Field,,11.5,38.6,,0.0,None,0.77,High
LOG-01510,2022-10-18,EQ-047,Sprayer,2020-08-12,FARM-03,OP-027,Emily Johnson,5.0,FLD-011,South Field,362.68,11.0,76.8,None,0.0,None,0.11,Low
LOG-01993,"April 09, 2022",EQ-060,Harvester,2022-12-30,FARM-05,OP-047,Charles Hernandez,18.0,FLD-004,Sunny Field,103.14,7.7,30.7,None,0.0,None,0.63,Medium
LOG-04756,2023-11-06,EQ-070,Harvester,2021-01-17,FARM-03,OP-001,William Anderson,9.0,FLD-014,River Field,281.66,6.6,52.3,None,0.0,None,0.66,Medium
LOG-05900,2022-12-17,EQ-058,,2017-12-21,,OP-034,Grace Martinez,5.0,FLD-020,West Field,220.65,7.0,44.5,None,0.0,None,0.24,Low
LOG-01058,2024-08-27,EQ-098,Harvester,2021-06-29,FARM-10,OP-018,David Jones,10.0,FLD-016,Valley Field,341.89,9.3,56.0,None,0.0,None,0.68,Medium
LOG-01670,2022/10/21,EQ-042,Planter,2020-12-07,FARM-05,,William Gonzalez,5.0,,Hill Field,223.83,10.9,70.0,Routine,54.96,None,0.07,Low
LOG-03182,2024-02-06,EQ-012,Tractor,2016-01-15,FARM-07,OP-037,John Williams,11.0,FLD-007,Golden Field,346.56,1.5,9.4,None,0.0,None,0.01,Low
LOG-03110,2023-10-15,EQ-100,Planter,2022-05-16,FARM-10,OP-021,Chloe Jones,2.0,FLD-007,Golden Field,346.56,11.6,89.5,None,0.0,None,0.17,Low
LOG-04700,2022-05-01,EQ-005,Tractor,2015-05-03,FARM-02,OP-029,David Miller,5.0,FLD-001,,222.94,7.2,48.9,None,0.0,,0.71,High
LOG-05849,2022-02-01,EQ-020,Tractor,2019-04-06,FARM-05,OP-011,Sophia Jones,6.0,FLD-007,Golden Field,346.56,4.5,33.0,None,0.0,None,0.35,Medium
LOG-03471,"August 29, 2024",EQ-012,Tractor,2016-01-15,FARM-07,OP-048,,4.0,FLD-014,River Field,281.66,3.4,11.2,None,0.0,None,0.72,High
LOG-01841,2024-08-18,EQ-018,Tractor,2015-07-07,FARM-04,OP-011,Sophia Jones,6.0,FLD-002,Hill Field,223.83,2.7,9.9,None,0.0,None,0.83,High
LOG-00089,28-10-2024,EQ-076,Tractor,2015-09-06,FARM-07,OP-007,Emily Johnson,18.0,FLD-015,West Field,216.02,3.4,20.7,None,0.0,None,0.9,High
LOG-02700,2023-07-28,EQ-098,Harvester,2021-06-29,FARM-10,OP-048,William Smith,4.0,FLD-012,River Field,258.49,5.7,30.3,Repair,569.25,Tire,0.11,Low
LOG-02183,05-08-2023,EQ-032,Planter,2022-03-18,FARM-08,OP-012,Daniel Wilson,18.0,FLD-016,Valley Field,341.89,8.4,59.2,None,0.0,None,0.23,Low
LOG-01243,2023-01-31,EQ-056,Tractor,2023-07-13,FARM-09,OP-033,Emily Garcia,18.0,FLD-013,Valley Field,,3.8,15.2,None,0.0,None,0.71,High
LOG-06537,2023-03-09,EQ-094,Harvester,2015-08-21,FARM-09,OP-009,David Anderson,12.0,FLD-002,Hill Field,223.83,1.9,5.8,None,0.0,None,0.29,Low
LOG-02629,2022-11-08,EQ-012,,2016-01-15,FARM-07,OP-025,Michael Williams,15.0,FLD-019,North Field,158.9,10.0,36.9,None,0.0,None,0.93,High
LOG-02950,2023-07-23,EQ-088,Planter,2018-03-14,FARM-07,OP-033,Emily Garcia,18.0,FLD-014,River Field,281.66,4.6,29.1,None,0.0,None,0.4,Medium
LOG-00829,2024-01-15,EQ-039,Tractor,2016-09-18,FARM-03,OP-005,Daniel Garcia,3.0,FLD-014,River Field,281.66,8.4,62.4,None,0.0,None,0.83,High
LOG-03053,2024-01-09,EQ-036,Planter,2021-07-18,FARM-07,OP-043,Sarah Brown,1.0,FLD-019,,158.9,3.0,16.1,None,0.0,None,0.41,Medium
LOG-01373,2022-08-09,EQ-016,,2022-01-18,FARM-10,OP-022,Robert Hernandez,14.0,FLD-011,South Field,362.68,11.9,38.4,None,0.0,None,0.36,
LOG-00199,2022-03-16,EQ-023,Harvester,2022-07-08,FARM-05,OP-027,Emily Johnson,5.0,FLD-006,,264.76,12.0,59.8,None,0.0,None,0.93,High
LOG-01913,03-06-2022,EQ-010,Planter,2018-10-25,FARM-05,OP-034,Grace Martinez,5.0,FLD-012,River Field,258.49,6.5,43.5,None,0.0,None,0.04,Low
LOG-06160,2022-03-10,EQ-010,Planter,2018-10-25,FARM-05,OP-007,Emily Johnson,18.0,FLD-001,Sunny Field,222.94,9.7,62.0,Routine,876.1,None,0.49,Medium
LOG-01056,2022-03-02,EQ-036,Plntr,2021-07-18,FARM-07,OP-005,Daniel Garcia,3.0,FLD-011,South Field,362.68,,39.9,None,0.0,None,0.11,Low
LOG-00074,2024-01-20,EQ-023,Harvester,2022-07-08,FARM-05,OP-013,Laura Martinez,17.0,FLD-005,North Field,357.3,6.8,51.5,None,0.0,None,0.26,Low
LOG-05742,2023-12-01,,Harvester,2017-12-21,FARM-09,OP-049,Michael Williams,19.0,FLD-010,Hill Field,315.35,10.6,40.1,None,0.0,None,0.74,High
LOG-03478,2023-07-29,EQ-029,,2019-07-02,FARM-05,OP-031,Alice Anderson,12.0,FLD-009,South Field,474.95,7.3,52.2,None,0.0,None,0.15,Low
LOG-01196,2022-11-09,EQ-079,Planter,2016-07-28,FARM-07,OP-039,Michael Williams,4.0,FLD-003,Golden Field,66.67,7.2,57.4,Routine,71.67,None,0.76,High
LOG-05246,2023-06-06,EQ-038,Planter,2016-01-08,FARM-01,OP-046,Michael Garcia,17.0,FLD-014,River Field,,10.3,43.9,None,0.0,None,0.53,Medium
LOG-05061,2022/06/10,EQ-043,Tractor,2022-08-18,FARM-02,OP-040,Charles Wilson,2.0,FLD-010,Hill Field,315.35,9.1,46.7,Repair,715.28,Engine,0.21,Low
LOG-04231,"January 04, 2023",EQ-064,Tractor,2018-10-16,FARM-01,OP-018,David Jones,10.0,FLD-012,,258.49,5.1,37.7,Repair,364.4,Tire,0.16,Low
LOG-02834,2024-05-20,EQ-046,Harvester,2020-02-02,FARM-01,OP-023,Michael Smith,,,West Field,188.47,3.8,25.7,None,0.0,None,0.81,High
LOG-03040,2023-02-10,EQ-001,Tractor,2015-04-13,FARM-05,OP-010,Robert Anderson,8.0,FLD-014,,281.66,3.7,26.1,Routine,1416.0,None,0.19,Low
LOG-01047,2023-06-20,,Tractor,2016-11-05,FARM-07,OP-042,Daniel Garcia,10.0,FLD-005,North Field,357.3,7.7,5950.0,Repair,,None,0.94,
LOG-05945,2023-12-21,EQ-043,Tractor,2022-08-18,FARM-02,OP-026,Grace Rodriguez,1.0,FLD-001,,222.94,2.3,15.2,None,0.0,None,0.47,Medium
LOG-05130,2023-09-29,EQ-084,Harvester,2019-07-23,FARM-08,OP-012,,18.0,,,357.3,10.5,57.5,None,0.0,None,0.14,Low
LOG-01150,2024-12-28,EQ-022,Harvester,2019-02-25,FARM-06,OP-015,Laura Anderson,4.0,FLD-002,Hill Field,223.83,3.6,11.5,Repair,1331.22,Belt,0.28,Low
LOG-06784,2022-12-07,EQ-057,Harvester,,FARM-08,OP-007,Emily Johnson,18.0,FLD-019,,158.9,7.3,54.3,None,0.0,None,0.15,Low
LOG-03707,2023-04-05,EQ-001,Tractor,2015-04-13,FARM-05,OP-025,Michael Williams,15.0,FLD-001,Sunny Field,222.94,2.8,19.0,None,0.0,None,0.24,Low
LOG-00997,"March 03, 2022",EQ-057,Harvester,2016-06-09,FARM-08,OP-029,David Miller,5.0,FLD-018,River Field,208.98,5.1,30.0,Repair,1417.86,Filter,0.5,Medium
LOG-03732,2024-03-25,EQ-093,Planter,2020-08-21,FARM-09,OP-035,Sarah Wilson,6.0,FLD-013,Valley Field,169.83,11.5,68.0,Inspection,517.12,None,0.6,Medium
LOG-01211,2023/02/11,EQ-097,Planter,2016-05-06,FARM-10,OP-020,James Hernandez,9.0,FLD-006,North Field,264.76,4.8,24.5,None,0.0,None,0.69,Medium
LOG-06381,2023-12-30,EQ-075,Planter,2023-03-06,FARM-01,OP-041,Chloe Brown,7.0,FLD-003,Golden Field,66.67,2.6,,None,0.0,None,0.1,Low
LOG-05313,2022-01-14,EQ-004,Tractor,2021-08-15,FARM-07,OP-032,James Hernandez,8.0,FLD-008,West Field,188.47,3.0,,None,0.0,None,0.99,High
LOG-01447,2022-06-16,EQ-082,Tractor,2015-07-27,FARM-09,OP-024,William Gonzalez,5.0,FLD-015,West Field,216.02,10.6,81.8,None,0.0,None,0.68,Medium
LOG-06085,2022-03-06,EQ-021,Planter,2022-02-16,FARM-06,OP-046,Michael Garcia,,FLD-010,Hill Field,315.35,10.3,76.9,None,0.0,None,0.45,Medium
LOG-02828,2023-03-24,EQ-034,Harvester,2023-05-10,FARM-09,OP-018,David Jones,10.0,FLD-009,South Field,474.95,4.6,,None,0.0,None,0.19,Low
LOG-02727,2023-12-18,EQ-034,Harvester,2023-05-10,FARM-09,OP-004,,,FLD-006,North Field,264.76,7.8,47.3,None,0.0,None,0.33,Medium
LOG-01437,2022/04/28,EQ-091,Tractor,2023-05-22,FARM-06,OP-017,Emily Lopez,18.0,FLD-009,South Field,474.95,11.7,83.3,None,0.0,None,0.92,High
LOG-05750,2022-05-28,EQ-063,Tractor,2017-10-12,FARM-04,OP-012,Daniel Wilson,,FLD-020,West Field,220.65,9.1,55.4,None,0.0,None,0.92,High
LOG-03440,28-01-2024,EQ-040,Planter,2021-09-08,FARM-02,OP-011,Sophia Jones,6.0,FLD-004,Sunny Field,103.14,7.3,49.1,None,0.0,None,0.76,High
LOG-01200,2022-09-22,EQ-037,Sprayer,2017-06-17,FARM-03,OP-026,Grace Rodriguez,1.0,FLD-014,River Field,281.66,5.8,32.3,None,0.0,None,0.32,Medium
LOG-05897,2024-04-22,EQ-019,,2015-11-23,FARM-04,OP-014,,18.0,FLD-006,North Field,264.76,8.5,64.4,None,0.0,None,0.27,Low
LOG-04148,2022-12-07,EQ-083,Tractor,2016-01-18,FARM-04,OP-038,Grace Gonzalez,8.0,,River Field,281.66,8.3,26.4,None,0.0,None,0.66,Medium
LOG-02541,2022-03-04,EQ-063,Tractor,2017-10-12,FARM-04,,Emily Garcia,18.0,FLD-018,River Field,,3.4,12.3,None,0.0,None,0.09,Low
LOG-01769,2022-12-03,EQ-060,Harvester,2022-12-30,FARM-05,OP-029,David Miller,5.0,FLD-018,River Field,,10.8,50.9,None,0.0,None,0.97,High
LOG-03299,2024-06-25,EQ-073,Tractor,2022-05-23,FARM-07,OP-005,Daniel Garcia,3.0,FLD-011,South Field,362.68,3.4,18.0,None,0.0,None,0.12,
LOG-03843,2024-08-16,EQ-054,Tractor,2017-09-13,FARM-10,OP-021,Chloe Jones,2.0,FLD-016,Valley Field,341.89,6.0,44.0,None,0.0,None,0.09,Low
LOG-00209,2023-03-24,EQ-061,Planter,2022-07-14,FARM-06,OP-049,Michael Williams,19.0,FLD-018,River Field,208.98,9.4,60.2,None,0.0,None,0.78,High
LOG-05322,"September 19, 2024",,Planter,2021-07-18,FARM-07,OP-049,Michael Williams,19.0,FLD-016,Valley Field,341.89,7.7,39.2,None,0.0,None,0.26,
LOG-02705,2024-04-04,EQ-051,Tractor,2021-09-19,FARM-06,OP-044,James Miller,11.0,FLD-017,East Field,311.6,11.8,88.1,Inspection,798.48,,0.3,Medium
LOG-02424,2023-11-04,EQ-029,Sprayer,2019-07-02,FARM-05,,David Hernandez,10.0,FLD-019,North Field,158.9,6.5,23.7,None,0.0,,0.72,High
LOG-00621,2022-08-12,EQ-091,Tractor,2023-05-22,FARM-06,OP-003,Sarah Jones,13.0,FLD-017,East Field,311.6,6.0,,Routine,1493.96,None,0.52,Medium
LOG-02860,2022-04-17,EQ-052,Plntr,2015-03-21,FARM-02,OP-007,Emily Johnson,18.0,FLD-001,Sunny Field,,6.5,35.6,None,0.0,None,0.08,Low
LOG-03762,2022-10-27,EQ-005,Tractor,2015-05-03,FARM-02,OP-048,William Smith,4.0,FLD-017,East Field,311.6,7.4,28.3,None,0.0,None,0.63,Medium
LOG-06583,2023-05-19,EQ-079,Planter,2016-07-28,FARM-07,OP-050,Michael Smith,4.0,FLD-007,Golden Field,346.56,6.6,43.7,None,0.0,None,0.81,High
LOG-03814,2023-02-05,EQ-088,Planter,2018-03-14,FARM-07,OP-026,Grace Rodriguez,1.0,FLD-011,South Field,362.68,2.7,11.3,None,0.0,None,0.71,High
LOG-02134,2023-01-30,EQ-005,Tractor,2015-05-03,FARM-02,OP-019,James Lopez,11.0,FLD-019,North Field,,5.7,26.7,None,0.0,None,0.66,Medium
LOG-03544,2023-05-13,EQ-067,,2015-10-04,FARM-01,OP-016,David Jones,4.0,FLD-007,Golden Field,346.56,4.6,36.2,None,0.0,None,0.12,Low
LOG-06431,2024-02-15,EQ-098,Harvester,2021-06-29,FARM-10,OP-035,Sarah Wilson,6.0,FLD-003,Golden Field,66.67,7.2,50.0,,0.0,None,0.12,Low
LOG-01194,"December 07, 2024",EQ-065,Harvstr,2021-08-07,FARM-04,OP-034,Grace Martinez,5.0,FLD-020,West Field,220.65,11.2,52.7,None,0.0,None,0.34,Medium
LOG-06309,2022-07-07,EQ-034,Harvester,2023-05-10,FARM-09,OP-038,Grace Gonzalez,8.0,FLD-016,Valley Field,341.89,4.5,15.7,None,0.0,None,0.94,High
LOG-01420,2024-01-31,EQ-067,Harvester,2015-10-04,FARM-01,OP-044,,11.0,FLD-007,Golden Field,346.56,6.7,28.5,None,0.0,None,0.93,High
LOG-01080,2022-05-28,EQ-097,Planter,2016-05-06,FARM-10,OP-026,Grace Rodriguez,1.0,FLD-013,Valley Field,169.83,6.8,30.0,None,0.0,None,0.2,Low
LOG-03278,2023-12-15,EQ-071,Planter,2017-09-22,FARM-08,OP-046,Michael Garcia,17.0,FLD-012,River Field,258.49,4.2,32.6,None,0.0,None,0.75,High
LOG-00287,2023-12-15,EQ-005,Tractor,2015-05-03,FARM-02,OP-029,David Miller,5.0,FLD-009,South Field,474.95,10.5,36.1,None,0.0,None,0.13,Low
LOG-04079,2023-09-30,EQ-001,Tractor,2015-04-13,FARM-05,OP-035,Sarah Wilson,6.0,,Sunny Field,222.94,7.7,28.8,None,0.0,None,0.7,High
LOG-04270,2022-03-28,EQ-033,Harvester,2017-12-20,FARM-03,OP-017,Emily Lopez,18.0,FLD-006,North Field,264.76,1.7,6.4,None,0.0,None,0.51,Medium
LOG-01618,2023/08/25,EQ-018,Tractr,2015-07-07,FARM-04,OP-025,Michael Williams,15.0,FLD-004,Sunny Field,103.14,7.7,60.5,None,0.0,None,0.23,Low
LOG-06703,2023-04-05,EQ-054,Tractor,2017-09-13,FARM-10,OP-039,Michael Williams,4.0,FLD-017,East Field,311.6,2.5,9.4,None,0.0,None,0.26,Low
LOG-02487,"December 14, 2024",EQ-077,Sprayer,2023-12-24,FARM-02,OP-040,Charles Wilson,2.0,FLD-009,South Field,474.95,2.1,8.0,,0.0,None,0.12,Low
LOG-04804,"May 12, 2023",,Tractor,2021-10-31,FARM-03,OP-025,Michael Williams,15.0,FLD-013,Valley Field,169.83,6.6,48.8,None,0.0,None,0.35,Medium
LOG-01894,2022-01-05,EQ-058,Harvester,2017-12-21,FARM-09,OP-016,David Jones,4.0,FLD-013,Valley Field,169.83,5.7,44.4,None,0.0,None,0.28,Low
LOG-05307,"May 22, 2022",EQ-059,Planter,2017-05-17,FARM-09,OP-007,Emily Johnson,18.0,FLD-019,North Field,158.9,2.5,17.2,None,0.0,None,0.78,High
LOG-05665,2023-02-28,EQ-065,Harvester,2021-08-07,,OP-014,John Hernandez,18.0,FLD-020,West Field,220.65,8.5,35.5,None,0.0,None,0.04,Low
LOG-06121,2024-05-18,EQ-027,Harvstr,,FARM-06,OP-005,Daniel Garcia,3.0,FLD-010,Hill Field,315.35,4.3,19.5,Routine,,None,0.64,Medium
LOG-00402,,EQ-019,Sprayer,2015-11-23,FARM-04,OP-021,Chloe Jones,2.0,FLD-006,North Field,264.76,6.4,39.4,Inspection,970.02,None,0.01,Low
LOG-03101,2024/02/23,EQ-047,Sprayer,2020-08-12,FARM-03,OP-002,James Hernandez,,FLD-009,South Field,474.95,10.6,57.0,None,0.0,None,0.09,Low
LOG-00748,2023-02-24,EQ-091,Tractor,2023-05-22,FARM-06,OP-005,Daniel Garcia,3.0,FLD-018,River Field,208.98,2.5,11.7,None,0.0,None,0.65,Medium
LOG-01722,"January 27, 2022",EQ-028,Tractor,2017-07-27,FARM-01,OP-027,Emily Johnson,5.0,FLD-016,Valley Field,341.89,11.5,70.8,None,0.0,None,0.31,Medium
LOG-00042,2023-02-10,EQ-030,Tractor,2017-05-14,FARM-10,,Emily Lopez,18.0,FLD-019,North Field,158.9,5.7,32.6,None,0.0,None,0.9,High
LOG-01224,20-02-2024,EQ-029,Sprayer,2019-07-02,FARM-05,OP-050,Michael Smith,4.0,FLD-015,West Field,216.02,2.3,16.7,None,0.0,None,0.35,Medium
LOG-04295,2023-04-05,EQ-100,Planter,2022-05-16,,OP-024,William Gonzalez,5.0,FLD-008,West Field,188.47,11.8,47.4,None,0.0,None,0.32,Medium
LOG-02185,2023-01-08,EQ-086,Tractor,2016-11-05,FARM-07,OP-042,Daniel Garcia,10.0,FLD-013,Valley Field,169.83,4.2,13.5,None,0.0,None,0.42,Medium
LOG-01427,2023-07-22,EQ-043,Tractor,2022-08-18,FARM-02,OP-037,John Williams,11.0,FLD-019,North Field,158.9,11.6,77.6,None,0.0,None,0.9,High
LOG-00958,2023-11-06,EQ-032,Planter,2022-03-18,FARM-08,OP-013,Laura Martinez,17.0,FLD-006,North Field,264.76,4.4,27.0,Routine,745.95,None,0.8,High
LOG-05675,2023-04-28,EQ-003,Tractor,2022-08-03,FARM-09,OP-024,William Gonzalez,5.0,FLD-007,Golden Field,346.56,10.6,60.8,None,0.0,None,0.31,Medium
LOG-04743,,EQ-019,Sprayr,2015-11-23,FARM-04,OP-042,Daniel Garcia,10.0,FLD-014,River Field,281.66,10.3,76.8,None,0.0,None,0.75,High
LOG-00738,2023-07-26,EQ-076,Tractor,2015-09-06,FARM-07,OP-031,Alice Anderson,12.0,,West Field,216.02,1.2,6.2,None,0.0,None,0.25,Low
LOG-04305,2023-12-28,EQ-050,Harvester,2021-01-18,FARM-09,OP-023,Michael Smith,1.0,FLD-010,Hill Field,315.35,10.1,79.7,None,0.0,None,0.21,Low
LOG-03951,24-06-2023,EQ-098,Harvester,2021-06-29,FARM-10,OP-016,David Jones,4.0,FLD-009,South Field,474.95,7.5,38.6,None,0.0,None,0.09,Low
LOG-00834,2024-08-31,EQ-036,Planter,2021-07-18,FARM-07,OP-010,Robert Anderson,8.0,FLD-012,River Field,258.49,8.9,63.3,Routine,1451.87,None,0.6,Medium
LOG-02942,2024-12-13,EQ-066,Tractor,2015-10-18,,OP-050,Michael Smith,4.0,FLD-017,East Field,311.6,2.6,20.3,None,0.0,None,,Medium
LOG-02261,2023-04-30,EQ-059,Planter,2017-05-17,FARM-09,OP-025,Michael Williams,15.0,FLD-001,Sunny Field,222.94,2.4,18.5,Repair,1327.71,Blade,0.98,High
LOG-01860,2022-05-16,EQ-005,Tractor,2015-05-03,FARM-02,,Emily Lopez,18.0,FLD-016,Valley Field,341.89,3.4,25.8,Inspection,1025.29,None,0.12,Low
LOG-02851,2024-06-09,EQ-017,Sprayer,2021-06-22,FARM-04,OP-003,Sarah Jones,13.0,FLD-019,North Field,158.9,8.1,58.0,None,0.0,None,0.17,Low
LOG-02534,2023-05-20,EQ-021,Plntr,2022-02-16,FARM-06,OP-028,Alice Wilson,12.0,FLD-009,South Field,474.95,7.8,45.1,None,0.0,None,0.32,Medium
LOG-03802,2023-07-21,EQ-094,Harvester,,FARM-09,OP-042,Daniel Garcia,10.0,FLD-010,Hill Field,315.35,4.4,28.2,None,0.0,None,0.26,
LOG-03154,2024-04-28,EQ-083,Tractor,2016-01-18,FARM-04,OP-033,,18.0,FLD-012,River Field,258.49,3.4,18.7,,1276.41,None,0.6,Medium
LOG-01873,2022-06-29,EQ-087,Tractor,2019-05-19,FARM-05,OP-044,James Miller,11.0,FLD-012,River Field,258.49,1.4,10.5,None,0.0,None,0.05,Low
LOG-04687,"October 01, 2022",EQ-056,Tractor,2023-07-13,FARM-09,,William Smith,4.0,FLD-001,Sunny Field,222.94,6.8,46.5,None,0.0,None,0.62,Medium
LOG-02719,2024-04-07,EQ-015,Tractor,2019-03-31,FARM-02,,James Lopez,11.0,,South Field,474.95,7.3,30.4,None,0.0,None,0.93,High
LOG-02300,2024-01-20,EQ-046,Harvester,2020-02-02,FARM-01,OP-046,Michael Garcia,17.0,FLD-019,North Field,158.9,-8.1,61.3,None,0.0,None,0.82,High
LOG-05524,2023-09-17,EQ-093,,2020-08-21,FARM-09,OP-034,,5.0,FLD-002,Hill Field,223.83,9.6,37.0,None,0.0,None,0.05,Low
LOG-04333,2022-06-11,EQ-085,Planter,2017-05-25,FARM-07,OP-032,James Hernandez,8.0,FLD-016,Valley Field,341.89,6.0,24.1,None,0.0,None,0.67,Medium
LOG-05079,2022-05-02,EQ-037,Sprayer,2017-06-17,FARM-03,OP-006,John Davis,20.0,FLD-012,River Field,258.49,9.7,64.8,None,0.0,None,0.31,
LOG-03373,2022-11-01,EQ-040,Planter,2021-09-08,FARM-02,OP-009,David Anderson,12.0,FLD-009,South Field,474.95,4.2,20.5,None,0.0,None,0.51,Medium
LOG-05220,2022-12-13,EQ-074,Sprayer,2019-10-01,FARM-07,OP-018,David Jones,10.0,FLD-013,Valley Field,169.83,4.4,21.3,None,0.0,None,0.44,Medium
LOG-03668,2023-08-05,EQ-083,,2016-01-18,,OP-017,Emily Lopez,18.0,FLD-012,River Field,258.49,7.7,31.0,None,0.0,None,0.09,Low
LOG-00866,2022-09-22,EQ-094,Harvester,2015-08-21,FARM-09,OP-047,Charles Hernandez,18.0,FLD-019,North Field,158.9,3.3,10.7,None,0.0,None,0.33,Medium
LOG-05171,2024-04-05,EQ-084,Harvester,2019-07-23,FARM-08,OP-006,John Davis,20.0,FLD-016,Valley Field,341.89,10.7,36.9,Routine,201.19,None,0.65,Medium
LOG-04303,2023-01-23,EQ-100,Planter,2022-05-16,FARM-10,OP-025,Michael Williams,15.0,FLD-020,West Field,220.65,3.7,23.1,None,0.0,None,0.22,Low
LOG-00550,2024-06-14,EQ-025,Harvester,2016-10-31,FARM-08,OP-027,Emily Johnson,5.0,FLD-018,River Field,208.98,5.3,20.2,None,0.0,None,0.39,Medium
LOG-00933,2023-08-08,EQ-013,Tractor,2019-01-10,FARM-06,OP-035,Sarah Wilson,6.0,FLD-006,North Field,264.76,2.6,11.1,Routine,494.85,None,0.41,Medium
LOG-02610,2022-09-27,EQ-098,Harvester,2021-06-29,FARM-10,OP-020,James Hernandez,9.0,FLD-010,Hill Field,315.35,3.0,11.2,None,0.0,None,0.03,Low
LOG-02846,"November 02, 2023",EQ-078,Harvester,2017-02-23,FARM-04,OP-016,David Jones,4.0,FLD-004,Sunny Field,103.14,3.2,18.0,Inspection,1158.43,None,0.09,Low
LOG-00297,2024-07-30,EQ-007,Tractor,2021-04-17,FARM-04,OP-003,Sarah Jones,13.0,FLD-004,Sunny Field,103.14,1.2,9.2,Inspection,711.95,None,0.98,High
LOG-05129,2023-12-25,EQ-024,Tractor,2021-10-31,FARM-03,OP-016,David Jones,4.0,FLD-013,Valley Field,169.83,1.7,8.5,None,0.0,None,0.41,Medium
LOG-01216,2022-07-19,EQ-082,Tractor,2015-07-27,FARM-09,OP-029,,5.0,FLD-019,North Field,158.9,1.4,9.4,Inspection,1059.85,None,0.77,High
LOG-02305,2023-11-29,,Tractr,2022-01-05,FARM-05,OP-044,James Miller,11.0,FLD-019,North Field,158.9,2.6,12.5,Routine,136.02,None,0.95,High
LOG-04963,2023-11-29,EQ-011,Harvester,2017-05-31,FARM-06,OP-012,,18.0,FLD-016,Valley Field,341.89,3.5,15.0,None,0.0,None,0.61,Medium
LOG-05455,2022-12-06,EQ-073,Tractor,2022-05-23,FARM-07,OP-010,Robert Anderson,8.0,FLD-017,East Field,311.6,5.4,20.2,None,0.0,None,0.11,Low
LOG-03505,22-08-2024,EQ-099,Tractor,2021-12-11,FARM-02,OP-028,Alice Wilson,12.0,FLD-018,River Field,208.98,8.2,28.8,None,0.0,None,0.79,High
LOG-04018,2022-01-08,EQ-062,,2020-10-20,FARM-08,OP-037,John Williams,11.0,FLD-012,River Field,258.49,,73.8,Inspection,534.07,None,0.14,Low
LOG-01624,2023-05-21,EQ-089,Planter,2016-09-26,FARM-04,OP-009,David Anderson,12.0,FLD-011,South Field,362.68,9.8,57.8,Routine,,None,0.98,High
LOG-00101,2023/11/27,EQ-035,Sprayer,2023-05-18,FARM-10,OP-045,Michael Wilson,3.0,FLD-010,Hill Field,315.35,4.9,19.1,Repair,1003.15,Filter,0.15,Low
LOG-05749,2022-01-01,EQ-011,Harvester,2017-05-31,FARM-06,OP-035,Sarah Wilson,6.0,FLD-020,West Field,220.65,2.3,9.0,None,0.0,None,0.75,High
LOG-04383,2023-01-27,EQ-024,Tractor,2021-10-31,FARM-03,OP-044,James Miller,11.0,FLD-003,Golden Field,66.67,4.5,20.5,None,0.0,None,0.07,Low
LOG-04839,2022-03-27,EQ-071,Planter,2017-09-22,FARM-08,OP-019,James Lopez,11.0,FLD-013,Valley Field,,2.1,8.0,None,0.0,None,0.88,High
LOG-03942,2023-08-18,EQ-024,Tractor,2021-10-31,FARM-03,OP-032,James Hernandez,8.0,,West Field,188.47,10.0,35.8,Repair,87.58,Belt,0.62,Medium
LOG-02016,2022-05-13,EQ-048,Tractor,2022-01-05,FARM-05,OP-037,John Williams,11.0,FLD-019,North Field,158.9,9.8,43.4,Inspection,72.87,None,0.99,High
LOG-02209,2024-02-08,,Tractor,2021-04-17,FARM-04,OP-019,James Lopez,11.0,FLD-013,Valley Field,169.83,8.5,37.1,None,0.0,None,0.85,High
LOG-05019,2024-05-11,EQ-025,Harvester,2016-10-31,FARM-08,OP-031,Alice Anderson,12.0,FLD-009,South Field,474.95,1.2,4.0,None,0.0,None,0.54,Medium
LOG-03283,2023-06-12,EQ-022,Harvester,2019-02-25,FARM-06,OP-049,Michael Williams,19.0,FLD-014,River Field,281.66,10.7,41.4,None,0.0,None,0.51,Medium
LOG-00799,"June 24, 2022",EQ-051,Tractor,2021-09-19,FARM-06,OP-029,David Miller,5.0,FLD-017,East Field,311.6,2.3,11.4,None,0.0,,0.97,High
LOG-05290,2023-07-25,EQ-056,,2023-07-13,FARM-09,OP-037,John Williams,11.0,FLD-006,North Field,264.76,7.9,27.6,Routine,1060.22,None,0.67,Medium
LOG-04271,2022-07-24,EQ-057,Harvester,2016-06-09,FARM-08,OP-017,Emily Lopez,18.0,FLD-015,West Field,216.02,10.5,38.7,None,0.0,None,0.09,Low
LOG-01411,2022-08-12,EQ-048,Tractor,2022-01-05,FARM-05,OP-031,Alice Anderson,12.0,FLD-019,North Field,158.9,8.1,37.8,None,0.0,None,0.97,High
LOG-04142,"March 22, 2024",EQ-095,Tractr,2017-01-31,FARM-02,OP-034,Grace Martinez,5.0,FLD-007,Golden Field,346.56,7.1,32.3,None,0.0,None,0.85,High
LOG-02651,2023-03-25,EQ-019,Sprayer,2015-11-23,FARM-04,OP-029,David Miller,5.0,FLD-014,River Field,281.66,10.4,46.8,None,0.0,None,0.03,Low
LOG-00347,2023-12-28,,Sprayr,2019-07-02,FARM-05,OP-037,John Williams,11.0,FLD-013,Valley Field,169.83,11.3,89.9,Inspection,393.0,None,0.32,Medium
LOG-03132,2023-03-30,EQ-031,Sprayer,2017-05-20,FARM-08,OP-049,Michael Williams,19.0,FLD-007,Golden Field,346.56,,50.0,None,0.0,None,0.6,Medium
LOG-02856,2024/01/17,EQ-001,Tractor,2015-04-13,FARM-05,OP-006,John Davis,20.0,FLD-016,Valley Field,341.89,3.7,28.4,None,0.0,None,0.41,Medium
LOG-02174,2024-06-29,EQ-019,Sprayer,2015-11-23,FARM-04,OP-008,James Rodriguez,9.0,FLD-003,Golden Field,66.67,11.6,,None,0.0,None,0.62,Medium
LOG-04848,"November 19, 2023",EQ-057,Harvester,2016-06-09,FARM-08,OP-017,Emily Lopez,18.0,FLD-020,West Field,220.65,3.2,22.9,None,0.0,None,0.9,
LOG-00682,2022-01-16,EQ-029,Sprayer,2019-07-02,FARM-05,OP-012,Daniel Wilson,18.0,FLD-014,River Field,281.66,7.4,53.5,None,0.0,None,0.5,Medium
LOG-01177,2024-05-12,EQ-059,Planter,2017-05-17,FARM-09,OP-010,Robert Anderson,8.0,FLD-018,River Field,,3.7,26.4,Routine,249.81,None,0.95,High
LOG-02573,2024-07-11,EQ-047,Sprayer,2020-08-12,FARM-03,OP-041,Chloe Brown,7.0,FLD-010,Hill Field,315.35,8.3,28.5,None,0.0,None,0.39,Medium
LOG-05889,2022-01-07,,Harvester,2022-09-05,FARM-06,OP-013,Laura Martinez,17.0,FLD-017,East Field,311.6,6.1,48.0,None,0.0,None,0.41,Medium
LOG-00088,2024-12-13,EQ-007,Tractor,2021-04-17,FARM-04,OP-009,David Anderson,12.0,FLD-014,River Field,281.66,2.3,7.6,None,0.0,None,0.36,Medium
LOG-00466,2022-05-10,EQ-083,Tractor,2016-01-18,FARM-04,OP-047,Charles Hernandez,18.0,FLD-020,West Field,220.65,9.3,55.1,None,0.0,None,0.08,Low
LOG-04411,2024-09-10,EQ-009,Sprayer,2015-01-27,FARM-03,OP-014,John Hernandez,18.0,FLD-017,East Field,311.6,6.1,20.6,None,0.0,None,0.6,Medium
LOG-05191,2024-11-27,EQ-011,,2017-05-31,,OP-048,William Smith,,FLD-004,,103.14,4.6,23.0,None,0.0,None,0.45,Medium
LOG-03549,2022-04-12,EQ-068,Sprayer,2015-10-18,FARM-09,OP-034,Grace Martinez,5.0,FLD-013,Valley Field,169.83,8.2,,None,0.0,None,0.57,Medium
LOG-01544,2023-07-28,EQ-091,Tractor,2023-05-22,FARM-06,OP-032,James Hernandez,8.0,FLD-008,West Field,188.47,11.9,,Routine,131.37,None,0.35,Medium
LOG-04994,2024-03-18,EQ-093,Planter,2020-08-21,FARM-09,OP-045,Michael Wilson,,FLD-019,North Field,158.9,5.7,37.2,Repair,481.25,None,0.2,Low
LOG-05808,2024-01-17,EQ-050,Harvester,2021-01-18,FARM-09,OP-001,William Anderson,9.0,FLD-007,Golden Field,346.56,9.9,45.0,None,0.0,None,0.7,High
LOG-02993,2024-04-27,EQ-042,Planter,2020-12-07,FARM-05,OP-030,Alice Jones,12.0,FLD-017,,311.6,10.5,72.6,,0.0,None,0.99,High
LOG-01322,2022-02-19,EQ-068,Sprayer,2015-10-18,FARM-09,OP-013,Laura Martinez,17.0,FLD-003,Golden Field,,7.9,50.1,None,0.0,None,0.8,High
LOG-00158,2024-06-30,EQ-010,Planter,2018-10-25,FARM-05,OP-029,David Miller,5.0,FLD-006,North Field,264.76,12.0,84.6,None,0.0,None,0.98,High
LOG-00352,"July 26, 2022",,Tractor,2022-01-05,FARM-05,OP-046,Michael Garcia,17.0,FLD-013,Valley Field,169.83,4.7,21.7,None,0.0,None,0.73,High
LOG-02985,2023-06-24,EQ-071,Planter,2017-09-22,FARM-08,OP-014,John Hernandez,18.0,FLD-017,East Field,311.6,7.1,37.0,None,0.0,None,0.03,Low
LOG-02723,2023-02-02,EQ-028,Tractor,2017-07-27,FARM-01,OP-006,John Davis,20.0,FLD-013,Valley Field,169.83,5.9,40.7,None,0.0,None,0.68,Medium
LOG-02930,2024-11-02,EQ-061,Planter,2022-07-14,,OP-049,Michael Williams,19.0,FLD-012,River Field,258.49,2.8,14.7,Repair,875.3,Filter,0.84,High
LOG-02756,2022-03-26,EQ-070,Harvester,2021-01-17,FARM-03,OP-031,Alice Anderson,12.0,FLD-016,Valley Field,341.89,5.7,35.2,None,0.0,None,0.2,Low
LOG-04644,2023-09-20,EQ-013,Tractor,2019-01-10,FARM-06,OP-029,David Miller,5.0,FLD-014,River Field,281.66,4.6,35.2,None,0.0,None,0.94,High
LOG-02813,"January 03, 2023",EQ-004,Tractor,2021-08-15,FARM-07,OP-025,Michael Williams,15.0,FLD-020,West Field,,1.7,8.0,None,0.0,None,0.2,Low
LOG-03155,"March 01, 2022",EQ-025,Harvester,,FARM-08,OP-002,James Hernandez,11.0,FLD-002,,223.83,11.3,47.7,None,0.0,None,0.77,
LOG-01868,2024-06-04,EQ-008,Planter,2017-06-21,FARM-08,OP-028,Alice Wilson,12.0,FLD-013,,169.83,2.7,14.5,Routine,1409.51,None,0.13,Low
LOG-00744,2022-01-03,EQ-048,Tractor,2022-01-05,FARM-05,OP-041,Chloe Brown,,FLD-015,West Field,216.02,10.5,35.2,None,0.0,None,0.34,Medium
LOG-05785,2024-10-03,EQ-084,Harvester,2019-07-23,FARM-08,OP-020,,9.0,FLD-016,Valley Field,341.89,2.7,17.8,None,0.0,None,0.7,High
LOG-00085,2023/03/01,EQ-027,Harvester,2022-09-05,FARM-06,OP-005,Daniel Garcia,3.0,FLD-018,River Field,208.98,7.5,53.0,None,0.0,None,0.77,High
LOG-05109,2022-06-30,EQ-056,Tractr,2023-07-13,FARM-09,OP-047,Charles Hernandez,18.0,FLD-005,North Field,357.3,3.3,,Repair,1047.5,Engine,0.08,Low
LOG-05484,2024-02-13,EQ-075,Planter,2023-03-06,FARM-01,OP-013,Laura Martinez,17.0,FLD-002,Hill Field,223.83,2.2,16.1,None,0.0,None,0.85,High
LOG-02477,2022-11-07,EQ-083,Tractor,2016-01-18,FARM-04,OP-006,John Davis,20.0,FLD-006,North Field,264.76,2.0,14.3,None,0.0,None,0.37,Medium
LOG-06589,2024-03-19,EQ-093,Planter,2020-08-21,FARM-09,OP-023,Michael Smith,1.0,FLD-002,Hill Field,223.83,6.1,48.7,Inspection,1010.87,None,0.44,Medium
LOG-03215,19-06-2022,EQ-082,Tractor,2015-07-27,FARM-09,OP-038,Grace Gonzalez,8.0,FLD-004,Sunny Field,103.14,11.0,51.1,None,0.0,,0.1,Low
LOG-02442,2023-02-12,EQ-097,,2016-05-06,FARM-10,OP-049,Michael Williams,19.0,FLD-006,North Field,264.76,3.2,17.9,Inspection,1200.15,None,0.02,Low
LOG-02844,2024-08-08,EQ-052,Planter,2015-03-21,FARM-02,OP-036,Jessica Anderson,14.0,FLD-017,,311.6,8.8,46.2,Inspection,1378.73,,0.44,Medium
LOG-01657,2023-02-24,EQ-091,Tractor,2023-05-22,FARM-06,OP-041,Chloe Brown,,FLD-010,Hill Field,315.35,11.3,70.8,None,0.0,None,0.41,Medium
LOG-04716,2022-05-24,EQ-011,Harvester,2017-05-31,FARM-06,OP-014,John Hernandez,18.0,FLD-012,River Field,258.49,4.4,27.6,None,,None,0.74,High
LOG-01088,2022-08-27,EQ-048,Tractor,2022-01-05,FARM-05,OP-001,William Anderson,9.0,FLD-004,Sunny Field,103.14,1.9,10.3,None,0.0,None,0.51,Medium
LOG-06418,2022-05-14,EQ-010,Planter,2018-10-25,FARM-05,OP-015,Laura Anderson,4.0,FLD-001,Sunny Field,222.94,4.2,29.5,None,0.0,None,0.96,High
LOG-02096,2023-04-21,EQ-040,,2021-09-08,FARM-02,OP-024,William Gonzalez,5.0,FLD-008,West Field,188.47,1.8,7.5,None,0.0,None,0.82,High
LOG-06638,2023-06-23,EQ-069,Harvester,2018-02-14,FARM-08,OP-016,David Jones,4.0,FLD-004,Sunny Field,103.14,5.1,19.4,None,0.0,None,0.91,High
LOG-06192,"March 19, 2023",EQ-034,Harvester,2023-05-10,FARM-09,OP-010,Robert Anderson,8.0,FLD-004,Sunny Field,103.14,9.8,43.5,None,0.0,None,0.5,Medium
LOG-01917,2023-09-01,EQ-092,Tractor,2015-07-25,FARM-10,OP-036,Jessica Anderson,14.0,FLD-019,North Field,158.9,11.0,69.2,Repair,635.29,Filter,0.32,Medium
LOG-01029,28-01-2022,EQ-095,Tractor,2017-01-31,FARM-02,,,4.0,FLD-017,East Field,311.6,3.6,21.9,None,0.0,None,,Medium
LOG-05103,2023-08-09,EQ-054,Tractor,2017-09-13,FARM-10,OP-048,William Smith,4.0,FLD-020,West Field,220.65,9.0,43.6,Routine,1026.09,None,0.57,Medium
LOG-00168,2022-06-16,EQ-073,Tractor,2022-05-23,,OP-003,Sarah Jones,,FLD-001,Sunny Field,222.94,1.5,9.3,None,0.0,None,0.65,Medium
LOG-03957,2023-07-30,EQ-003,Tractor,2022-08-03,FARM-09,OP-001,William Anderson,9.0,FLD-012,River Field,258.49,5.4,32.3,None,0.0,None,0.4,Medium
LOG-05757,2023-09-08,EQ-018,Tractor,2015-07-07,FARM-04,OP-014,John Hernandez,18.0,FLD-005,North Field,357.3,5.2,34.8,None,0.0,,0.47,Medium
LOG-06479,"December 28, 2022",EQ-096,Tractor,2022-07-28,FARM-04,,Alice Wilson,12.0,FLD-020,West Field,220.65,10.3,42.0,None,0.0,None,0.8,High
LOG-01545,"August 06, 2023",EQ-069,Harvester,2018-02-14,FARM-08,OP-024,William Gonzalez,5.0,FLD-015,West Field,216.02,2.2,8.1,None,0.0,None,0.33,Medium
LOG-04728,2024-12-13,EQ-022,,2019-02-25,FARM-06,OP-020,James Hernandez,9.0,FLD-005,North Field,357.3,5.1,29.0,None,0.0,None,0.49,Medium
LOG-05644,2023-10-11,EQ-074,Sprayer,2019-10-01,FARM-07,OP-023,Michael Smith,1.0,FLD-008,West Field,188.47,3.7,25.4,None,0.0,None,0.72,High
LOG-05905,2023/01/23,EQ-036,Planter,2021-07-18,FARM-07,OP-001,William Anderson,9.0,FLD-018,River Field,208.98,1.0,5.3,None,0.0,None,0.39,Medium
LOG-05618,2023/01/17,EQ-001,Tractor,2015-04-13,FARM-05,OP-011,Sophia Jones,6.0,FLD-009,South Field,474.95,10.5,54.0,None,0.0,None,0.26,Low
LOG-01398,2022-12-08,EQ-058,Harvester,2017-12-21,FARM-09,OP-027,Emily Johnson,5.0,FLD-008,West Field,188.47,6.9,47.6,Repair,1453.97,None,0.33,Medium
LOG-06409,13-03-2023,EQ-083,Tractor,2016-01-18,FARM-04,OP-004,David Hernandez,10.0,FLD-010,Hill Field,,5.2,20.0,None,0.0,None,0.41,Medium
LOG-06099,2023-11-01,EQ-042,Planter,2020-12-07,FARM-05,,Sophia Jones,6.0,FLD-011,South Field,362.68,10.7,69.5,None,0.0,None,0.33,Medium
LOG-03817,2023-10-05,EQ-032,Planter,2022-03-18,FARM-08,OP-046,Michael Garcia,17.0,FLD-012,River Field,258.49,5.0,32.4,None,0.0,None,0.05,Low
LOG-01262,2023-07-29,EQ-062,Planter,2020-10-20,FARM-08,OP-043,Sarah Brown,1.0,FLD-016,Valley Field,341.89,4.5,29.9,None,0.0,None,0.27,Low
LOG-04732,2022-06-07,EQ-008,Planter,2017-06-21,,OP-045,Michael Wilson,3.0,FLD-010,Hill Field,315.35,6.1,45.8,Routine,971.11,None,0.25,Low
LOG-05152,2022-01-15,EQ-027,Harvester,2022-09-05,FARM-06,OP-021,Chloe Jones,2.0,FLD-006,North Field,264.76,10.3,,None,0.0,None,0.8,High
LOG-06593,2022-03-09,EQ-073,,2022-05-23,FARM-07,OP-015,Laura Anderson,4.0,FLD-007,Golden Field,346.56,5.0,32.3,None,0.0,None,0.67,Medium
LOG-05634,2023-02-09,EQ-024,Tractor,2021-10-31,FARM-03,OP-047,Charles Hernandez,18.0,FLD-016,Valley Field,341.89,7.2,56.7,None,0.0,None,0.1,Low
LOG-06215,14-07-2023,EQ-061,Planter,2022-07-14,FARM-06,OP-049,Michael Williams,19.0,FLD-009,South Field,474.95,2.6,9.7,None,0.0,None,0.68,Medium
LOG-02698,2024-10-16,EQ-030,Tractor,2017-05-14,FARM-10,OP-038,Grace Gonzalez,8.0,FLD-012,River Field,258.49,6.6,31.1,None,0.0,None,0.38,Medium
LOG-02819,2024-11-12,EQ-093,Planter,2020-08-21,FARM-09,OP-043,Sarah Brown,1.0,FLD-005,North Field,357.3,2.0,6.0,None,0.0,None,0.77,High
LOG-03024,19-12-2023,EQ-022,Harvester,2019-02-25,FARM-06,OP-014,John Hernandez,18.0,FLD-008,West Field,188.47,1.7,7.7,None,0.0,None,0.36,Medium
LOG-03341,2022-05-26,EQ-063,Tractor,2017-10-12,FARM-04,OP-036,Jessica Anderson,14.0,FLD-017,East Field,311.6,2.0,14.4,None,0.0,None,0.85,High
LOG-01562,2022-02-22,EQ-057,Harvester,2016-06-09,FARM-08,OP-008,James Rodriguez,9.0,FLD-013,Valley Field,169.83,5.9,39.6,None,0.0,None,0.38,Medium
LOG-02346,2024-05-03,EQ-092,Tractor,,FARM-10,OP-015,Laura Anderson,4.0,FLD-019,North Field,158.9,4.8,,None,0.0,None,0.17,Low
LOG-03766,2024-08-20,EQ-071,Planter,2017-09-22,FARM-08,OP-019,James Lopez,11.0,FLD-005,North Field,357.3,3.8,24.2,None,0.0,None,0.71,High
LOG-05373,2024-05-31,EQ-009,Sprayer,2015-01-27,FARM-03,OP-037,John Williams,11.0,FLD-008,West Field,188.47,5.3,23.5,Inspection,481.35,None,0.96,High
LOG-03705,2024-12-11,EQ-081,,2015-11-05,FARM-08,OP-038,Grace Gonzalez,8.0,FLD-020,West Field,220.65,,35.5,None,0.0,None,0.61,Medium
LOG-03950,2022-03-15,EQ-098,Harvester,,FARM-10,OP-031,Alice Anderson,12.0,FLD-010,Hill Field,315.35,4.5,33.0,Repair,1097.16,Blade,0.17,Low
LOG-00983,2024-08-21,EQ-027,Harvester,2022-09-05,FARM-06,OP-047,Charles Hernandez,18.0,FLD-003,Golden Field,66.67,9.7,58.9,Inspection,612.77,,0.87,High
LOG-01003,2023/02/26,EQ-009,Sprayer,2015-01-27,FARM-03,OP-025,Michael Williams,15.0,FLD-010,Hill Field,315.35,3.6,22.7,Routine,133.31,None,0.52,Medium
LOG-00374,2023/10/17,EQ-019,Sprayer,2015-11-23,FARM-04,OP-039,Michael Williams,4.0,FLD-009,South Field,474.95,11.0,83.3,Routine,612.74,None,0.4,Medium
LOG-06652,2022-08-09,EQ-066,Tractor,2015-10-18,FARM-01,OP-020,James Hernandez,9.0,FLD-020,West Field,220.65,6.8,33.7,None,0.0,None,0.88,High
LOG-05046,2022-06-16,EQ-048,Tractor,2022-01-05,FARM-05,OP-025,Michael Williams,15.0,FLD-003,Golden Field,66.67,11.2,75.9,None,0.0,None,,Medium
LOG-01596,10-09-2022,EQ-036,Planter,2021-07-18,FARM-07,OP-009,David Anderson,12.0,FLD-013,Valley Field,169.83,9.0,53.4,None,0.0,None,0.21,Low
LOG-00309,03-03-2024,EQ-047,Sprayer,2020-08-12,FARM-03,OP-021,Chloe Jones,2.0,FLD-005,North Field,,10.5,61.3,None,0.0,None,0.68,Medium
LOG-01021,2023-03-28,EQ-044,Sprayer,2023-08-15,FARM-06,OP-013,Laura Martinez,17.0,FLD-003,Golden Field,66.67,11.5,40.1,,,None,0.66,Medium
LOG-04358,"August 03, 2023",EQ-083,Tractor,2016-01-18,FARM-04,OP-044,James Miller,11.0,FLD-004,Sunny Field,103.14,2.8,16.6,None,0.0,None,0.5,Medium
LOG-06223,2022-12-07,EQ-028,Tractor,2017-07-27,FARM-01,OP-016,David Jones,4.0,FLD-017,East Field,311.6,4.6,16.3,None,0.0,None,0.54,Medium
LOG-01175,2022-01-06,EQ-012,Tractor,2016-01-15,FARM-07,OP-016,David Jones,4.0,FLD-012,River Field,258.49,3.2,23.2,None,0.0,None,0.47,Medium
LOG-01729,2024-07-09,EQ-094,Harvester,,FARM-09,OP-018,David Jones,10.0,FLD-003,Golden Field,66.67,5.3,21.0,None,,None,0.71,
LOG-01318,2023-04-30,EQ-061,Planter,2022-07-14,FARM-06,OP-021,Chloe Jones,2.0,FLD-008,West Field,188.47,2.2,16.3,None,0.0,None,0.39,Medium
LOG-04376,"August 16, 2023",EQ-024,Tractor,2021-10-31,FARM-03,OP-028,Alice Wilson,12.0,FLD-012,River Field,258.49,10.7,55.5,None,0.0,None,0.98,High
LOG-05520,2023-05-12,EQ-028,Tractor,2017-07-27,FARM-01,OP-040,Charles Wilson,2.0,FLD-016,Valley Field,341.89,2.3,10.6,Inspection,513.68,None,0.68,Medium
LOG-01845,2023-05-30,EQ-078,Harvester,2017-02-23,FARM-04,OP-037,John Williams,11.0,FLD-013,Valley Field,,6.8,34.3,None,0.0,None,0.5,Medium
LOG-06580,2024-09-12,EQ-088,Planter,2018-03-14,FARM-07,OP-033,Emily Garcia,18.0,FLD-002,Hill Field,223.83,11.6,38.3,Repair,508.38,Blade,,High
LOG-04061,2024-07-09,EQ-057,Harvester,2016-06-09,FARM-08,OP-035,Sarah Wilson,6.0,FLD-010,Hill Field,315.35,5.9,35.2,None,0.0,None,0.54,Medium
LOG-04296,2023-09-12,EQ-091,Tractor,2023-05-22,FARM-06,OP-050,Michael Smith,4.0,FLD-012,River Field,,3.1,20.2,Routine,887.58,None,0.54,Medium
LOG-00813,2022/04/26,EQ-046,Harvester,2020-02-02,FARM-01,OP-027,Emily Johnson,5.0,FLD-012,River Field,258.49,8.3,35.2,None,0.0,None,0.59,Medium
LOG-00066,2024/10/16,EQ-080,Harvester,2018-02-14,FARM-08,OP-044,James Miller,,FLD-008,West Field,188.47,11.0,40.9,None,0.0,None,0.26,Low
LOG-01426,2023-07-28,EQ-014,Sprayer,,FARM-08,OP-047,Charles Hernandez,18.0,FLD-007,Golden Field,346.56,3.0,17.5,Repair,807.36,Hydraulics,0.76,High
LOG-04077,"July 14, 2022",EQ-046,Harvester,2020-02-02,FARM-01,OP-022,Robert Hernandez,14.0,FLD-004,Sunny Field,103.14,8.4,56.3,None,0.0,None,0.83,High
LOG-03348,2023-03-23,EQ-020,Tractor,2019-04-06,FARM-05,OP-031,Alice Anderson,12.0,FLD-009,South Field,474.95,7.6,28.7,None,0.0,None,0.77,High
LOG-03480,2024/10/27,EQ-043,,2022-08-18,FARM-02,OP-039,Michael Williams,4.0,FLD-006,North Field,264.76,8.7,47.4,None,0.0,None,0.46,Medium
LOG-01922,2023-07-14,EQ-053,Sprayer,2018-06-13,FARM-04,OP-001,William Anderson,9.0,,East Field,311.6,7.3,48.5,None,0.0,None,0.49,Medium
LOG-01872,2022-01-05,EQ-083,Tractor,2016-01-18,FARM-04,OP-010,Robert Anderson,8.0,FLD-002,Hill Field,223.83,6.2,19.6,None,0.0,None,0.84,High
LOG-02447,2023-04-18,EQ-008,Planter,2017-06-21,FARM-08,OP-006,John Davis,20.0,FLD-006,North Field,264.76,9.1,52.6,None,0.0,None,0.49,Medium
LOG-02092,2023-11-23,EQ-022,Harvester,2019-02-25,FARM-06,OP-009,David Anderson,12.0,FLD-016,Valley Field,341.89,6.6,52.2,None,0.0,None,0.28,Low
LOG-01401,2023-04-15,EQ-021,Planter,2022-02-16,FARM-06,OP-035,Sarah Wilson,6.0,FLD-013,Valley Field,169.83,4.2,16.0,None,0.0,None,0.42,Medium
LOG-03689,"March 10, 2022",EQ-063,Tractor,2017-10-12,FARM-04,OP-041,,7.0,FLD-020,,220.65,7.4,36.3,Inspection,170.2,None,0.15,Low
LOG-00487,2022-12-23,EQ-034,Harvester,2023-05-10,FARM-09,OP-038,Grace Gonzalez,8.0,FLD-018,River Field,208.98,5.1,25.0,None,0.0,None,0.89,High
LOG-04398,"October 28, 2024",EQ-014,Sprayer,2015-06-27,FARM-08,OP-002,James Hernandez,11.0,FLD-018,,208.98,5.4,42.5,Routine,676.38,None,0.76,High
LOG-03028,2022/04/03,EQ-012,Tractor,2016-01-15,FARM-07,OP-020,James Hernandez,9.0,FLD-020,West Field,220.65,1.3,9.9,None,0.0,None,0.91,High
LOG-04315,"April 01, 2024",EQ-073,Tractor,2022-05-23,,OP-022,Robert Hernandez,14.0,FLD-014,River Field,,4.4,13.8,None,0.0,None,0.21,
LOG-03787,27-03-2023,EQ-040,Planter,2021-09-08,FARM-02,OP-009,David Anderson,12.0,FLD-006,North Field,264.76,5.0,32.6,None,0.0,None,0.76,High
LOG-00922,22-09-2024,EQ-048,Tractor,2022-01-05,FARM-05,OP-020,James Hernandez,9.0,FLD-010,Hill Field,315.35,1.3,4.8,None,0.0,None,0.42,Medium
LOG-00323,2024-08-10,EQ-006,Harvester,2017-08-10,FARM-09,OP-026,Grace Rodriguez,1.0,FLD-003,Golden Field,66.67,10.5,72.1,None,0.0,,0.09,Low
LOG-00249,2022-04-20,EQ-065,Harvester,2021-08-07,FARM-04,OP-048,William Smith,4.0,FLD-012,River Field,258.49,2.1,8.7,Routine,927.49,None,0.61,Medium
LOG-05967,2024-05-16,,Planter,2017-02-18,FARM-02,OP-027,,5.0,FLD-019,North Field,158.9,9.5,,None,0.0,None,0.03,Low
LOG-02272,2022-11-30,EQ-061,Planter,2022-07-14,,OP-012,,18.0,,East Field,,11.1,67.2,None,0.0,,,High
LOG-02058,2024-01-20,EQ-021,Planter,2022-02-16,FARM-06,OP-006,John Davis,20.0,FLD-013,Valley Field,169.83,1.2,5.6,None,0.0,None,0.93,High
LOG-04223,2024-08-14,EQ-024,Tractor,2021-10-31,FARM-03,OP-024,William Gonzalez,5.0,FLD-012,River Field,258.49,8.5,58.4,None,0.0,None,0.66,Medium
LOG-01559,07-01-2023,EQ-019,Sprayer,2015-11-23,FARM-04,OP-014,John Hernandez,18.0,FLD-010,Hill Field,315.35,2.1,11.9,None,,None,0.05,Low
LOG-00232,2023-10-03,EQ-041,Planter,2019-04-13,,OP-014,John Hernandez,18.0,FLD-012,River Field,,5.6,32.6,None,0.0,None,0.15,Low
LOG-01182,2022-12-22,EQ-083,Tractor,2016-01-18,FARM-04,OP-003,Sarah Jones,13.0,FLD-020,West Field,220.65,6.5,19.9,None,0.0,None,0.68,Medium
LOG-06155,2023-07-25,EQ-092,Tractor,2015-07-25,,OP-004,David Hernandez,10.0,FLD-004,Sunny Field,103.14,6.6,33.6,None,0.0,None,0.45,Medium
LOG-04248,"January 27, 2024",EQ-011,Harvester,2017-05-31,FARM-06,OP-006,John Davis,20.0,,Sunny Field,103.14,10.3,39.8,Inspection,463.3,None,0.04,Low
LOG-01062,2023/10/22,EQ-085,Planter,2017-05-25,FARM-07,OP-013,Laura Martinez,17.0,FLD-001,Sunny Field,222.94,1.2,5.8,Routine,1220.96,None,0.33,Medium
LOG-05236,2022-03-12,EQ-004,Tractor,2021-08-15,FARM-07,,David Miller,5.0,FLD-006,North Field,264.76,7.8,42.0,None,0.0,None,0.96,High
LOG-04941,2022-10-06,EQ-083,Tractor,2016-01-18,FARM-04,OP-047,Charles Hernandez,18.0,FLD-004,Sunny Field,103.14,,60.2,None,0.0,None,0.92,High
LOG-00092,2023-07-18,EQ-019,Sprayer,2015-11-23,FARM-04,OP-005,Daniel Garcia,3.0,FLD-005,North Field,357.3,7.9,46.8,None,0.0,None,0.38,Medium
LOG-02903,2022-02-02,EQ-097,,2016-05-06,FARM-10,OP-027,Emily Johnson,5.0,FLD-013,Valley Field,169.83,2.4,11.4,None,0.0,None,0.37,Medium
LOG-00319,25-08-2022,EQ-033,Harvester,2017-12-20,FARM-03,OP-050,Michael Smith,4.0,FLD-004,,103.14,,19.4,Routine,1301.25,None,0.25,Low
LOG-03850,2022/10/01,EQ-098,Harvester,2021-06-29,FARM-10,OP-049,Michael Williams,19.0,FLD-009,South Field,474.95,7.1,34.1,None,0.0,None,0.67,Medium
LOG-06065,2023-06-22,EQ-023,Harvester,2022-07-08,FARM-05,OP-018,David Jones,10.0,FLD-015,West Field,216.02,11.5,71.4,None,0.0,None,0.34,Medium
LOG-06667,2023-01-03,EQ-032,Planter,2022-03-18,FARM-08,OP-032,James Hernandez,8.0,FLD-012,River Field,258.49,1.2,8.5,None,0.0,None,,Low
LOG-05193,2023-12-19,EQ-046,Harvester,2020-02-02,FARM-01,OP-003,Sarah Jones,13.0,,West Field,220.65,6.3,36.9,None,0.0,None,0.53,Medium
LOG-00966,"November 08, 2024",EQ-025,Harvester,2016-10-31,FARM-08,OP-037,John Williams,11.0,FLD-005,North Field,357.3,3.8,1939.9999999999998,,0.0,None,0.45,Medium
LOG-06014,2023-09-24,EQ-045,Tractor,2018-04-17,FARM-07,OP-002,James Hernandez,11.0,FLD-015,West Field,216.02,3.4,,Routine,340.0,None,0.36,Medium
LOG-05188,2024-08-18,EQ-048,Tractor,2022-01-05,FARM-05,OP-042,Daniel Garcia,10.0,FLD-020,West Field,220.65,3.7,25.1,None,0.0,None,0.1,
LOG-04938,"July 14, 2022",EQ-058,Harvester,2017-12-21,FARM-09,OP-003,,13.0,FLD-017,East Field,311.6,11.8,35.5,None,0.0,None,0.69,Medium
LOG-06724,2023-11-09,EQ-074,Sprayer,2019-10-01,FARM-07,OP-027,Emily Johnson,5.0,FLD-002,Hill Field,223.83,7.0,42.3,None,0.0,None,0.98,High
LOG-06034,2024-07-12,EQ-093,Planter,2020-08-21,FARM-09,OP-010,Robert Anderson,8.0,FLD-017,East Field,311.6,1.7,12.5,None,0.0,None,0.52,Medium
LOG-03104,2024-04-17,EQ-001,Tractor,2015-04-13,FARM-05,OP-001,William Anderson,9.0,FLD-014,River Field,281.66,7.0,23.1,None,0.0,None,0.96,High
LOG-01042,2022-01-27,EQ-020,Tractor,2019-04-06,,OP-013,Laura Martinez,17.0,FLD-001,Sunny Field,222.94,10.5,69.8,None,0.0,None,0.41,Medium
LOG-03004,2023-03-23,EQ-003,Tractor,2022-08-03,FARM-09,OP-005,Daniel Garcia,3.0,FLD-014,River Field,281.66,11.3,68.5,None,0.0,None,0.75,High
LOG-06565,2023-02-04,,Harvester,2022-07-08,FARM-05,OP-005,Daniel Garcia,3.0,FLD-019,North Field,158.9,10.4,65.3,None,0.0,None,0.09,Low
LOG-04708,2022-05-06,EQ-032,Planter,2022-03-18,FARM-08,OP-013,Laura Martinez,17.0,FLD-008,West Field,188.47,6.6,32.1,None,0.0,None,0.53,Medium
LOG-02888,2022-10-10,EQ-047,Sprayer,2020-08-12,FARM-03,OP-015,Laura Anderson,,FLD-001,Sunny Field,222.94,9.2,31.0,None,0.0,,0.03,Low
LOG-05348,2023-12-22,EQ-048,Tractor,2022-01-05,FARM-05,OP-022,Robert Hernandez,14.0,FLD-020,West Field,220.65,10.7,65.4,None,0.0,None,0.39,Medium
LOG-03050,2024-10-22,EQ-028,Tractor,2017-07-27,FARM-01,OP-020,James Hernandez,9.0,FLD-006,North Field,264.76,5.4,37.1,None,,,0.44,Medium
LOG-03275,2022-08-17,EQ-011,Harvester,2017-05-31,,OP-047,Charles Hernandez,18.0,FLD-004,Sunny Field,103.14,2.6,16.3,None,0.0,None,0.28,Low
LOG-02334,06-01-2024,EQ-092,Tractor,2015-07-25,FARM-10,OP-029,David Miller,5.0,FLD-016,Valley Field,,10.4,37.8,None,0.0,None,0.25,Low
LOG-02070,2022-03-20,EQ-074,Sprayer,2019-10-01,FARM-07,OP-013,Laura Martinez,17.0,FLD-016,Valley Field,341.89,9.7,54.9,None,0.0,None,0.01,Low
LOG-01906,18-05-2022,EQ-080,Harvester,2018-02-14,FARM-08,OP-041,Chloe Brown,7.0,FLD-016,Valley Field,,11.7,78.7,None,0.0,None,0.93,High
LOG-04013,2022-03-16,EQ-075,Planter,2023-03-06,FARM-01,OP-015,Laura Anderson,4.0,FLD-006,North Field,264.76,6.5,46.8,None,0.0,None,0.04,Low
LOG-03564,2022-06-16,EQ-013,Tractor,2019-01-10,FARM-06,OP-032,James Hernandez,8.0,FLD-016,Valley Field,341.89,10.4,67.6,Inspection,550.83,None,0.5,
LOG-03754,2024-04-24,EQ-060,Harvester,2022-12-30,FARM-05,OP-011,Sophia Jones,6.0,FLD-004,Sunny Field,103.14,,19.9,None,,,0.72,High
LOG-04698,2023-11-03,EQ-036,Planter,2021-07-18,FARM-07,OP-037,John Williams,11.0,FLD-014,River Field,281.66,10.7,43.3,None,0.0,None,0.5,Medium
LOG-02630,2024-07-30,EQ-095,Tractor,2017-01-31,FARM-02,,Grace Gonzalez,8.0,FLD-018,River Field,208.98,9.1,55.4,None,0.0,None,0.54,Medium
LOG-02198,"September 17, 2022",EQ-009,Sprayer,2015-01-27,FARM-03,OP-050,Michael Smith,4.0,FLD-017,East Field,311.6,8.7,52.0,None,0.0,None,0.55,Medium
LOG-00712,2023-11-28,EQ-012,Tractor,2016-01-15,FARM-07,OP-024,William Gonzalez,5.0,FLD-018,River Field,208.98,1.9,10.1,None,0.0,None,0.64,Medium
LOG-03662,"December 25, 2023",EQ-046,Harvester,2020-02-02,FARM-01,OP-006,John Davis,20.0,FLD-017,,311.6,11.3,86.5,Routine,558.25,None,0.04,Low
LOG-05984,2023-02-18,EQ-090,Sprayr,2017-06-10,FARM-01,OP-032,James Hernandez,8.0,FLD-010,Hill Field,315.35,7.6,28.0,Routine,,None,0.07,Low
LOG-01484,2023-05-15,EQ-079,Planter,2016-07-28,FARM-07,OP-033,Emily Garcia,18.0,FLD-018,River Field,208.98,8.6,27.9,None,0.0,None,0.22,Low
LOG-00266,2024-01-07,EQ-054,Tractor,2017-09-13,FARM-10,OP-035,,6.0,FLD-002,Hill Field,223.83,8.7,61.4,None,,None,0.91,High
LOG-03828,2023-01-12,EQ-055,Tractor,2015-12-17,FARM-08,OP-037,John Williams,11.0,FLD-001,Sunny Field,222.94,11.4,44.7,Routine,693.98,None,,High
LOG-03316,2023-10-19,EQ-084,Harvester,2019-07-23,FARM-08,OP-043,Sarah Brown,1.0,FLD-018,River Field,208.98,2.1,8.6,Routine,588.41,None,0.76,High
LOG-06300,2024-04-13,EQ-042,Planter,2020-12-07,FARM-05,OP-008,James Rodriguez,9.0,FLD-018,River Field,208.98,10.5,80.9,Routine,722.74,None,0.73,High
LOG-06632,2022-07-17,EQ-074,Sprayr,2019-10-01,FARM-07,OP-045,Michael Wilson,3.0,FLD-008,West Field,188.47,-11.2,50.9,None,0.0,None,0.46,Medium
LOG-00790,2023-02-14,EQ-078,Harvester,2017-02-23,FARM-04,OP-014,John Hernandez,18.0,FLD-019,,158.9,3.0,14.3,Routine,1276.5,None,0.93,High
LOG-05672,2024-02-07,EQ-022,Harvester,2019-02-25,FARM-06,OP-019,James Lopez,11.0,FLD-010,Hill Field,315.35,5.1,27.1,None,0.0,None,0.51,Medium
LOG-05741,2024-12-06,EQ-047,Sprayer,2020-08-12,FARM-03,OP-041,Chloe Brown,7.0,FLD-019,North Field,158.9,4.2,28.5,None,0.0,None,0.73,High
LOG-05401,2022-10-09,EQ-086,Tractor,2016-11-05,FARM-07,OP-022,Robert Hernandez,14.0,FLD-013,Valley Field,169.83,4.0,23.9,None,0.0,None,0.72,High
LOG-00839,2024-05-15,EQ-095,Tractor,2017-01-31,FARM-02,OP-027,Emily Johnson,5.0,FLD-011,South Field,362.68,10.6,75.3,None,0.0,None,0.69,Medium
LOG-00015,2022-02-25,EQ-051,Tractor,2021-09-19,FARM-06,OP-038,Grace Gonzalez,8.0,FLD-019,North Field,,1.9,9.8,None,0.0,None,0.19,Low
LOG-02576,2023-01-08,EQ-031,Sprayer,2017-05-20,FARM-08,OP-031,Alice Anderson,12.0,FLD-016,Valley Field,341.89,6.0,43.7,None,0.0,None,0.42,Medium
LOG-02790,2022-07-12,EQ-083,Tractor,2016-01-18,FARM-04,OP-041,Chloe Brown,,FLD-014,River Field,281.66,,,None,0.0,None,0.52,Medium
LOG-03837,25-10-2022,,Harvester,2016-06-09,FARM-08,OP-011,Sophia Jones,6.0,FLD-018,River Field,208.98,1.7,6.7,Inspection,1007.34,None,0.82,High
LOG-05764,,EQ-036,Planter,2021-07-18,,OP-050,Michael Smith,4.0,FLD-016,Valley Field,341.89,10.2,3170.0,None,0.0,None,0.62,
LOG-00009,2024-12-03,EQ-032,Planter,2022-03-18,FARM-08,OP-041,Chloe Brown,7.0,FLD-009,South Field,474.95,6.3,26.4,None,0.0,None,0.71,High
LOG-06750,2023-09-25,EQ-018,Tractor,2015-07-07,FARM-04,OP-021,Chloe Jones,2.0,FLD-007,Golden Field,346.56,6.6,30.4,Inspection,1089.21,None,0.45,Medium
LOG-01787,"August 18, 2023",EQ-038,Planter,2016-01-08,FARM-01,OP-011,Sophia Jones,6.0,FLD-002,Hill Field,223.83,7.6,39.0,None,0.0,None,,High
LOG-00333,2023-09-24,EQ-099,Tractor,2021-12-11,FARM-02,OP-014,John Hernandez,18.0,FLD-015,West Field,216.02,6.1,44.3,Routine,1221.02,None,0.31,Medium
LOG-04417,2023-01-30,EQ-041,Planter,2019-04-13,,,Emily Garcia,18.0,FLD-011,South Field,362.68,11.0,38.8,None,0.0,None,0.63,Medium
LOG-05228,2022-08-02,EQ-056,Tractor,2023-07-13,FARM-09,OP-045,Michael Wilson,3.0,FLD-003,Golden Field,66.67,11.9,70.8,None,0.0,None,0.23,Low
LOG-05554,"November 23, 2022",EQ-030,Tractor,2017-05-14,FARM-10,OP-007,Emily Johnson,18.0,FLD-004,Sunny Field,103.14,11.6,55.5,None,0.0,None,0.31,Medium
LOG-05518,2024-01-30,EQ-078,Harvester,2017-02-23,FARM-04,OP-018,,10.0,FLD-004,Sunny Field,103.14,10.6,37.2,None,0.0,None,0.76,High
LOG-02771,"January 12, 2022",EQ-076,Tractor,2015-09-06,FARM-07,OP-015,Laura Anderson,4.0,FLD-013,Valley Field,169.83,8.6,43.9,Routine,816.87,None,0.46,Medium
LOG-02500,2024-12-06,EQ-075,Planter,2023-03-06,,OP-011,Sophia Jones,6.0,FLD-001,Sunny Field,,2.1,13.2,None,0.0,None,0.76,High
LOG-02590,2023-03-16,EQ-029,Sprayer,2019-07-02,FARM-05,OP-047,Charles Hernandez,18.0,FLD-008,West Field,188.47,5.5,37.4,None,0.0,None,0.82,High
LOG-04829,"May 08, 2023",,Tractor,2021-09-19,FARM-06,OP-012,Daniel Wilson,18.0,FLD-012,River Field,258.49,8.5,36.2,None,0.0,None,0.9,High
LOG-06427,2024-02-20,EQ-087,Tractor,2019-05-19,FARM-05,OP-045,Michael Wilson,3.0,FLD-013,Valley Field,169.83,9.2,30.9,Routine,185.94,None,0.53,Medium
LOG-00340,06-06-2024,EQ-060,Harvester,2022-12-30,FARM-05,OP-004,David Hernandez,10.0,FLD-006,North Field,264.76,10.0,49.7,Routine,,None,0.18,Low
LOG-02184,2022-08-08,EQ-093,Planter,2020-08-21,FARM-09,OP-025,Michael Williams,15.0,FLD-012,River Field,258.49,9.6,50.9,None,0.0,None,0.8,High
LOG-04775,2023-03-03,EQ-066,Tractor,2015-10-18,FARM-01,,Laura Martinez,,FLD-005,North Field,357.3,7.2,45.0,None,0.0,None,0.76,High
LOG-01979,19-12-2024,EQ-033,Harvester,2017-12-20,FARM-03,OP-034,Grace Martinez,5.0,FLD-004,Sunny Field,103.14,9.1,39.2,None,0.0,None,0.95,High
LOG-04699,2022-04-19,EQ-087,Tractor,2019-05-19,FARM-05,OP-038,Grace Gonzalez,8.0,FLD-019,North Field,158.9,2.6,18.5,None,0.0,None,0.34,Medium
LOG-02478,2024-02-02,EQ-038,Planter,2016-01-08,FARM-01,OP-033,Emily Garcia,18.0,FLD-004,Sunny Field,103.14,6.9,50.7,None,0.0,None,0.54,Medium
LOG-03704,2023-04-01,EQ-093,Planter,2020-08-21,FARM-09,OP-018,David Jones,10.0,FLD-001,,222.94,3.4,27.1,None,0.0,None,0.26,Low
LOG-02935,2023-10-08,,Tractor,2015-12-17,FARM-08,OP-003,Sarah Jones,13.0,FLD-019,North Field,158.9,10.0,30.7,None,0.0,None,,High
LOG-05049,2022-05-18,EQ-037,Sprayer,2017-06-17,FARM-03,OP-003,Sarah Jones,13.0,FLD-011,South Field,362.68,7.3,32.0,None,0.0,None,0.29,Low
LOG-00623,2024-08-02,EQ-039,Tractor,2016-09-18,FARM-03,OP-050,,4.0,FLD-010,Hill Field,315.35,2.8,12.5,None,0.0,None,0.69,Medium
LOG-03974,2022-12-07,EQ-010,Planter,2018-10-25,FARM-05,OP-006,John Davis,20.0,FLD-017,East Field,311.6,5.4,36.4,None,0.0,None,0.34,Medium
LOG-06140,2023-06-08,EQ-100,Planter,2022-05-16,FARM-10,OP-033,Emily Garcia,18.0,FLD-020,West Field,,2.9,13.1,None,0.0,None,0.61,Medium
LOG-02198,2022-09-17,EQ-009,Sprayer,2015-01-27,FARM-03,OP-050,Michael Smith,4.0,FLD-017,East Field,311.6,8.7,52.0,None,0.0,None,0.55,Medium
LOG-05386,2024-04-06,EQ-084,Harvester,2019-07-23,FARM-08,OP-027,Emily Johnson,5.0,FLD-007,Golden Field,346.56,6.1,46.8,None,0.0,None,0.51,Medium
LOG-01903,,EQ-070,Harvester,2021-01-17,FARM-03,OP-017,Emily Lopez,18.0,FLD-001,Sunny Field,222.94,11.9,45.4,None,0.0,None,0.52,Medium
LOG-02953,2024-01-02,EQ-017,Sprayer,2021-06-22,FARM-04,OP-019,James Lopez,11.0,FLD-002,Hill Field,223.83,1.8,8.8,None,0.0,None,0.11,Low
LOG-05004,2022-11-11,EQ-095,Tractor,2017-01-31,FARM-02,OP-004,David Hernandez,10.0,FLD-007,Golden Field,346.56,4.8,19.1,None,0.0,None,0.84,High
LOG-02506,2023-09-03,EQ-082,Tractor,2015-07-27,FARM-09,OP-001,William Anderson,9.0,FLD-015,West Field,216.02,10.8,63.7,None,0.0,None,0.45,Medium
LOG-02182,2024-05-17,EQ-034,Harvester,2023-05-10,FARM-09,OP-006,John Davis,20.0,FLD-019,North Field,158.9,2.2,,None,0.0,None,0.55,Medium
LOG-01804,05-03-2022,EQ-099,,2021-12-11,FARM-02,OP-005,Daniel Garcia,3.0,FLD-014,River Field,281.66,5.6,32.5,None,0.0,None,0.77,High
LOG-01264,2022-06-03,EQ-027,Harvester,2022-09-05,FARM-06,OP-045,Michael Wilson,3.0,FLD-003,Golden Field,66.67,11.7,38.6,Routine,363.4,None,0.81,High
LOG-00197,"September 01, 2024",EQ-071,Planter,2017-09-22,FARM-08,OP-011,Sophia Jones,6.0,FLD-014,River Field,281.66,6.3,25.2,None,0.0,None,0.32,Medium
LOG-03800,2024-08-15,EQ-100,Planter,2022-05-16,FARM-10,OP-016,David Jones,4.0,FLD-019,North Field,158.9,5.4,22.8,None,0.0,None,0.89,High
LOG-01563,2023-02-11,EQ-058,Harvester,2017-12-21,FARM-09,OP-029,David Miller,5.0,FLD-013,Valley Field,169.83,3.3,16.2,None,0.0,None,0.1,Low
LOG-01145,14-02-2022,EQ-054,Tractor,2017-09-13,FARM-10,OP-034,Grace Martinez,5.0,FLD-017,East Field,311.6,2.8,12.2,None,0.0,None,0.29,Low
LOG-06416,2024-02-29,EQ-094,Harvester,2015-08-21,FARM-09,OP-040,Charles Wilson,2.0,FLD-012,River Field,258.49,3.1,10.4,None,0.0,None,0.84,High
LOG-04007,"December 01, 2022",,Planter,2017-02-18,FARM-02,OP-002,James Hernandez,11.0,,River Field,208.98,9.3,46.8,None,0.0,None,0.58,Medium
LOG-00433,2024-08-26,EQ-072,Planter,2017-02-18,FARM-02,OP-050,Michael Smith,4.0,FLD-020,West Field,220.65,8.9,42.9,None,0.0,None,0.11,
LOG-02192,2024-01-03,EQ-015,Tractor,2019-03-31,FARM-02,OP-038,Grace Gonzalez,,FLD-008,West Field,,8.3,65.9,None,0.0,None,0.17,Low
LOG-05560,2023-10-26,EQ-078,Harvester,2017-02-23,FARM-04,OP-043,Sarah Brown,1.0,FLD-006,North Field,264.76,1.7,8.5,None,0.0,None,0.16,Low
LOG-05868,2024-01-29,EQ-018,Tractor,2015-07-07,FARM-04,OP-027,Emily Johnson,5.0,FLD-001,Sunny Field,222.94,4.5,32.5,None,0.0,None,0.15,Low
LOG-06487,17-11-2024,EQ-078,Harvester,2017-02-23,FARM-04,OP-014,John Hernandez,18.0,FLD-012,River Field,258.49,,29.1,Routine,557.23,None,0.81,High
LOG-05286,2022-12-27,EQ-023,Harvester,2022-07-08,FARM-05,OP-022,Robert Hernandez,14.0,FLD-020,West Field,220.65,4.8,16.8,None,0.0,None,0.35,Medium
LOG-04623,2022-10-30,EQ-050,Harvester,2021-01-18,,OP-011,Sophia Jones,6.0,FLD-012,River Field,258.49,8.2,26.4,Inspection,369.35,None,0.11,Low
LOG-02927,2024-01-11,EQ-057,Harvester,2016-06-09,FARM-08,OP-001,William Anderson,9.0,FLD-007,Golden Field,346.56,1.6,7.8,Routine,940.83,None,0.18,Low
LOG-01721,2024-09-03,EQ-014,Sprayer,2015-06-27,FARM-08,OP-005,,3.0,FLD-011,South Field,362.68,7.7,28.5,None,0.0,None,0.49,Medium
LOG-00605,2022-03-23,EQ-072,Planter,2017-02-18,FARM-02,OP-046,Michael Garcia,17.0,FLD-001,Sunny Field,222.94,3.7,20.9,None,0.0,None,0.4,Medium
LOG-05519,2022-11-18,EQ-047,Sprayr,2020-08-12,,OP-024,William Gonzalez,5.0,FLD-008,West Field,188.47,11.0,44.3,None,,None,0.5,
LOG-02865,2022-01-11,EQ-029,Sprayer,2019-07-02,FARM-05,OP-021,Chloe Jones,2.0,FLD-003,Golden Field,66.67,8.6,46.0,None,0.0,None,0.77,High
LOG-04237,,EQ-016,Sprayer,2022-01-18,,OP-010,Robert Anderson,8.0,FLD-005,North Field,357.3,-2.6,14.1,None,0.0,None,0.8,High
LOG-01078,2022-04-18,EQ-092,Tractor,,FARM-10,OP-014,John Hernandez,18.0,FLD-008,West Field,188.47,11.2,,None,0.0,None,0.72,High
LOG-04462,2023/09/01,EQ-048,Tractor,2022-01-05,FARM-05,OP-004,David Hernandez,10.0,FLD-008,West Field,188.47,3.7,22.8,None,0.0,None,0.53,Medium
LOG-05820,2024-11-13,EQ-068,Sprayr,2015-10-18,FARM-09,OP-050,Michael Smith,4.0,,River Field,208.98,1.1,7.1,Routine,531.66,None,0.2,Low
LOG-02700,28-07-2023,EQ-098,Harvester,2021-06-29,FARM-10,OP-048,William Smith,4.0,FLD-012,River Field,258.49,5.7,30.3,Repair,569.25,Tire,0.11,Low
LOG-04174,2023-02-03,EQ-076,,2015-09-06,FARM-07,OP-019,James Lopez,11.0,FLD-007,Golden Field,346.56,11.9,60.1,None,0.0,None,0.5,Medium
LOG-03327,2023-05-28,,Harvester,2023-05-10,FARM-09,OP-031,Alice Anderson,12.0,FLD-001,Sunny Field,222.94,5.3,25.9,None,0.0,None,0.39,Medium
LOG-06348,05-06-2024,EQ-059,Planter,2017-05-17,FARM-09,OP-050,Michael Smith,4.0,FLD-013,Valley Field,169.83,4.1,25.4,None,0.0,None,0.81,High
LOG-04455,2023-09-19,EQ-076,Tractor,2015-09-06,FARM-07,OP-016,David Jones,4.0,FLD-002,Hill Field,223.83,5.7,40.1,Routine,62.63,None,0.57,Medium
LOG-06214,2023/08/31,EQ-088,Planter,2018-03-14,FARM-07,OP-017,Emily Lopez,18.0,FLD-005,North Field,357.3,7.7,5590.0,Inspection,336.42,None,0.5,Medium
LOG-05922,2022-12-11,EQ-093,Planter,2020-08-21,FARM-09,OP-041,Chloe Brown,7.0,FLD-012,River Field,258.49,9.2,32.1,None,0.0,None,0.74,High
LOG-01500,2022-02-16,EQ-077,,2023-12-24,FARM-02,OP-037,John Williams,,FLD-014,River Field,281.66,4.6,19.5,None,0.0,None,0.47,Medium
LOG-01508,2024-01-15,EQ-093,Planter,2020-08-21,FARM-09,OP-050,,4.0,FLD-002,Hill Field,223.83,-5.4,41.2,None,0.0,None,0.44,Medium
LOG-00905,2024-03-16,EQ-022,,2019-02-25,FARM-06,OP-028,Alice Wilson,12.0,FLD-002,Hill Field,223.83,9.4,59.2,None,0.0,None,0.89,High
LOG-06561,2024-03-08,,Harvester,2015-08-21,FARM-09,OP-018,David Jones,10.0,FLD-019,North Field,158.9,10.0,61.1,None,0.0,None,0.64,
LOG-06241,2023-03-23,EQ-053,Sprayer,2018-06-13,FARM-04,OP-044,James Miller,11.0,FLD-002,Hill Field,223.83,6.6,41.1,Inspection,1145.82,None,0.19,Low
LOG-03593,"September 09, 2024",EQ-047,Sprayer,2020-08-12,FARM-03,OP-022,,14.0,FLD-001,Sunny Field,222.94,7.1,55.8,None,0.0,None,0.53,Medium
LOG-06209,2023-03-22,EQ-007,Tractor,2021-04-17,FARM-04,OP-050,Michael Smith,4.0,FLD-014,River Field,281.66,5.8,37.6,None,0.0,None,0.34,Medium
LOG-04435,2022-02-15,EQ-021,Planter,2022-02-16,FARM-06,OP-019,James Lopez,11.0,FLD-015,West Field,216.02,4.1,23.1,Repair,1405.6,Belt,0.07,Low
LOG-04230,2023-11-07,EQ-020,Tractor,2019-04-06,FARM-05,OP-029,David Miller,5.0,FLD-015,West Field,216.02,4.3,29.4,None,0.0,,0.5,Medium
LOG-01407,2022-02-17,EQ-042,Planter,2020-12-07,FARM-05,OP-028,Alice Wilson,12.0,FLD-017,East Field,311.6,4.3,22.8,Routine,1455.43,None,0.57,Medium
LOG-03412,2022-03-08,EQ-080,Harvester,2018-02-14,FARM-08,OP-038,Grace Gonzalez,8.0,FLD-002,Hill Field,223.83,8.1,26.2,,0.0,None,0.73,High
LOG-01546,"November 07, 2022",EQ-100,Planter,2022-05-16,FARM-10,OP-047,Charles Hernandez,18.0,FLD-014,River Field,281.66,10.6,63.1,None,0.0,None,0.56,Medium
LOG-04095,2023-04-29,EQ-014,Sprayer,2015-06-27,FARM-08,OP-017,Emily Lopez,,FLD-002,Hill Field,223.83,4.0,23.3,None,0.0,None,0.56,Medium
LOG-03129,2024-07-19,EQ-005,Tractor,2015-05-03,FARM-02,OP-018,David Jones,10.0,FLD-003,Golden Field,66.67,8.8,39.9,None,0.0,None,0.35,Medium
LOG-04707,2022-05-16,EQ-037,Sprayer,2017-06-17,FARM-03,OP-007,Emily Johnson,18.0,FLD-020,West Field,220.65,6.3,44.2,None,0.0,None,0.06,Low
LOG-01821,"October 11, 2023",EQ-031,Sprayer,2017-05-20,FARM-08,OP-010,Robert Anderson,8.0,FLD-001,Sunny Field,222.94,9.4,36.3,None,0.0,None,0.39,Medium
LOG-00255,,EQ-046,Harvester,2020-02-02,FARM-01,OP-036,Jessica Anderson,,FLD-003,Golden Field,66.67,10.5,32.1,None,0.0,None,0.77,High
LOG-06312,,EQ-097,Planter,2016-05-06,FARM-10,OP-005,Daniel Garcia,3.0,FLD-014,River Field,281.66,3.5,16.6,,0.0,None,0.64,Medium
LOG-00222,2023-05-01,EQ-074,Sprayer,2019-10-01,FARM-07,OP-039,Michael Williams,,FLD-011,South Field,362.68,4.3,16.0,None,0.0,None,0.23,Low
LOG-03746,2024-04-03,EQ-018,,2015-07-07,,OP-035,Sarah Wilson,6.0,FLD-005,North Field,,9.9,74.8,Inspection,1337.69,None,0.25,Low
LOG-02088,2024/12/08,,Planter,2016-07-28,FARM-07,OP-034,Grace Martinez,5.0,FLD-004,Sunny Field,103.14,6.2,20.5,None,0.0,None,0.14,Low
LOG-02416,2024-01-04,EQ-015,Tractor,2019-03-31,FARM-02,OP-041,Chloe Brown,7.0,FLD-019,North Field,,2.5,16.2,None,0.0,None,0.21,Low
LOG-04764,2024-01-27,EQ-094,Harvester,2015-08-21,FARM-09,OP-016,David Jones,4.0,FLD-002,Hill Field,223.83,5.4,28.5,Routine,1195.05,None,0.13,Low
LOG-03245,2024-09-03,EQ-018,Tractor,2015-07-07,FARM-04,OP-021,Chloe Jones,2.0,FLD-011,South Field,362.68,6.3,23.7,None,0.0,None,0.6,Medium
LOG-01481,2022-06-06,EQ-073,Tractor,2022-05-23,FARM-07,OP-030,Alice Jones,12.0,FLD-002,,223.83,4.6,14.7,None,0.0,None,,High
LOG-05846,2023-03-12,EQ-032,Plntr,2022-03-18,FARM-08,OP-004,David Hernandez,10.0,FLD-018,River Field,208.98,4.7,17.2,None,0.0,None,0.04,Low
LOG-02699,2024-08-03,EQ-082,Tractor,2015-07-27,FARM-09,OP-003,Sarah Jones,13.0,FLD-020,West Field,220.65,2.8,18.7,Routine,478.67,None,0.3,Medium
LOG-03659,2023-03-20,EQ-094,Harvester,2015-08-21,FARM-09,OP-007,,18.0,FLD-002,Hill Field,223.83,7.6,41.3,None,0.0,None,0.5,Medium
LOG-05096,2022-08-10,EQ-045,Tractor,2018-04-17,FARM-07,OP-015,Laura Anderson,4.0,FLD-014,River Field,281.66,2.4,12.0,None,0.0,None,0.4,Medium
LOG-02264,2024-07-24,EQ-016,Sprayer,2022-01-18,FARM-10,OP-030,,12.0,FLD-016,Valley Field,341.89,4.2,,None,0.0,None,0.49,Medium
LOG-05199,2024-03-10,EQ-011,Harvester,2017-05-31,FARM-06,OP-012,Daniel Wilson,18.0,FLD-011,South Field,362.68,6.3,23.2,Routine,1050.69,None,0.83,High
LOG-00377,2023-08-09,EQ-014,Sprayer,2015-06-27,FARM-08,OP-037,John Williams,11.0,FLD-004,Sunny Field,103.14,10.5,77.7,None,0.0,None,0.27,Low
LOG-00756,22-09-2024,EQ-084,Harvester,2019-07-23,FARM-08,OP-042,Daniel Garcia,10.0,FLD-011,South Field,362.68,7.5,48.6,None,0.0,None,0.45,Medium
LOG-00292,2022-10-19,EQ-087,Tractor,2019-05-19,FARM-05,,Grace Rodriguez,1.0,FLD-016,Valley Field,341.89,7.4,32.1,None,0.0,None,0.45,Medium
LOG-05707,21-11-2023,EQ-032,Planter,2022-03-18,FARM-08,OP-017,Emily Lopez,18.0,FLD-019,North Field,158.9,4.2,15.4,,0.0,None,0.38,Medium
LOG-03572,2023/09/11,EQ-044,Sprayer,2023-08-15,FARM-06,OP-008,James Rodriguez,9.0,FLD-001,Sunny Field,222.94,7.0,52.4,None,0.0,None,0.58,Medium
LOG-00189,2024-12-27,EQ-041,Planter,2019-04-13,FARM-10,OP-012,Daniel Wilson,18.0,FLD-015,West Field,216.02,4.8,22.9,None,0.0,None,0.72,High
LOG-01617,2024-04-08,EQ-026,Planter,2018-01-10,FARM-09,OP-006,John Davis,20.0,FLD-003,Golden Field,66.67,10.4,38.8,None,0.0,,0.36,Medium
LOG-03906,2023-03-31,EQ-086,Tractor,2016-11-05,FARM-07,OP-035,Sarah Wilson,6.0,FLD-008,West Field,188.47,3.9,24.0,None,0.0,None,0.75,High
LOG-03304,2023/10/10,EQ-008,,2017-06-21,FARM-08,OP-011,Sophia Jones,6.0,FLD-020,West Field,220.65,6.5,34.2,None,0.0,None,0.24,Low
LOG-03894,"January 16, 2023",EQ-002,Harvester,2017-07-03,FARM-03,OP-032,James Hernandez,8.0,FLD-018,River Field,208.98,7.1,38.6,None,0.0,None,0.06,Low
LOG-00502,2023-01-23,EQ-070,Harvester,2021-01-17,FARM-03,OP-027,Emily Johnson,5.0,FLD-009,South Field,474.95,1.1,7.4,Routine,807.68,None,0.52,Medium
LOG-01169,2023-06-28,EQ-064,Tractor,2018-10-16,FARM-01,OP-043,Sarah Brown,1.0,FLD-012,River Field,258.49,9.9,64.9,Routine,53.16,None,0.92,High
LOG-02389,2024-11-07,EQ-020,Tractr,2019-04-06,FARM-05,OP-010,Robert Anderson,8.0,FLD-006,North Field,264.76,1.2,4.2,None,0.0,None,0.26,Low
LOG-02032,2024-11-08,EQ-076,Tractor,2015-09-06,FARM-07,OP-050,Michael Smith,4.0,FLD-010,Hill Field,315.35,4.0,30.0,None,0.0,None,0.83,High
LOG-03039,"November 09, 2023",EQ-055,Tractor,2015-12-17,FARM-08,OP-020,James Hernandez,9.0,FLD-005,North Field,357.3,9.4,67.6,None,0.0,,0.55,Medium
LOG-04085,2022-03-09,EQ-024,Tractor,2021-10-31,FARM-03,OP-027,Emily Johnson,5.0,FLD-005,,357.3,8.1,61.4,None,0.0,None,0.59,Medium
LOG-06476,2022-08-19,EQ-016,Sprayer,2022-01-18,FARM-10,OP-002,James Hernandez,11.0,FLD-001,Sunny Field,222.94,-4.3,25.6,None,0.0,None,0.12,Low
LOG-00673,2022-11-02,EQ-001,Tractor,2015-04-13,FARM-05,OP-049,Michael Williams,19.0,FLD-005,North Field,357.3,6.0,26.7,None,0.0,None,0.45,Medium
LOG-03933,2022-10-17,EQ-094,Harvester,2015-08-21,FARM-09,OP-050,Michael Smith,4.0,FLD-018,River Field,208.98,4.3,14.1,None,0.0,None,,Medium
LOG-02459,2023-05-31,EQ-020,Tractor,2019-04-06,FARM-05,OP-023,,1.0,FLD-004,Sunny Field,103.14,8.6,33.5,None,0.0,None,0.88,High
LOG-01154,2022-08-06,EQ-100,Planter,2022-05-16,FARM-10,OP-050,Michael Smith,4.0,FLD-019,North Field,158.9,8.9,57.3,None,0.0,None,0.26,Low
LOG-01184,2022-09-14,EQ-012,Tractor,2016-01-15,FARM-07,OP-034,,5.0,FLD-013,,169.83,9.2,46.0,Routine,618.82,None,0.82,High
LOG-02155,07-09-2023,EQ-068,Sprayer,2015-10-18,FARM-09,OP-018,David Jones,10.0,FLD-016,Valley Field,341.89,3.2,16.0,Repair,335.0,Filter,0.56,Medium
LOG-05481,29-08-2022,EQ-098,Harvester,2021-06-29,FARM-10,OP-045,Michael Wilson,3.0,FLD-006,North Field,264.76,4.4,23.9,Routine,656.34,None,0.11,
LOG-01783,2024-02-17,EQ-081,Harvstr,2015-11-05,FARM-08,OP-007,Emily Johnson,18.0,FLD-015,West Field,216.02,9.2,38.7,,0.0,None,0.04,Low
LOG-00217,2022-02-16,EQ-094,Harvester,2015-08-21,FARM-09,OP-015,Laura Anderson,4.0,FLD-001,,222.94,11.8,62.7,None,0.0,None,0.43,Medium
LOG-05232,,EQ-002,Harvester,2017-07-03,FARM-03,OP-019,James Lopez,11.0,FLD-012,River Field,258.49,2.4,12.9,None,0.0,None,0.39,Medium
LOG-00422,2022-05-01,EQ-022,Harvester,2019-02-25,FARM-06,OP-008,James Rodriguez,,FLD-005,North Field,357.3,11.8,85.2,Repair,1371.28,Tire,0.8,High
LOG-05600,2022-11-14,EQ-040,Planter,2021-09-08,FARM-02,OP-016,David Jones,4.0,FLD-019,North Field,158.9,4.9,36.3,None,0.0,None,0.58,Medium
LOG-04634,2024-06-25,EQ-022,Harvester,2019-02-25,FARM-06,,Alice Jones,12.0,FLD-020,West Field,220.65,3.7,24.5,None,0.0,None,0.56,
LOG-03667,2024-12-01,EQ-052,Planter,2015-03-21,FARM-02,OP-039,Michael Williams,4.0,FLD-015,West Field,216.02,9.4,55.6,None,0.0,None,0.37,Medium
LOG-00507,2023-03-16,EQ-090,Sprayer,2017-06-10,FARM-01,OP-011,Sophia Jones,6.0,FLD-004,Sunny Field,103.14,6.6,45.7,None,0.0,None,0.61,Medium
LOG-03899,"December 13, 2024",EQ-079,Planter,2016-07-28,FARM-07,OP-018,David Jones,10.0,FLD-013,Valley Field,169.83,9.4,36.5,None,0.0,None,0.16,Low
LOG-03651,2023-09-28,EQ-045,Tractor,,FARM-07,OP-046,Michael Garcia,17.0,FLD-008,West Field,188.47,7.7,32.9,None,0.0,,0.08,Low
LOG-05397,"March 10, 2023",EQ-093,Planter,2020-08-21,FARM-09,OP-036,Jessica Anderson,14.0,FLD-001,Sunny Field,222.94,-5.9,22.8,None,0.0,None,0.77,High
LOG-04166,2022-08-31,EQ-075,Planter,2023-03-06,FARM-01,OP-044,James Miller,11.0,FLD-013,Valley Field,169.83,1.5,5.9,Inspection,312.75,None,0.31,Medium
LOG-04507,2022-02-25,EQ-020,Tractor,2019-04-06,FARM-05,OP-016,David Jones,4.0,FLD-001,Sunny Field,222.94,7.1,33.4,None,0.0,None,0.86,High
LOG-01198,2023-12-25,EQ-036,Planter,,FARM-07,OP-037,John Williams,,FLD-012,River Field,258.49,2.0,7.8,None,0.0,None,0.26,Low
LOG-03621,2024-09-02,EQ-078,Harvester,2017-02-23,FARM-04,OP-025,Michael Williams,15.0,FLD-012,River Field,258.49,2.2,16.5,,0.0,None,0.84,High
LOG-03479,2022-06-16,EQ-030,Tractor,2017-05-14,FARM-10,OP-023,Michael Smith,1.0,FLD-007,Golden Field,346.56,11.3,52.1,None,0.0,None,0.78,High
LOG-04314,2022-10-02,EQ-086,Tractor,2016-11-05,FARM-07,OP-038,Grace Gonzalez,8.0,FLD-015,,216.02,8.7,48.1,None,0.0,None,0.11,Low
LOG-06202,2022-04-13,EQ-031,Sprayer,2017-05-20,FARM-08,,Robert Anderson,8.0,FLD-011,South Field,362.68,9.5,47.1,None,0.0,None,0.19,Low
LOG-04377,2022-12-31,EQ-076,,2015-09-06,FARM-07,OP-043,Sarah Brown,1.0,FLD-007,Golden Field,346.56,6.3,45.5,None,0.0,None,0.94,High
LOG-00348,2022-02-27,EQ-095,,2017-01-31,FARM-02,OP-045,Michael Wilson,3.0,FLD-012,River Field,258.49,8.7,41.4,None,0.0,None,0.15,
LOG-06264,22-09-2023,EQ-032,Planter,2022-03-18,FARM-08,OP-050,Michael Smith,4.0,FLD-018,River Field,208.98,10.7,78.5,None,0.0,None,0.57,Medium
LOG-00334,2022-03-24,EQ-091,Tractor,2023-05-22,,OP-045,Michael Wilson,3.0,FLD-020,West Field,220.65,3.4,24.8,Repair,1081.18,Engine,0.4,Medium
LOG-04199,2023-01-20,EQ-073,Tractor,2022-05-23,FARM-07,OP-008,James Rodriguez,9.0,FLD-005,North Field,357.3,6.4,27.3,None,0.0,None,0.59,
LOG-03956,2024-02-16,EQ-004,Tractor,2021-08-15,FARM-07,OP-013,Laura Martinez,17.0,FLD-019,North Field,158.9,10.5,42.3,None,0.0,None,0.86,High
LOG-06115,2024-05-18,EQ-048,,2022-01-05,FARM-05,,Sophia Jones,6.0,FLD-020,West Field,220.65,3.8,23.3,Repair,189.24,Belt,0.14,Low
LOG-05387,2024-03-04,EQ-084,Harvester,2019-07-23,FARM-08,OP-005,Daniel Garcia,,FLD-014,River Field,281.66,1.1,5.4,None,0.0,None,0.4,Medium
LOG-06551,2023-11-18,EQ-020,Tractor,2019-04-06,FARM-05,OP-008,James Rodriguez,9.0,FLD-007,Golden Field,346.56,4.3,19.8,None,0.0,None,0.98,High
LOG-04694,2024-07-28,EQ-047,Sprayer,2020-08-12,FARM-03,OP-050,Michael Smith,4.0,FLD-011,South Field,362.68,10.9,59.2,None,0.0,None,0.56,Medium
LOG-01881,2024-06-10,EQ-075,Planter,2023-03-06,FARM-01,OP-016,David Jones,,FLD-016,Valley Field,341.89,5.5,42.1,None,0.0,None,0.67,Medium
LOG-00747,2024-01-19,EQ-007,Tractor,2021-04-17,FARM-04,OP-008,James Rodriguez,9.0,FLD-013,Valley Field,169.83,6.1,19.5,None,0.0,None,0.65,Medium
LOG-05014,2023-05-20,EQ-097,Planter,2016-05-06,FARM-10,OP-013,Laura Martinez,17.0,FLD-016,Valley Field,341.89,7.6,36.7,Inspection,1386.77,None,0.88,High
LOG-03222,2023-11-14,EQ-019,Sprayer,2015-11-23,FARM-04,OP-020,James Hernandez,9.0,FLD-013,Valley Field,169.83,3.9,29.0,None,0.0,None,0.98,High
LOG-03289,2023-12-06,EQ-005,Tractor,2015-05-03,FARM-02,OP-020,James Hernandez,9.0,FLD-017,East Field,311.6,10.4,35.9,None,0.0,None,0.16,Low
LOG-01703,2023-11-30,EQ-010,Planter,2018-10-25,FARM-05,OP-001,William Anderson,9.0,FLD-001,Sunny Field,222.94,10.6,64.5,Inspection,957.88,None,,High
LOG-03690,2023-08-01,EQ-051,Tractor,2021-09-19,FARM-06,OP-040,Charles Wilson,2.0,FLD-011,South Field,362.68,4.3,16.2,Repair,1208.9,Engine,0.69,Medium
LOG-02446,2023-05-26,EQ-045,Tractor,2018-04-17,FARM-07,OP-049,Michael Williams,19.0,FLD-011,South Field,362.68,10.9,35.8,None,0.0,None,0.37,Medium
LOG-06028,2023-01-02,EQ-062,Planter,2020-10-20,FARM-08,OP-024,William Gonzalez,5.0,FLD-013,Valley Field,169.83,6.0,40.8,None,,None,0.82,High
LOG-00260,"February 16, 2023",EQ-039,Tractor,2016-09-18,FARM-03,OP-021,Chloe Jones,,FLD-020,West Field,,6.3,24.5,None,0.0,None,0.32,Medium
LOG-01512,2023-11-09,EQ-038,Planter,2016-01-08,FARM-01,OP-045,Michael Wilson,,FLD-015,West Field,216.02,9.7,63.0,None,0.0,,0.59,Medium
LOG-03232,2024/11/14,EQ-069,Harvester,2018-02-14,FARM-08,OP-042,Daniel Garcia,10.0,FLD-001,Sunny Field,222.94,9.7,33.1,None,0.0,None,0.67,Medium
LOG-01651,2023-10-05,EQ-074,Sprayer,2019-10-01,FARM-07,OP-035,Sarah Wilson,6.0,FLD-006,North Field,264.76,9.1,51.6,Routine,489.27,None,0.19,Low
LOG-02996,2022-09-18,EQ-087,Tractor,2019-05-19,FARM-05,OP-003,Sarah Jones,13.0,FLD-012,River Field,258.49,8.1,45.6,None,0.0,None,0.67,Medium
LOG-03879,2023-07-28,EQ-088,Planter,2018-03-14,FARM-07,OP-017,Emily Lopez,18.0,FLD-020,,220.65,5.9,29.1,None,0.0,None,0.58,Medium
LOG-00600,2023-06-14,EQ-027,Harvester,2022-09-05,FARM-06,,Sarah Wilson,6.0,FLD-017,East Field,311.6,7.0,42.8,None,0.0,None,0.69,Medium
LOG-00046,2023-07-06,EQ-074,Sprayer,2019-10-01,FARM-07,OP-038,Grace Gonzalez,8.0,FLD-001,Sunny Field,222.94,7.3,49.8,Inspection,,None,0.44,Medium
LOG-05242,2024-10-17,EQ-015,Tractor,2019-03-31,FARM-02,OP-047,,18.0,,Valley Field,169.83,9.8,58.9,None,0.0,,0.25,Low
LOG-06732,2023-11-29,EQ-095,Tractor,2017-01-31,FARM-02,,Daniel Wilson,18.0,FLD-010,Hill Field,315.35,3.3,25.2,None,0.0,None,0.84,High
LOG-06471,2024-10-15,EQ-096,Tractor,2022-07-28,FARM-04,OP-005,,3.0,FLD-014,River Field,281.66,4.3,28.5,None,0.0,None,0.72,High
LOG-06707,2022-07-25,EQ-016,Sprayer,2022-01-18,,OP-041,Chloe Brown,7.0,FLD-012,River Field,258.49,3.3,16.9,None,0.0,None,0.2,
LOG-05008,2023-01-11,EQ-096,Tractor,2022-07-28,FARM-04,OP-044,James Miller,11.0,FLD-003,Golden Field,66.67,8.5,29.2,None,0.0,None,0.64,Medium
LOG-01193,2023/03/18,,Tractor,2016-01-15,FARM-07,OP-046,Michael Garcia,17.0,FLD-008,West Field,188.47,9.9,62.1,None,0.0,None,0.17,Low
LOG-04372,2024-03-20,EQ-069,Harvester,2018-02-14,FARM-08,OP-032,James Hernandez,8.0,FLD-014,River Field,281.66,11.0,49.6,None,0.0,None,0.7,High
LOG-02575,"March 15, 2024",EQ-049,Harvester,2016-09-18,FARM-06,OP-019,James Lopez,11.0,FLD-008,West Field,188.47,11.5,69.8,,0.0,None,0.83,High
LOG-04933,2023-02-16,EQ-089,Planter,2016-09-26,FARM-04,,William Gonzalez,5.0,FLD-003,Golden Field,66.67,6.2,34.8,None,0.0,None,0.22,Low
LOG-02795,2023-09-23,EQ-015,Tractor,2019-03-31,FARM-02,OP-001,William Anderson,9.0,FLD-017,East Field,311.6,4.7,30.5,None,0.0,None,0.83,High
LOG-00427,2022-04-22,EQ-050,Harvester,2021-01-18,FARM-09,OP-010,Robert Anderson,8.0,FLD-018,River Field,208.98,1.1,8.4,None,0.0,None,0.47,Medium
LOG-01353,"February 05, 2022",EQ-023,Harvester,2022-07-08,FARM-05,OP-029,David Miller,5.0,FLD-015,,216.02,5.8,30.9,None,0.0,None,0.48,Medium
LOG-00806,16-10-2024,EQ-060,,2022-12-30,FARM-05,OP-013,Laura Martinez,17.0,FLD-010,Hill Field,315.35,6.4,27.6,None,0.0,None,0.85,High
LOG-00411,2024-05-03,EQ-007,Tractor,2021-04-17,FARM-04,OP-045,,,FLD-004,Sunny Field,103.14,5.9,21.3,None,,None,0.7,High
LOG-04739,2023-09-10,EQ-054,Tractor,2017-09-13,FARM-10,OP-027,Emily Johnson,5.0,FLD-018,River Field,208.98,11.8,68.8,None,0.0,None,,High
LOG-03530,2024-04-27,EQ-029,Sprayer,2019-07-02,FARM-05,OP-021,Chloe Jones,2.0,FLD-016,Valley Field,341.89,5.9,41.9,Routine,1057.03,None,0.52,Medium
LOG-00439,2024-09-16,EQ-071,Planter,2017-09-22,FARM-08,OP-028,Alice Wilson,12.0,FLD-019,North Field,158.9,11.2,77.3,None,0.0,None,0.69,Medium
LOG-02224,2023-09-27,EQ-034,Harvester,2023-05-10,FARM-09,OP-033,Emily Garcia,18.0,FLD-006,North Field,264.76,2.4,15.3,None,0.0,None,0.24,Low
LOG-00435,2022-04-04,EQ-048,Tractor,2022-01-05,FARM-05,OP-045,Michael Wilson,3.0,FLD-004,Sunny Field,103.14,10.9,59.5,None,0.0,None,0.74,
LOG-04554,2022/05/06,EQ-087,Tractor,2019-05-19,FARM-05,OP-018,David Jones,10.0,FLD-006,North Field,264.76,2.6,11.5,None,0.0,None,0.75,High
LOG-01189,2024-09-17,EQ-073,Tractor,2022-05-23,FARM-07,OP-003,Sarah Jones,13.0,FLD-019,,158.9,1.5,6.9,None,0.0,None,0.02,Low
LOG-01673,2023-12-08,EQ-063,Tractor,2017-10-12,FARM-04,OP-040,Charles Wilson,2.0,FLD-009,South Field,474.95,11.8,73.0,None,0.0,None,0.89,High
LOG-03537,2024-03-18,EQ-043,Tractor,2022-08-18,FARM-02,OP-040,Charles Wilson,2.0,FLD-010,Hill Field,315.35,11.7,79.5,None,0.0,None,0.27,Low
LOG-02099,2024-10-01,EQ-079,Planter,2016-07-28,FARM-07,OP-025,Michael Williams,15.0,FLD-013,Valley Field,169.83,2.6,20.3,None,0.0,None,0.93,High
LOG-04726,2023-07-20,EQ-091,Tractor,2023-05-22,FARM-06,OP-045,Michael Wilson,3.0,FLD-019,North Field,158.9,4.4,31.2,None,0.0,None,0.3,Medium
LOG-04731,2023-12-05,EQ-055,Tractor,2015-12-17,FARM-08,OP-032,James Hernandez,8.0,FLD-005,North Field,357.3,10.9,73.2,None,0.0,None,0.69,Medium
LOG-02299,2024-06-26,EQ-006,Harvester,2017-08-10,FARM-09,,James Hernandez,8.0,FLD-004,Sunny Field,103.14,8.7,62.8,None,0.0,None,0.55,Medium
LOG-01050,23-09-2023,EQ-069,Harvester,2018-02-14,FARM-08,OP-043,Sarah Brown,1.0,FLD-013,Valley Field,169.83,9.1,61.5,None,0.0,None,0.86,High
LOG-00627,2022-08-22,EQ-094,Harvester,2015-08-21,FARM-09,OP-008,James Rodriguez,9.0,FLD-003,Golden Field,66.67,8.8,54.3,Routine,1075.55,None,0.72,High
LOG-05995,2024-12-26,EQ-025,Harvester,2016-10-31,,OP-039,Michael Williams,4.0,FLD-003,Golden Field,66.67,1.5,6.2,None,0.0,None,,Medium
LOG-00211,2022-12-03,EQ-074,Sprayer,2019-10-01,FARM-07,OP-035,Sarah Wilson,6.0,FLD-005,North Field,357.3,4.6,25.8,Repair,347.83,None,0.49,Medium
LOG-02226,2023-11-25,EQ-048,Tractor,2022-01-05,FARM-05,OP-019,James Lopez,11.0,FLD-015,West Field,216.02,9.1,66.9,None,0.0,None,0.09,Low
LOG-05962,2024-10-07,EQ-065,Harvester,,FARM-04,OP-005,Daniel Garcia,3.0,FLD-001,Sunny Field,222.94,1.0,6.5,Repair,1442.93,None,0.61,Medium
LOG-01731,"July 13, 2023",EQ-062,Planter,,FARM-08,OP-036,Jessica Anderson,14.0,FLD-005,North Field,357.3,11.5,62.4,None,0.0,None,0.88,High
LOG-00052,"May 06, 2023",EQ-063,Tractor,2017-10-12,FARM-04,OP-008,James Rodriguez,9.0,FLD-001,Sunny Field,222.94,8.8,40.1,Routine,641.59,None,0.23,Low
LOG-01110,2024-05-26,EQ-065,Harvester,2021-08-07,FARM-04,OP-019,,11.0,FLD-009,South Field,474.95,6.7,44.2,None,0.0,None,0.23,Low
LOG-04863,2023-04-17,EQ-020,Tractor,2019-04-06,FARM-05,OP-016,David Jones,4.0,FLD-018,River Field,208.98,6.6,29.1,Routine,1373.26,None,0.94,High
LOG-04108,2022-10-30,EQ-017,Sprayer,2021-06-22,FARM-04,OP-014,John Hernandez,18.0,FLD-003,Golden Field,66.67,4.5,19.7,None,0.0,None,0.34,Medium
LOG-05077,2022-11-06,EQ-042,Planter,2020-12-07,FARM-05,OP-034,,5.0,FLD-015,West Field,216.02,3.3,17.9,None,0.0,None,0.36,Medium
LOG-04285,2022-10-26,EQ-066,Tractor,2015-10-18,,OP-002,James Hernandez,11.0,FLD-014,River Field,281.66,3.8,17.6,None,0.0,None,0.42,Medium
LOG-00232,2023-10-03,EQ-041,Planter,2019-04-13,FARM-10,OP-014,John Hernandez,18.0,FLD-012,River Field,258.49,5.6,32.6,None,0.0,None,0.15,Low
LOG-05517,2022-01-09,EQ-012,Tractor,2016-01-15,FARM-07,OP-016,David Jones,4.0,FLD-017,,311.6,2.3,10.5,None,0.0,None,0.48,Medium
LOG-05943,2024-11-17,EQ-047,Sprayer,2020-08-12,FARM-03,OP-047,Charles Hernandez,18.0,FLD-017,East Field,311.6,6.0,27.5,None,0.0,None,0.03,
LOG-03652,2023-11-14,EQ-092,Tractor,2015-07-25,FARM-10,OP-031,Alice Anderson,12.0,FLD-004,Sunny Field,103.14,8.6,62.7,None,0.0,None,0.5,Medium
LOG-05894,2022-08-04,EQ-031,Sprayer,2017-05-20,FARM-08,OP-045,Michael Wilson,3.0,FLD-003,Golden Field,66.67,10.5,74.9,None,0.0,None,0.47,Medium
LOG-06031,2024-06-16,EQ-007,Tractor,2021-04-17,FARM-04,OP-038,,8.0,FLD-009,South Field,474.95,1.4,6.0,,0.0,,0.86,High
LOG-05430,2023-04-13,EQ-068,Sprayer,2015-10-18,FARM-09,OP-048,William Smith,,FLD-006,North Field,264.76,1.5,11.0,None,0.0,None,0.93,High
LOG-03750,2024-05-22,EQ-029,Sprayer,2019-07-02,FARM-05,OP-015,Laura Anderson,4.0,FLD-002,Hill Field,223.83,3.8,22.9,None,0.0,None,0.32,Medium
LOG-05427,2024-11-07,EQ-053,Sprayer,2018-06-13,FARM-04,OP-001,William Anderson,9.0,FLD-006,North Field,264.76,5.1,29.9,None,0.0,None,0.71,High
LOG-03313,2024-11-11,EQ-077,Sprayer,2023-12-24,FARM-02,OP-001,William Anderson,9.0,FLD-015,West Field,216.02,7.5,34.0,None,0.0,None,0.48,Medium
LOG-06687,2024-01-09,EQ-083,Tractor,2016-01-18,FARM-04,OP-049,Michael Williams,19.0,FLD-006,North Field,264.76,11.2,83.2,Inspection,109.05,None,0.41,Medium
LOG-05202,2023-04-22,EQ-026,Planter,2018-01-10,FARM-09,OP-021,Chloe Jones,2.0,FLD-016,Valley Field,341.89,8.7,63.6,Inspection,1187.32,None,0.67,Medium
LOG-06560,2024-05-13,EQ-003,Tractor,2022-08-03,,OP-047,Charles Hernandez,18.0,FLD-016,Valley Field,341.89,3.6,14.8,None,0.0,None,0.07,Low
LOG-03961,2024-12-30,EQ-097,,2016-05-06,FARM-10,OP-026,Grace Rodriguez,1.0,FLD-011,South Field,362.68,9.6,42.9,None,0.0,None,0.54,Medium
LOG-00706,"February 15, 2023",EQ-057,Harvester,2016-06-09,FARM-08,OP-005,Daniel Garcia,3.0,FLD-016,Valley Field,341.89,7.7,30.0,None,0.0,None,0.15,Low
LOG-02023,2024-08-26,EQ-090,Sprayer,2017-06-10,FARM-01,OP-002,James Hernandez,11.0,FLD-018,River Field,208.98,2.7,16.7,None,0.0,None,0.42,Medium
LOG-06064,2022-10-28,EQ-018,Tractor,2015-07-07,FARM-04,OP-038,Grace Gonzalez,8.0,FLD-010,,315.35,7.8,57.1,None,0.0,None,0.1,Low
LOG-02943,2022/04/29,EQ-070,Harvester,2021-01-17,FARM-03,OP-042,Daniel Garcia,10.0,FLD-016,Valley Field,341.89,4.6,26.4,None,0.0,None,0.08,Low
LOG-02440,2022-04-30,EQ-039,Tractor,2016-09-18,FARM-03,OP-014,John Hernandez,18.0,FLD-011,South Field,362.68,2.7,15.3,None,0.0,None,0.37,Medium
LOG-01719,2024-03-14,EQ-026,Planter,2018-01-10,FARM-09,OP-002,James Hernandez,11.0,FLD-016,Valley Field,341.89,,19.3,None,0.0,None,0.28,Low
LOG-00528,2024-02-17,EQ-002,Harvester,2017-07-03,FARM-03,OP-044,James Miller,11.0,FLD-007,Golden Field,346.56,7.4,34.2,None,,None,0.26,Low
LOG-06778,2023-07-09,EQ-049,Harvester,2016-09-18,FARM-06,OP-022,Robert Hernandez,14.0,FLD-015,West Field,216.02,3.2,24.0,Inspection,83.67,None,0.53,Medium
LOG-00566,2024-09-20,EQ-018,Tractor,2015-07-07,FARM-04,OP-017,Emily Lopez,18.0,FLD-002,Hill Field,223.83,8.8,51.0,None,0.0,None,0.49,Medium
LOG-06735,2022-02-09,EQ-056,Tractor,,FARM-09,OP-033,Emily Garcia,18.0,FLD-006,North Field,,7.3,41.9,None,0.0,None,0.17,Low
LOG-03099,2024-04-03,EQ-056,Tractor,2023-07-13,FARM-09,OP-029,David Miller,5.0,FLD-012,River Field,258.49,3.3,15.9,None,0.0,None,0.88,High
LOG-00641,2023-02-01,EQ-079,Planter,2016-07-28,FARM-07,OP-015,Laura Anderson,4.0,FLD-010,Hill Field,315.35,1.0,3.1,None,0.0,None,0.13,Low
LOG-04869,2024-09-16,EQ-008,Planter,2017-06-21,FARM-08,OP-040,Charles Wilson,2.0,FLD-002,Hill Field,223.83,3.8,16.3,None,0.0,None,0.24,Low
LOG-00731,2022-12-27,EQ-014,Sprayer,2015-06-27,FARM-08,OP-048,William Smith,4.0,FLD-002,Hill Field,223.83,2.7,8.5,None,0.0,None,0.08,Low
LOG-06138,2024-01-02,EQ-004,Tractor,2021-08-15,FARM-07,OP-034,Grace Martinez,5.0,FLD-001,Sunny Field,222.94,8.1,42.9,Routine,1339.01,None,0.81,High
LOG-06072,2024-05-02,EQ-036,Planter,2021-07-18,FARM-07,OP-014,John Hernandez,18.0,FLD-008,West Field,188.47,1.0,4.8,None,0.0,None,0.19,Low
LOG-00326,2023-12-11,EQ-053,,2018-06-13,FARM-04,OP-002,James Hernandez,11.0,FLD-008,West Field,188.47,8.0,51.7,Routine,535.78,None,0.75,High
LOG-04546,2024-06-08,EQ-076,Tractor,2015-09-06,FARM-07,OP-030,Alice Jones,12.0,FLD-007,Golden Field,346.56,6.3,41.8,None,0.0,None,0.98,High
LOG-00291,2022-09-29,EQ-036,Planter,2021-07-18,FARM-07,OP-042,Daniel Garcia,10.0,FLD-005,North Field,357.3,3.7,,None,0.0,None,0.76,High
LOG-05466,2024-09-01,EQ-066,Tractor,2015-10-18,FARM-01,OP-044,James Miller,11.0,FLD-020,West Field,220.65,4.5,15.5,None,0.0,None,0.35,Medium
LOG-05121,2022-06-04,EQ-024,Tractr,2021-10-31,FARM-03,OP-003,Sarah Jones,13.0,FLD-007,Golden Field,346.56,5.4,40.6,None,0.0,None,0.21,Low
LOG-01644,2022-05-15,EQ-015,Tractr,2019-03-31,FARM-02,OP-043,Sarah Brown,1.0,FLD-018,River Field,208.98,4.7,,None,0.0,None,0.81,High
LOG-04122,2023/03/13,EQ-045,Tractor,2018-04-17,FARM-07,OP-009,David Anderson,12.0,FLD-014,River Field,281.66,9.4,42.3,,0.0,None,0.53,Medium
LOG-04611,2023-08-20,EQ-088,Planter,2018-03-14,FARM-07,OP-014,John Hernandez,18.0,FLD-003,Golden Field,66.67,9.4,56.1,Inspection,293.54,None,0.05,Low
LOG-05725,2023-11-14,EQ-037,Sprayer,2017-06-17,FARM-03,OP-046,Michael Garcia,17.0,FLD-015,West Field,216.02,10.3,43.5,None,0.0,None,0.77,High
LOG-03540,2023-03-14,EQ-090,Sprayer,2017-06-10,FARM-01,OP-022,Robert Hernandez,14.0,FLD-003,Golden Field,66.67,5.2,27.3,None,0.0,None,0.03,Low
LOG-03962,2022-12-17,EQ-068,Sprayer,2015-10-18,FARM-09,OP-036,Jessica Anderson,14.0,FLD-007,Golden Field,346.56,3.7,17.3,None,0.0,None,0.83,High
LOG-00865,12-01-2022,EQ-059,Planter,2017-05-17,FARM-09,,Chloe Brown,7.0,FLD-009,South Field,474.95,4.6,14.8,None,0.0,None,0.45,Medium
LOG-04782,2022-01-02,EQ-047,Sprayer,2020-08-12,FARM-03,OP-027,Emily Johnson,5.0,FLD-016,Valley Field,341.89,6.1,21.4,None,0.0,None,0.01,Low
LOG-05923,2022-03-26,EQ-083,Tractor,2016-01-18,FARM-04,OP-025,Michael Williams,,FLD-012,River Field,258.49,7.1,48.7,None,0.0,None,0.66,Medium
LOG-03067,"May 17, 2024",EQ-013,Tractor,2019-01-10,FARM-06,OP-018,David Jones,10.0,FLD-018,River Field,208.98,10.0,77.9,None,0.0,None,0.03,Low
LOG-04559,2024-09-28,EQ-089,,2016-09-26,FARM-04,OP-016,David Jones,4.0,FLD-005,North Field,357.3,,38.5,None,0.0,None,0.36,Medium
LOG-02234,21-06-2024,EQ-066,Tractor,,FARM-01,OP-005,Daniel Garcia,3.0,FLD-013,Valley Field,169.83,6.2,27.5,None,,None,0.84,High
LOG-04100,2023/01/02,EQ-084,Harvester,2019-07-23,FARM-08,,David Miller,5.0,FLD-014,River Field,281.66,4.5,17.8,None,0.0,None,0.53,Medium
LOG-00372,2022-10-29,EQ-074,Sprayer,2019-10-01,FARM-07,OP-034,Grace Martinez,5.0,FLD-019,North Field,158.9,2.3,15.6,Inspection,1477.33,None,0.96,High
LOG-06073,2023-12-06,EQ-095,Tractor,2017-01-31,FARM-02,OP-007,Emily Johnson,18.0,FLD-004,Sunny Field,103.14,3.9,18.2,None,0.0,,0.65,Medium
LOG-03528,2022-08-07,,Tractor,2017-07-27,FARM-01,OP-015,Laura Anderson,4.0,FLD-012,River Field,258.49,9.3,56.4,Routine,324.86,None,0.6,Medium
LOG-04353,"June 03, 2023",EQ-078,,2017-02-23,FARM-04,OP-022,Robert Hernandez,14.0,FLD-014,River Field,281.66,8.3,28.5,None,0.0,None,0.9,High
LOG-03183,2024-03-12,EQ-014,Sprayer,2015-06-27,FARM-08,OP-022,Robert Hernandez,14.0,FLD-010,Hill Field,,,10.4,None,0.0,None,0.71,High
LOG-04005,2024/10/11,EQ-062,Planter,2020-10-20,FARM-08,OP-019,James Lopez,11.0,FLD-018,River Field,208.98,6.0,19.7,None,0.0,,0.88,High
LOG-05082,"April 03, 2022",EQ-036,Planter,2021-07-18,FARM-07,OP-029,David Miller,5.0,FLD-012,River Field,258.49,1.5,11.0,None,0.0,None,0.55,
LOG-05379,2022-11-11,EQ-042,Planter,2020-12-07,FARM-05,OP-002,James Hernandez,11.0,FLD-020,West Field,220.65,6.5,27.9,Routine,499.99,None,0.77,High
LOG-06176,2023-06-24,EQ-084,Harvester,2019-07-23,FARM-08,OP-042,Daniel Garcia,10.0,FLD-012,River Field,258.49,4.2,24.9,Routine,1204.5,None,,Low
LOG-05838,2022/02/16,EQ-003,Tractor,2022-08-03,FARM-09,OP-004,David Hernandez,10.0,FLD-018,River Field,208.98,4.9,34.4,Routine,1359.99,None,0.29,Low
LOG-06365,2024-09-29,EQ-031,Sprayer,2017-05-20,FARM-08,OP-011,Sophia Jones,6.0,FLD-008,West Field,188.47,11.3,45.8,None,0.0,None,0.17,Low
LOG-04668,2022-02-22,EQ-095,Tractor,2017-01-31,FARM-02,OP-013,Laura Martinez,17.0,FLD-003,Golden Field,66.67,9.0,31.1,None,0.0,None,0.97,High
LOG-03144,2022-10-20,EQ-094,Harvester,2015-08-21,FARM-09,OP-029,David Miller,5.0,FLD-019,North Field,158.9,3.5,15.5,None,0.0,None,0.72,High
LOG-05534,2023-04-02,EQ-023,Harvester,2022-07-08,FARM-05,OP-046,Michael Garcia,17.0,FLD-005,North Field,357.3,11.8,86.7,None,0.0,None,0.82,High
LOG-01422,2023-01-20,EQ-009,Sprayr,2015-01-27,FARM-03,OP-001,William Anderson,9.0,FLD-010,Hill Field,315.35,3.2,11.1,None,0.0,None,0.1,Low
LOG-02046,2023-12-08,EQ-017,Sprayer,2021-06-22,FARM-04,OP-030,Alice Jones,12.0,FLD-016,Valley Field,341.89,5.1,20.2,None,0.0,None,0.88,High
LOG-00123,2022/06/23,EQ-051,Tractor,2021-09-19,FARM-06,OP-009,David Anderson,12.0,FLD-020,West Field,220.65,4.4,21.5,None,0.0,,,High
LOG-00480,2022-03-17,EQ-099,Tractor,2021-12-11,FARM-02,OP-038,Grace Gonzalez,8.0,FLD-007,Golden Field,346.56,7.1,40.6,None,0.0,None,0.47,Medium
LOG-02593,2022-12-15,EQ-006,Harvester,2017-08-10,FARM-09,OP-017,Emily Lopez,18.0,FLD-003,Golden Field,66.67,10.5,43.7,Routine,100.53,None,0.65,Medium
LOG-05154,2022-08-28,EQ-052,Planter,2015-03-21,FARM-02,OP-015,Laura Anderson,4.0,FLD-008,West Field,188.47,5.2,23.2,None,0.0,None,,High
LOG-04430,2023-04-18,EQ-060,Harvester,2022-12-30,FARM-05,OP-050,Michael Smith,4.0,FLD-001,Sunny Field,222.94,3.7,17.1,None,0.0,None,0.69,Medium
LOG-06538,"July 17, 2022",EQ-056,Tractor,2023-07-13,FARM-09,OP-045,Michael Wilson,3.0,FLD-012,River Field,258.49,10.3,56.7,None,0.0,None,0.51,Medium
LOG-05026,2023-09-08,EQ-045,Tractor,2018-04-17,FARM-07,OP-039,Michael Williams,4.0,FLD-014,River Field,281.66,6.3,23.8,None,0.0,None,0.31,Medium
LOG-00941,2023-05-29,EQ-008,Planter,2017-06-21,FARM-08,OP-031,Alice Anderson,12.0,FLD-009,South Field,474.95,10.2,50.0,None,0.0,None,0.63,Medium
LOG-02285,2023-06-09,,Harvester,2015-08-21,FARM-09,OP-024,William Gonzalez,5.0,FLD-015,West Field,216.02,6.8,50.4,None,0.0,None,0.86,High
LOG-05114,2022-11-07,,Sprayer,2015-06-27,FARM-08,OP-047,Charles Hernandez,18.0,FLD-008,West Field,188.47,5.5,20.9,None,0.0,None,0.16,
LOG-00440,"August 01, 2022",EQ-023,,2022-07-08,,OP-047,Charles Hernandez,18.0,,,,5.3,31.8,None,0.0,None,0.5,Medium
LOG-00848,2023-04-05,EQ-087,Tractor,2019-05-19,FARM-05,OP-032,James Hernandez,8.0,FLD-004,Sunny Field,103.14,8.8,34.8,None,0.0,None,0.78,High
LOG-01884,2023-10-25,EQ-060,Harvester,2022-12-30,FARM-05,OP-043,Sarah Brown,1.0,FLD-013,Valley Field,169.83,5.9,41.8,None,0.0,None,0.7,High
LOG-02393,2022-08-23,EQ-062,Planter,2020-10-20,FARM-08,OP-016,David Jones,4.0,FLD-003,Golden Field,66.67,6.8,29.6,None,0.0,None,0.49,Medium
LOG-05737,2023-05-13,,Planter,2016-09-26,FARM-04,OP-015,Laura Anderson,4.0,FLD-008,West Field,188.47,7.6,52.2,None,0.0,None,0.04,Low
LOG-05009,2023-04-30,EQ-078,Harvester,2017-02-23,FARM-04,OP-014,John Hernandez,18.0,FLD-013,Valley Field,169.83,2.2,12.9,Inspection,1445.0,,0.44,Medium
LOG-01174,2024-05-13,EQ-030,Tractor,2017-05-14,FARM-10,OP-025,Michael Williams,,FLD-003,Golden Field,66.67,6.8,46.8,None,0.0,None,0.22,Low
LOG-03781,2023-01-31,EQ-007,Tractor,2021-04-17,FARM-04,OP-021,Chloe Jones,2.0,FLD-017,East Field,311.6,11.8,73.6,None,,None,0.24,Low
LOG-02520,2023-02-21,EQ-100,Planter,2022-05-16,FARM-10,OP-039,Michael Williams,4.0,FLD-012,River Field,258.49,1.2,9.4,None,0.0,None,0.3,Medium
LOG-05556,2022-12-30,EQ-097,Planter,2016-05-06,FARM-10,OP-002,James Hernandez,11.0,FLD-010,Hill Field,315.35,8.7,63.9,None,0.0,None,0.32,Medium
LOG-01742,14-11-2022,EQ-068,Sprayer,2015-10-18,FARM-09,OP-027,Emily Johnson,5.0,FLD-013,Valley Field,169.83,7.0,24.1,None,0.0,None,0.17,Low
LOG-04596,2023-11-01,EQ-094,Harvester,2015-08-21,FARM-09,OP-002,James Hernandez,11.0,FLD-017,East Field,311.6,4.7,18.3,None,0.0,None,,Medium
LOG-02523,2022-11-28,EQ-016,Sprayer,2022-01-18,FARM-10,OP-034,Grace Martinez,5.0,FLD-016,Valley Field,341.89,5.6,34.8,Routine,213.85,None,0.75,High
LOG-06222,2023-12-15,EQ-049,Harvester,2016-09-18,FARM-06,OP-015,Laura Anderson,4.0,FLD-007,Golden Field,346.56,3.9,24.0,None,,None,0.86,High
LOG-00280,2024/02/25,EQ-054,Tractor,2017-09-13,FARM-10,OP-039,Michael Williams,4.0,FLD-005,North Field,357.3,5.7,31.0,None,0.0,None,0.91,High
LOG-02390,,EQ-020,Tractor,2019-04-06,FARM-05,OP-023,Michael Smith,1.0,FLD-018,River Field,208.98,8.9,56.3,None,,,0.85,High
LOG-01537,2023-04-14,EQ-100,,2022-05-16,FARM-10,OP-047,Charles Hernandez,18.0,FLD-009,South Field,474.95,11.3,60.6,None,0.0,None,0.31,Medium
LOG-04291,2024/05/07,EQ-090,Sprayer,2017-06-10,FARM-01,OP-021,Chloe Jones,2.0,FLD-003,Golden Field,66.67,4.6,32.6,None,0.0,None,0.58,Medium
LOG-04164,"July 03, 2022",EQ-085,,2017-05-25,FARM-07,OP-039,Michael Williams,4.0,FLD-019,North Field,158.9,4.8,36.1,None,0.0,None,0.66,Medium
LOG-06189,2024-09-12,EQ-004,Tractor,2021-08-15,FARM-07,OP-035,Sarah Wilson,,FLD-001,Sunny Field,222.94,7.5,38.1,None,0.0,None,0.03,Low
LOG-03937,2023-12-26,EQ-047,Sprayr,2020-08-12,FARM-03,OP-046,Michael Garcia,17.0,FLD-006,North Field,264.76,6.3,28.9,None,0.0,None,0.7,High
LOG-06613,2023-01-24,EQ-036,Planter,2021-07-18,FARM-07,OP-050,Michael Smith,4.0,FLD-003,Golden Field,66.67,7.8,53.6,None,0.0,None,0.65,Medium
LOG-01102,2024/02/16,EQ-020,Tractor,2019-04-06,FARM-05,OP-021,Chloe Jones,2.0,FLD-014,River Field,281.66,1.3,7.8,Routine,230.7,None,0.12,Low
LOG-02733,2024-10-11,EQ-039,Tractor,2016-09-18,FARM-03,OP-001,,,FLD-014,River Field,281.66,11.9,80.5,None,0.0,None,0.03,Low
LOG-01883,2022-03-06,EQ-045,Tractor,2018-04-17,FARM-07,OP-005,Daniel Garcia,3.0,FLD-002,Hill Field,223.83,10.3,72.3,None,0.0,None,0.81,High
LOG-01478,2022-08-17,EQ-042,Plntr,2020-12-07,FARM-05,OP-020,James Hernandez,9.0,FLD-002,Hill Field,223.83,,15.6,None,0.0,None,0.25,Low
LOG-00578,2024-04-30,EQ-081,Harvester,2015-11-05,FARM-08,OP-012,Daniel Wilson,18.0,FLD-018,River Field,208.98,9.2,62.8,None,0.0,None,0.67,Medium
LOG-00060,2024-12-13,EQ-013,Tractor,2019-01-10,FARM-06,OP-029,David Miller,5.0,FLD-004,Sunny Field,103.14,11.0,33.8,Repair,1312.85,Belt,0.08,Low
LOG-05541,2024-09-19,EQ-040,Planter,2021-09-08,FARM-02,OP-045,,3.0,FLD-006,North Field,264.76,6.6,42.9,None,0.0,None,0.11,Low
LOG-00788,2024-06-02,EQ-010,Planter,2018-10-25,FARM-05,OP-002,James Hernandez,11.0,FLD-016,Valley Field,341.89,1.5,5.3,None,0.0,,0.51,Medium
LOG-06410,"December 17, 2024",EQ-033,Harvester,2017-12-20,FARM-03,OP-038,Grace Gonzalez,8.0,FLD-016,Valley Field,341.89,4.6,32.4,None,0.0,None,0.45,Medium
LOG-04447,2023-03-06,EQ-036,Planter,2021-07-18,FARM-07,OP-022,Robert Hernandez,14.0,FLD-011,South Field,362.68,5.8,39.8,None,0.0,None,0.53,Medium
LOG-01619,"November 14, 2022",EQ-006,Harvester,2017-08-10,FARM-09,OP-016,David Jones,4.0,FLD-018,River Field,208.98,8.3,36.3,None,0.0,None,0.83,High
LOG-04129,2023-01-24,EQ-050,Harvester,2021-01-18,,OP-036,Jessica Anderson,14.0,FLD-012,River Field,258.49,2.1,14.5,None,0.0,None,0.4,Medium
LOG-01863,2023-04-09,EQ-036,Planter,2021-07-18,FARM-07,OP-039,Michael Williams,4.0,FLD-008,West Field,188.47,10.0,,None,0.0,None,0.93,High
LOG-02690,2022-10-08,EQ-069,Harvester,2018-02-14,FARM-08,OP-015,Laura Anderson,4.0,FLD-019,North Field,158.9,4.2,30.6,None,0.0,None,0.23,Low
LOG-01184,2022-09-14,EQ-012,Tractor,2016-01-15,FARM-07,OP-034,Grace Martinez,5.0,FLD-013,Valley Field,,9.2,46.0,Routine,618.82,None,0.82,High
LOG-03772,2022/08/23,EQ-059,Planter,2017-05-17,FARM-09,OP-022,Robert Hernandez,14.0,FLD-007,Golden Field,346.56,11.8,80.7,Repair,1437.22,Filter,0.86,High
LOG-02898,2022-07-05,EQ-043,Tractor,2022-08-18,FARM-02,OP-015,Laura Anderson,4.0,FLD-017,East Field,311.6,2.4,7.4,None,0.0,None,0.71,High
LOG-02081,2023-08-12,EQ-042,Planter,2020-12-07,FARM-05,OP-049,Michael Williams,19.0,FLD-016,Valley Field,341.89,10.1,41.6,Inspection,960.79,None,0.13,Low
LOG-03247,2022-03-02,EQ-069,Harvester,2018-02-14,FARM-08,OP-002,James Hernandez,11.0,FLD-011,South Field,362.68,11.2,85.0,,0.0,None,0.3,Medium
LOG-04539,2024-10-24,EQ-074,Sprayer,2019-10-01,FARM-07,OP-035,Sarah Wilson,6.0,FLD-007,Golden Field,346.56,6.0,45.8,None,0.0,None,0.33,Medium
LOG-05935,2023/08/18,EQ-057,Harvester,2016-06-09,FARM-08,OP-042,Daniel Garcia,10.0,FLD-013,Valley Field,169.83,,22.7,None,0.0,None,0.86,High
LOG-00185,2024-09-10,EQ-030,Tractor,2017-05-14,FARM-10,OP-047,,18.0,FLD-002,Hill Field,223.83,2.9,17.8,None,0.0,None,0.83,High
LOG-04752,"May 13, 2022",EQ-078,Harvester,2017-02-23,FARM-04,OP-034,Grace Martinez,5.0,FLD-010,Hill Field,315.35,1.0,4.5,Routine,1462.8,None,0.04,Low
LOG-05038,2022-12-02,EQ-083,Tractor,2016-01-18,FARM-04,OP-037,John Williams,11.0,FLD-014,River Field,281.66,7.5,32.6,None,0.0,None,,Medium
LOG-00421,2023-07-11,EQ-052,Planter,2015-03-21,FARM-02,OP-026,Grace Rodriguez,1.0,FLD-015,West Field,216.02,10.2,65.8,None,0.0,None,0.42,Medium
LOG-04879,2022/05/18,EQ-020,Tractr,2019-04-06,FARM-05,OP-017,Emily Lopez,18.0,FLD-018,River Field,,3.7,15.6,None,0.0,None,0.27,Low
LOG-00554,2022-02-09,EQ-063,Tractor,2017-10-12,FARM-04,OP-013,Laura Martinez,17.0,FLD-011,South Field,362.68,2.7,21.2,Routine,1459.88,None,0.29,Low
LOG-02729,"August 30, 2022",EQ-070,Harvester,2021-01-17,FARM-03,OP-006,John Davis,20.0,FLD-006,North Field,264.76,10.0,41.1,None,0.0,None,0.3,Medium
LOG-05783,2024-06-19,EQ-079,Planter,2016-07-28,FARM-07,OP-023,Michael Smith,1.0,FLD-002,Hill Field,223.83,9.8,,None,0.0,None,,High
LOG-04367,2022-12-16,EQ-046,Harvester,2020-02-02,FARM-01,OP-026,Grace Rodriguez,1.0,FLD-018,,,10.8,45.1,Inspection,413.52,None,0.71,High
LOG-05325,2024-10-04,,Tractor,2017-09-13,FARM-10,OP-049,Michael Williams,19.0,FLD-004,Sunny Field,103.14,4.7,20.2,Repair,801.42,Tire,0.77,High
LOG-00444,2024-10-28,EQ-017,Sprayer,2021-06-22,FARM-04,OP-046,Michael Garcia,17.0,FLD-006,North Field,264.76,7.0,43.3,None,0.0,None,0.76,High
LOG-05698,2023-10-06,EQ-072,Planter,2017-02-18,FARM-02,OP-002,James Hernandez,11.0,FLD-008,West Field,188.47,5.6,43.4,None,0.0,None,0.12,Low
LOG-01570,2023-08-24,EQ-008,Planter,2017-06-21,FARM-08,,Michael Williams,4.0,FLD-007,Golden Field,346.56,5.1,25.9,Inspection,300.01,None,0.93,High
LOG-02388,,EQ-052,Planter,2015-03-21,FARM-02,OP-031,Alice Anderson,12.0,FLD-007,Golden Field,346.56,5.9,25.4,Repair,1470.53,Belt,0.97,High
LOG-02178,2022-04-06,EQ-008,Planter,2017-06-21,FARM-08,OP-002,James Hernandez,11.0,FLD-009,South Field,474.95,5.6,25.8,None,0.0,None,0.82,High
LOG-01488,2024-08-01,EQ-037,Sprayer,2017-06-17,FARM-03,OP-047,Charles Hernandez,18.0,FLD-020,West Field,220.65,7.5,46.3,None,0.0,None,0.39,Medium
LOG-01616,2023-08-30,EQ-090,Sprayr,2017-06-10,FARM-01,OP-042,Daniel Garcia,10.0,,River Field,208.98,9.3,52.9,None,0.0,None,0.69,Medium
LOG-00182,2023-09-05,EQ-021,Planter,2022-02-16,FARM-06,OP-026,Grace Rodriguez,1.0,FLD-020,West Field,220.65,7.5,41.5,None,0.0,None,0.49,Medium
LOG-04369,2023-05-13,EQ-051,Tractor,2021-09-19,FARM-06,OP-031,Alice Anderson,12.0,FLD-003,Golden Field,66.67,12.0,45.5,None,0.0,None,0.32,Medium
LOG-00795,2023-04-12,EQ-055,Tractor,2015-12-17,FARM-08,OP-014,John Hernandez,18.0,FLD-017,East Field,311.6,5.5,37.4,None,0.0,,0.47,
LOG-01386,06-06-2024,EQ-089,Planter,2016-09-26,FARM-04,OP-021,Chloe Jones,2.0,FLD-002,Hill Field,223.83,2.1,13.7,None,0.0,None,0.2,Low
LOG-04833,2024-07-03,EQ-079,Planter,2016-07-28,FARM-07,OP-001,William Anderson,9.0,FLD-010,,315.35,7.4,50.1,None,0.0,None,0.36,Medium
LOG-01466,2024-03-17,EQ-094,,2015-08-21,FARM-09,OP-028,Alice Wilson,12.0,FLD-020,West Field,220.65,6.9,32.7,None,0.0,None,0.96,High
LOG-04208,26-10-2024,EQ-042,Planter,2020-12-07,FARM-05,OP-048,William Smith,4.0,,West Field,220.65,10.1,78.2,None,0.0,None,0.88,High
LOG-05095,2023-06-19,EQ-049,Harvester,2016-09-18,FARM-06,OP-017,Emily Lopez,18.0,FLD-011,South Field,362.68,11.2,55.2,Inspection,686.83,None,0.12,Low
LOG-02021,2023-02-03,EQ-040,Planter,2021-09-08,FARM-02,OP-037,John Williams,11.0,FLD-020,West Field,220.65,11.5,85.7,Repair,1266.82,Blade,0.81,High
LOG-05045,2023-05-01,EQ-062,Planter,2020-10-20,FARM-08,OP-031,Alice Anderson,12.0,FLD-009,South Field,474.95,5.8,22.0,Repair,786.0,None,0.46,Medium
LOG-02167,2023-03-19,,Harvester,2016-09-18,FARM-06,OP-007,Emily Johnson,,FLD-005,North Field,357.3,,48.9,None,0.0,None,0.57,Medium
LOG-05059,2022-02-25,EQ-052,Plntr,2015-03-21,FARM-02,OP-011,Sophia Jones,6.0,FLD-020,West Field,220.65,8.5,26.2,None,0.0,None,0.24,Low
LOG-00531,2023-04-28,EQ-030,Tractor,2017-05-14,FARM-10,OP-007,Emily Johnson,18.0,FLD-009,South Field,474.95,7.1,51.7,Inspection,1210.05,None,0.73,High
LOG-05415,2022/06/08,EQ-052,Planter,2015-03-21,FARM-02,OP-003,Sarah Jones,13.0,FLD-002,Hill Field,223.83,2.6,13.4,None,0.0,None,0.85,High
LOG-00711,2023-11-14,EQ-073,Tractor,2022-05-23,FARM-07,OP-035,Sarah Wilson,6.0,FLD-012,,258.49,8.5,42.5,None,0.0,None,0.95,High
LOG-03897,2024-12-05,EQ-004,Tractor,2021-08-15,,OP-011,Sophia Jones,6.0,FLD-018,River Field,208.98,2.9,10.7,None,0.0,None,0.91,High
LOG-04402,2024-08-21,EQ-055,Tractor,2015-12-17,FARM-08,OP-005,,3.0,FLD-014,River Field,281.66,,42.8,None,0.0,None,0.19,Low
LOG-00559,2024-12-03,EQ-026,Planter,2018-01-10,FARM-09,OP-030,Alice Jones,,FLD-004,Sunny Field,103.14,8.3,33.6,None,0.0,None,0.95,High
LOG-05890,2023-08-15,EQ-050,Harvester,2021-01-18,FARM-09,OP-001,William Anderson,9.0,FLD-019,North Field,158.9,1.1,4.7,None,0.0,None,0.37,Medium
LOG-06355,23-06-2023,,Harvester,2017-12-20,FARM-03,OP-038,Grace Gonzalez,8.0,FLD-001,Sunny Field,222.94,9.9,45.8,None,0.0,None,0.31,Medium
LOG-05836,08-07-2023,EQ-039,Tractor,2016-09-18,FARM-03,OP-035,Sarah Wilson,6.0,FLD-016,,341.89,7.5,24.1,Routine,1309.69,None,0.42,Medium
LOG-06588,04-03-2023,EQ-052,Planter,2015-03-21,FARM-02,OP-002,James Hernandez,11.0,FLD-007,Golden Field,346.56,11.2,43.5,None,0.0,,0.77,High
LOG-00908,2023/02/25,EQ-090,Sprayer,2017-06-10,FARM-01,OP-026,Grace Rodriguez,1.0,FLD-015,West Field,216.02,10.8,66.1,None,0.0,None,0.44,Medium
LOG-02883,2022-10-28,EQ-059,Planter,2017-05-17,FARM-09,OP-044,James Miller,11.0,FLD-006,North Field,264.76,1.2,5.0,None,0.0,None,0.67,Medium
LOG-03657,2024-07-01,EQ-065,Harvester,2021-08-07,FARM-04,OP-023,Michael Smith,1.0,FLD-014,River Field,281.66,6.1,20.7,Inspection,362.87,None,0.96,High
LOG-05932,2022-05-14,EQ-016,Sprayer,2022-01-18,FARM-10,OP-003,Sarah Jones,13.0,FLD-020,West Field,220.65,,33.9,None,0.0,None,0.25,Low
LOG-03590,2024-12-24,EQ-072,Planter,2017-02-18,FARM-02,OP-022,Robert Hernandez,14.0,FLD-010,Hill Field,315.35,6.3,48.7,None,0.0,None,0.12,Low
LOG-01666,"February 15, 2023",EQ-023,Harvester,2022-07-08,,OP-023,Michael Smith,1.0,FLD-015,West Field,216.02,10.9,35.8,None,0.0,None,0.94,High
LOG-03833,2022-11-19,EQ-010,Planter,2018-10-25,FARM-05,OP-048,William Smith,4.0,FLD-020,West Field,220.65,7.4,36.2,None,0.0,None,0.15,Low
LOG-06577,"July 30, 2023",EQ-094,Harvester,2015-08-21,FARM-09,OP-049,Michael Williams,19.0,FLD-001,Sunny Field,222.94,10.2,46.7,None,0.0,None,0.64,Medium
LOG-02841,2024-05-03,EQ-017,Sprayer,2021-06-22,FARM-04,OP-001,,9.0,FLD-013,Valley Field,,5.4,42.3,None,0.0,None,0.57,Medium
LOG-04598,2024-09-26,EQ-058,Harvester,2017-12-21,FARM-09,OP-048,William Smith,,FLD-006,North Field,264.76,3.7,28.6,,0.0,None,0.87,High
LOG-00927,"July 01, 2022",EQ-086,Tractor,2016-11-05,FARM-07,OP-029,David Miller,5.0,FLD-009,South Field,474.95,10.5,68.6,None,0.0,None,0.79,High
LOG-02454,2024-02-29,EQ-075,Planter,2023-03-06,FARM-01,OP-045,Michael Wilson,3.0,FLD-011,South Field,362.68,5.3,30.0,None,0.0,None,0.91,High
LOG-02623,2024-11-10,EQ-036,Planter,2021-07-18,FARM-07,OP-035,Sarah Wilson,6.0,FLD-009,South Field,474.95,,30.4,None,0.0,None,0.5,Medium
LOG-04625,"July 27, 2022",EQ-050,Harvester,,FARM-09,OP-032,James Hernandez,8.0,FLD-001,Sunny Field,222.94,9.2,31.4,None,0.0,None,0.12,Low
LOG-00016,2023-03-10,EQ-034,Harvester,2023-05-10,FARM-09,OP-025,Michael Williams,15.0,FLD-011,South Field,362.68,6.0,28.1,None,0.0,None,,Low
LOG-06326,24-11-2022,EQ-076,Tractor,2015-09-06,FARM-07,OP-024,William Gonzalez,5.0,FLD-018,River Field,208.98,6.3,42.1,None,0.0,None,0.58,
LOG-00316,2023-06-15,EQ-045,Tractor,2018-04-17,FARM-07,OP-034,Grace Martinez,5.0,FLD-017,East Field,311.6,2.8,10.2,None,0.0,None,0.27,Low
LOG-05363,,EQ-024,Tractor,2021-10-31,FARM-03,OP-001,William Anderson,9.0,FLD-012,River Field,258.49,11.6,55.7,None,0.0,None,0.37,Medium
LOG-05055,2024-08-10,,Sprayer,2017-06-10,FARM-01,OP-031,Alice Anderson,12.0,FLD-007,Golden Field,346.56,10.4,53.3,Routine,1401.35,None,,Medium
LOG-01162,2023/11/25,EQ-002,Harvester,2017-07-03,FARM-03,OP-007,Emily Johnson,18.0,FLD-018,River Field,208.98,10.4,35.6,Repair,1151.52,Tire,0.81,High
LOG-01489,2023-11-29,EQ-072,Planter,2017-02-18,FARM-02,OP-001,,9.0,FLD-011,South Field,362.68,4.5,32.0,Inspection,1288.82,None,0.5,Medium
LOG-06788,2022-06-06,EQ-041,Planter,2019-04-13,FARM-10,OP-031,Alice Anderson,12.0,FLD-010,Hill Field,315.35,1.4,7.5,None,0.0,None,0.18,Low
LOG-04576,2022-01-30,EQ-048,Tractor,2022-01-05,FARM-05,OP-014,John Hernandez,18.0,FLD-002,Hill Field,223.83,1.5,4.8,Routine,663.34,None,0.63,Medium
LOG-01363,2024-02-20,EQ-075,Planter,2023-03-06,FARM-01,OP-003,Sarah Jones,13.0,FLD-005,North Field,357.3,9.4,58.7,None,0.0,None,0.95,High
LOG-01695,2023-07-28,EQ-033,Harvstr,2017-12-20,FARM-03,OP-013,Laura Martinez,17.0,FLD-017,East Field,311.6,11.8,88.8,,511.92,None,0.17,Low
LOG-01213,2022-10-24,EQ-077,Sprayer,2023-12-24,FARM-02,OP-013,Laura Martinez,17.0,FLD-003,Golden Field,66.67,4.6,36.5,None,0.0,None,0.74,High
LOG-03600,2024-08-22,EQ-072,Planter,2017-02-18,FARM-02,OP-033,Emily Garcia,18.0,FLD-001,Sunny Field,222.94,,4.6,None,0.0,None,0.19,Low
LOG-01704,2022-08-05,EQ-059,Planter,2017-05-17,FARM-09,OP-041,Chloe Brown,7.0,FLD-011,South Field,362.68,7.7,25.3,Repair,1381.1,Filter,0.19,Low
LOG-05515,2023-11-02,EQ-061,,2022-07-14,FARM-06,OP-004,David Hernandez,10.0,FLD-018,River Field,208.98,7.3,52.9,Inspection,783.92,None,0.24,Low
LOG-05431,2023-05-20,EQ-094,Harvstr,2015-08-21,FARM-09,OP-015,Laura Anderson,4.0,FLD-001,Sunny Field,222.94,7.9,63.1,None,0.0,None,0.5,Medium
LOG-05816,2024-03-07,EQ-013,Tractor,2019-01-10,FARM-06,OP-039,Michael Williams,4.0,FLD-020,West Field,,4.6,31.0,Routine,1057.08,None,0.25,Low
LOG-05756,31-08-2023,EQ-071,Plntr,2017-09-22,FARM-08,OP-025,Michael Williams,15.0,FLD-001,Sunny Field,222.94,2.6,18.9,None,,None,0.4,Medium
LOG-03955,2023-10-09,EQ-096,Tractor,2022-07-28,,OP-050,Michael Smith,4.0,FLD-002,Hill Field,223.83,9.5,61.3,None,0.0,None,0.84,High
LOG-05809,2022-08-07,EQ-046,Harvester,2020-02-02,FARM-01,OP-020,James Hernandez,9.0,FLD-014,River Field,281.66,9.9,34.6,None,0.0,None,0.58,Medium
LOG-05120,2024-04-08,EQ-088,Planter,2018-03-14,FARM-07,OP-022,Robert Hernandez,14.0,FLD-008,,188.47,8.1,60.7,None,0.0,None,0.22,
LOG-02692,2022-07-26,EQ-030,Tractor,2017-05-14,FARM-10,OP-003,Sarah Jones,,FLD-005,North Field,357.3,5.1,17.1,None,0.0,,0.37,Medium
LOG-06023,2022-11-14,EQ-093,Planter,2020-08-21,FARM-09,OP-004,David Hernandez,10.0,FLD-002,Hill Field,223.83,4.6,29.4,None,0.0,None,0.9,High
LOG-05251,2022-02-16,EQ-073,Tractor,2022-05-23,FARM-07,OP-022,Robert Hernandez,14.0,FLD-020,West Field,220.65,4.4,15.6,None,0.0,None,0.44,Medium
LOG-01324,2023-03-01,EQ-068,Sprayer,2015-10-18,FARM-09,,James Hernandez,8.0,FLD-007,Golden Field,346.56,7.3,39.2,None,0.0,None,0.62,Medium
LOG-05594,2024-07-08,EQ-013,Tractor,2019-01-10,FARM-06,OP-025,Michael Williams,15.0,,West Field,188.47,7.8,37.1,None,0.0,None,0.55,
LOG-04306,2024-10-15,EQ-048,Tractor,2022-01-05,FARM-05,OP-030,Alice Jones,12.0,FLD-001,Sunny Field,222.94,10.4,82.7,None,0.0,None,0.02,Low
LOG-03485,"April 13, 2022",EQ-031,Sprayer,2017-05-20,FARM-08,OP-047,Charles Hernandez,18.0,FLD-001,Sunny Field,222.94,7.2,29.0,None,0.0,None,0.81,High
LOG-01861,2024-02-02,EQ-086,Tractor,2016-11-05,FARM-07,OP-030,Alice Jones,12.0,FLD-011,South Field,362.68,10.4,80.9,None,0.0,None,0.56,Medium
LOG-04975,02-07-2024,EQ-059,Planter,2017-05-17,FARM-09,OP-017,Emily Lopez,18.0,FLD-012,River Field,258.49,8.4,27.2,None,0.0,None,0.66,Medium
LOG-00388,2023/02/28,EQ-029,Sprayer,2019-07-02,FARM-05,OP-042,Daniel Garcia,10.0,FLD-008,West Field,188.47,4.0,20.2,Routine,,,0.76,High
LOG-04337,2024-05-05,EQ-058,Harvester,2017-12-21,FARM-09,OP-042,Daniel Garcia,10.0,FLD-012,River Field,258.49,3.1,18.8,Inspection,886.1,None,0.41,Medium
LOG-01033,2023-04-15,EQ-083,Tractr,2016-01-18,FARM-04,OP-019,James Lopez,11.0,FLD-001,Sunny Field,222.94,10.3,48.0,None,0.0,None,0.54,Medium
LOG-06340,2023-12-25,EQ-054,Tractor,2017-09-13,FARM-10,,Emily Lopez,,FLD-019,North Field,158.9,6.2,43.5,Routine,471.82,None,0.15,
LOG-03887,2023-05-30,EQ-090,,2017-06-10,,OP-038,Grace Gonzalez,8.0,FLD-007,Golden Field,346.56,5.1,21.7,None,0.0,None,0.12,Low
LOG-02654,2024-12-31,EQ-011,Harvester,2017-05-31,FARM-06,OP-032,James Hernandez,8.0,FLD-014,River Field,281.66,2.9,22.3,None,0.0,None,0.74,High
LOG-03484,2023-09-29,EQ-046,Harvester,2020-02-02,,OP-050,Michael Smith,4.0,,River Field,281.66,10.8,65.4,None,0.0,None,0.6,Medium
LOG-06584,2024-03-27,EQ-071,Planter,2017-09-22,FARM-08,OP-033,Emily Garcia,18.0,FLD-007,Golden Field,,6.7,46.6,Repair,793.45,Tire,0.22,Low
LOG-02826,2024/03/13,EQ-022,,2019-02-25,FARM-06,OP-031,Alice Anderson,12.0,,Valley Field,169.83,2.5,14.5,None,0.0,None,0.83,High
LOG-01011,15-07-2023,EQ-006,Harvester,2017-08-10,FARM-09,OP-016,David Jones,4.0,,North Field,264.76,10.7,60.9,None,0.0,None,0.08,Low
LOG-01540,2022-02-09,,Planter,2017-05-17,FARM-09,OP-050,Michael Smith,4.0,FLD-009,South Field,474.95,10.0,40.1,None,0.0,None,0.26,Low
LOG-00932,2022-02-19,EQ-056,Tractor,2023-07-13,FARM-09,OP-012,Daniel Wilson,18.0,FLD-014,River Field,281.66,10.5,48.2,None,0.0,None,0.12,Low
LOG-02288,2023-09-14,EQ-065,Harvester,2021-08-07,FARM-04,OP-013,Laura Martinez,17.0,FLD-018,River Field,208.98,11.6,53.2,None,0.0,None,0.91,High
LOG-00692,2023-12-04,EQ-024,Tractor,2021-10-31,FARM-03,OP-034,Grace Martinez,5.0,FLD-002,Hill Field,,11.8,92.5,None,0.0,None,0.82,High
LOG-00534,,EQ-028,,2017-07-27,FARM-01,OP-017,Emily Lopez,18.0,FLD-016,Valley Field,,5.9,27.6,None,0.0,None,0.56,Medium
LOG-02400,2023-03-10,EQ-093,Planter,2020-08-21,FARM-09,OP-025,Michael Williams,15.0,FLD-019,,158.9,7.5,39.4,None,0.0,None,0.8,High
LOG-02203,02-11-2023,EQ-073,Tractor,2022-05-23,FARM-07,,James Hernandez,9.0,FLD-003,Golden Field,66.67,4.7,20.2,None,0.0,None,0.66,Medium
LOG-00653,2022-10-21,EQ-040,Planter,2021-09-08,FARM-02,OP-050,Michael Smith,4.0,FLD-011,South Field,362.68,9.5,33.2,None,0.0,None,0.52,Medium
LOG-00034,"September 17, 2022",EQ-039,Tractor,2016-09-18,,OP-001,William Anderson,9.0,FLD-018,River Field,,4.0,31.5,None,0.0,None,0.69,Medium
LOG-05344,2024-03-11,EQ-035,Sprayer,2023-05-18,FARM-10,OP-019,James Lopez,11.0,FLD-015,West Field,216.02,7.5,54.3,None,0.0,None,0.54,Medium
LOG-00045,03-06-2024,EQ-011,Harvester,2017-05-31,FARM-06,OP-039,Michael Williams,4.0,FLD-002,Hill Field,223.83,9.1,54.8,,381.94,None,0.67,Medium
LOG-03358,28-05-2024,EQ-080,Harvester,2018-02-14,FARM-08,OP-031,Alice Anderson,12.0,FLD-007,Golden Field,346.56,6.0,32.3,Repair,744.29,Belt,0.7,High
LOG-02289,2022-10-10,EQ-081,Harvester,2015-11-05,FARM-08,OP-020,James Hernandez,9.0,FLD-013,Valley Field,169.83,6.9,32.1,Routine,1233.64,None,0.92,High
LOG-00965,2024-07-18,EQ-084,Harvester,2019-07-23,FARM-08,OP-044,James Miller,11.0,FLD-001,Sunny Field,222.94,6.7,39.8,,67.82,Hydraulics,0.08,Low
LOG-05797,2022-10-14,EQ-068,Sprayer,2015-10-18,FARM-09,OP-010,Robert Anderson,8.0,,Valley Field,169.83,5.8,43.7,None,0.0,None,0.85,High
LOG-05003,2023-04-17,EQ-097,Planter,2016-05-06,FARM-10,OP-011,Sophia Jones,6.0,FLD-010,Hill Field,315.35,5.1,,None,0.0,None,0.25,Low
LOG-06163,2023-11-22,EQ-074,Sprayer,2019-10-01,FARM-07,OP-027,Emily Johnson,5.0,,Sunny Field,222.94,6.8,32.4,Routine,442.39,None,0.79,High
LOG-02875,2024/06/29,EQ-088,Planter,2018-03-14,FARM-07,OP-018,David Jones,10.0,FLD-001,Sunny Field,222.94,6.9,21.1,None,0.0,None,0.16,Low
LOG-02571,2024-04-01,EQ-066,,2015-10-18,FARM-01,OP-047,Charles Hernandez,18.0,FLD-020,West Field,220.65,7.3,29.5,None,0.0,None,0.62,Medium
LOG-05986,2023-05-06,EQ-001,Tractor,2015-04-13,FARM-05,OP-033,Emily Garcia,18.0,FLD-005,North Field,357.3,3.8,,None,0.0,None,0.02,Low
LOG-06541,2024-05-03,EQ-059,Planter,2017-05-17,FARM-09,OP-039,Michael Williams,4.0,FLD-010,Hill Field,315.35,1.7,12.5,Routine,,None,0.7,High
LOG-04150,2024-12-03,EQ-034,Harvester,2023-05-10,FARM-09,OP-014,John Hernandez,18.0,FLD-011,South Field,362.68,9.9,43.4,None,0.0,None,0.56,Medium
LOG-05210,"March 02, 2022",,Harvester,2022-09-05,FARM-06,,David Hernandez,10.0,FLD-004,,103.14,,24.4,None,0.0,None,0.67,Medium
LOG-05912,2024-09-20,EQ-004,Tractor,2021-08-15,,OP-025,Michael Williams,15.0,FLD-005,North Field,357.3,8.5,58.3,None,0.0,None,0.3,Medium
LOG-02527,2024-06-12,EQ-042,Planter,2020-12-07,FARM-05,OP-023,Michael Smith,1.0,FLD-020,West Field,220.65,10.6,39.1,None,0.0,None,0.76,High
LOG-00027,2024-09-25,,Tractor,2018-10-16,FARM-01,OP-021,Chloe Jones,2.0,FLD-006,North Field,264.76,3.3,23.1,None,0.0,None,0.87,High
LOG-03606,2023/08/22,EQ-062,Planter,2020-10-20,FARM-08,OP-035,Sarah Wilson,6.0,FLD-011,South Field,362.68,9.1,69.7,None,0.0,None,0.21,Low
LOG-00064,2022-03-01,EQ-022,Harvester,2019-02-25,FARM-06,OP-045,Michael Wilson,3.0,FLD-010,Hill Field,315.35,1.5,10.5,None,0.0,None,0.38,Medium
LOG-01045,"September 27, 2024",EQ-093,Planter,2020-08-21,FARM-09,OP-023,Michael Smith,1.0,FLD-017,East Field,311.6,8.0,38.7,Routine,608.73,None,0.43,Medium
LOG-02655,2024-03-18,EQ-017,,2021-06-22,FARM-04,OP-030,Alice Jones,12.0,FLD-006,North Field,264.76,6.0,18.1,None,0.0,,0.42,Medium
LOG-04872,,EQ-068,Sprayer,2015-10-18,FARM-09,OP-026,Grace Rodriguez,1.0,FLD-011,South Field,362.68,9.3,50.2,None,0.0,None,0.6,Medium
LOG-00228,2023-03-21,EQ-010,Planter,2018-10-25,FARM-05,OP-013,,17.0,FLD-019,North Field,158.9,6.3,46.3,None,,None,0.95,High
LOG-02747,2024-07-03,EQ-017,Sprayer,2021-06-22,FARM-04,OP-012,Daniel Wilson,18.0,FLD-013,Valley Field,169.83,1.8,7.5,None,0.0,None,0.24,Low
LOG-04710,2022-04-09,EQ-029,Sprayer,2019-07-02,FARM-05,OP-031,Alice Anderson,12.0,FLD-018,River Field,208.98,9.0,57.8,Routine,891.51,None,0.92,High
LOG-04624,2023-08-18,EQ-060,Harvester,2022-12-30,FARM-05,OP-037,John Williams,11.0,FLD-012,River Field,258.49,2.8,21.8,None,0.0,None,0.17,Low
LOG-06334,"April 24, 2023",EQ-012,Tractor,2016-01-15,,OP-008,James Rodriguez,9.0,FLD-008,West Field,188.47,9.8,59.3,None,0.0,None,0.93,High
LOG-03149,2024/05/06,EQ-023,Harvester,2022-07-08,FARM-05,OP-043,Sarah Brown,1.0,FLD-016,Valley Field,341.89,1.7,5.3,None,0.0,None,0.55,Medium
LOG-01784,2023-03-20,EQ-040,Planter,2021-09-08,FARM-02,OP-036,Jessica Anderson,14.0,FLD-015,West Field,216.02,7.8,27.1,None,0.0,None,0.59,Medium
LOG-02997,2023-07-15,EQ-095,Tractor,2017-01-31,FARM-02,OP-015,Laura Anderson,4.0,FLD-017,East Field,311.6,8.8,38.7,Routine,583.08,None,0.51,Medium
LOG-00970,2023-02-15,EQ-055,Tractor,2015-12-17,FARM-08,OP-023,Michael Smith,1.0,FLD-007,Golden Field,346.56,8.0,32.1,Routine,324.57,None,0.48,Medium
LOG-05398,2022-08-07,,Tractor,2023-05-22,FARM-06,OP-016,David Jones,4.0,FLD-015,West Field,216.02,2.4,16.0,None,0.0,None,0.53,Medium
LOG-06146,2023-07-22,EQ-016,Sprayer,2022-01-18,FARM-10,OP-014,John Hernandez,18.0,FLD-011,South Field,362.68,7.9,58.2,None,0.0,None,0.66,Medium
LOG-03261,"June 03, 2023",EQ-027,Harvester,2022-09-05,FARM-06,OP-024,William Gonzalez,5.0,FLD-010,Hill Field,315.35,11.3,46.3,None,0.0,None,0.07,Low
LOG-01536,,EQ-021,Planter,2022-02-16,FARM-06,OP-040,Charles Wilson,2.0,FLD-006,North Field,264.76,11.5,90.9,None,0.0,None,0.78,High
LOG-01865,,EQ-019,Sprayer,2015-11-23,FARM-04,OP-036,Jessica Anderson,14.0,FLD-008,West Field,188.47,10.7,45.4,None,0.0,None,0.92,High
LOG-03936,2022/07/04,EQ-003,Tractor,2022-08-03,FARM-09,OP-037,John Williams,11.0,FLD-009,South Field,474.95,2.9,19.1,None,0.0,None,0.89,High
LOG-03195,,EQ-045,Tractor,2018-04-17,FARM-07,OP-028,Alice Wilson,12.0,FLD-011,South Field,362.68,8.8,50.4,None,0.0,None,0.94,High
LOG-02084,2023-08-25,EQ-040,Planter,2021-09-08,FARM-02,OP-006,John Davis,20.0,FLD-011,South Field,362.68,6.0,27.8,None,0.0,,0.12,Low
LOG-02437,2022/02/27,EQ-095,Tractor,2017-01-31,FARM-02,OP-045,Michael Wilson,3.0,FLD-013,Valley Field,169.83,1.4,9.7,,0.0,None,0.65,Medium
LOG-04594,2024-03-28,EQ-020,,2019-04-06,FARM-05,OP-020,James Hernandez,9.0,FLD-010,Hill Field,315.35,5.7,28.3,None,0.0,None,0.68,Medium
LOG-06799,2024-12-25,EQ-010,Planter,2018-10-25,FARM-05,OP-040,Charles Wilson,2.0,FLD-007,Golden Field,346.56,3.5,19.2,,0.0,None,0.74,High
LOG-03015,2024-09-24,EQ-033,Harvester,2017-12-20,FARM-03,OP-036,Jessica Anderson,14.0,FLD-007,Golden Field,346.56,9.9,43.9,None,0.0,None,0.14,Low
LOG-05636,"June 03, 2022",EQ-072,Planter,2017-02-18,FARM-02,OP-007,Emily Johnson,18.0,FLD-018,River Field,208.98,5.0,37.5,None,0.0,None,0.19,Low
LOG-00253,2022-07-07,EQ-041,Planter,2019-04-13,FARM-10,OP-024,William Gonzalez,5.0,FLD-004,Sunny Field,103.14,1.1,5.0,None,0.0,None,0.27,Low
LOG-04214,29-08-2022,EQ-077,Sprayer,2023-12-24,,OP-042,Daniel Garcia,10.0,FLD-019,North Field,158.9,9.8,42.9,None,0.0,None,0.07,Low
LOG-04524,2022-05-26,EQ-054,Tractor,2017-09-13,FARM-10,OP-030,Alice Jones,12.0,FLD-016,Valley Field,341.89,5.0,35.7,None,0.0,None,0.73,High
LOG-03151,2022-08-22,EQ-017,Sprayer,2021-06-22,FARM-04,OP-016,David Jones,4.0,FLD-003,Golden Field,66.67,5.3,32.5,None,0.0,None,0.44,Medium
LOG-04816,"August 11, 2023",EQ-041,Planter,2019-04-13,FARM-10,OP-030,Alice Jones,12.0,FLD-014,River Field,281.66,9.1,49.8,Routine,583.99,None,0.66,Medium
LOG-06523,2024-10-31,EQ-040,Planter,2021-09-08,FARM-02,OP-038,Grace Gonzalez,,FLD-014,River Field,281.66,5.9,30.9,None,0.0,None,0.3,Medium
LOG-06759,2024-09-07,EQ-062,Planter,2020-10-20,FARM-08,OP-040,Charles Wilson,2.0,FLD-014,River Field,281.66,8.3,,None,0.0,None,0.92,High
LOG-01663,2024/03/05,EQ-015,Tractor,2019-03-31,FARM-02,OP-015,Laura Anderson,4.0,FLD-002,Hill Field,223.83,3.0,20.4,None,0.0,None,0.25,Low
LOG-04399,2022-02-24,EQ-075,Planter,2023-03-06,,OP-017,Emily Lopez,18.0,FLD-001,Sunny Field,222.94,3.6,27.5,Routine,1211.69,None,0.25,Low
LOG-04777,2022-03-04,EQ-020,Tractor,2019-04-06,FARM-05,OP-041,Chloe Brown,7.0,FLD-015,West Field,216.02,5.6,19.8,None,0.0,None,0.67,Medium
LOG-01916,2023-09-30,EQ-030,Tractor,2017-05-14,FARM-10,OP-004,David Hernandez,10.0,FLD-009,South Field,474.95,10.3,59.2,None,0.0,None,0.85,High
LOG-05149,2022/10/24,EQ-025,Harvester,2016-10-31,FARM-08,OP-008,James Rodriguez,9.0,FLD-015,West Field,,2.0,14.8,None,0.0,None,0.76,High
LOG-03893,2023-01-21,EQ-059,Planter,2017-05-17,FARM-09,,Michael Smith,1.0,FLD-014,River Field,281.66,10.5,73.5,Repair,957.04,Belt,0.54,Medium
LOG-05067,2022-08-07,EQ-100,,2022-05-16,FARM-10,OP-009,David Anderson,12.0,FLD-018,,208.98,4.5,25.8,None,0.0,None,0.78,High
LOG-00642,2024-04-27,EQ-027,,2022-09-05,FARM-06,OP-040,Charles Wilson,2.0,FLD-014,River Field,281.66,1.5,7.1,None,0.0,None,0.22,Low
LOG-03560,2024-07-07,,Tractr,2015-04-13,FARM-05,OP-027,Emily Johnson,5.0,FLD-012,River Field,258.49,3.6,25.3,None,0.0,None,0.48,Medium
LOG-06011,2023-05-04,EQ-008,Planter,2017-06-21,FARM-08,,Emily Garcia,18.0,FLD-008,West Field,188.47,11.2,49.1,None,0.0,None,0.19,Low
LOG-02179,2022-06-24,EQ-024,Tractor,2021-10-31,FARM-03,OP-013,Laura Martinez,17.0,FLD-013,Valley Field,169.83,4.3,21.6,None,0.0,None,0.66,Medium
LOG-00298,2023-09-11,EQ-055,Tractor,2015-12-17,FARM-08,OP-013,Laura Martinez,17.0,FLD-005,North Field,357.3,2.7,20.7,None,0.0,None,,Medium
LOG-00304,"April 23, 2024",EQ-093,Planter,2020-08-21,FARM-09,,John Hernandez,18.0,FLD-005,North Field,357.3,7.8,,None,0.0,None,0.89,High
LOG-02338,2022-11-28,EQ-010,Planter,2018-10-25,FARM-05,OP-044,James Miller,11.0,FLD-001,Sunny Field,222.94,11.9,41.0,None,0.0,None,0.81,High
LOG-03287,2022-09-14,EQ-076,Tractor,2015-09-06,FARM-07,OP-035,Sarah Wilson,6.0,FLD-005,North Field,357.3,11.1,72.4,None,0.0,None,,Low
LOG-06451,2024-05-22,EQ-060,Harvester,2022-12-30,FARM-05,OP-050,Michael Smith,4.0,FLD-013,Valley Field,169.83,11.6,49.7,None,0.0,None,0.63,Medium
LOG-04769,08-12-2022,EQ-045,Tractor,2018-04-17,FARM-07,OP-009,David Anderson,12.0,FLD-017,,311.6,11.5,74.9,None,0.0,None,0.39,Medium
LOG-01980,2024-08-28,EQ-083,Tractor,2016-01-18,FARM-04,OP-012,Daniel Wilson,18.0,FLD-018,River Field,208.98,6.5,49.8,None,0.0,None,0.38,Medium
LOG-05885,2023-07-03,EQ-082,Tractor,2015-07-27,FARM-09,OP-011,Sophia Jones,6.0,FLD-007,Golden Field,346.56,1.6,8.7,None,0.0,None,0.42,Medium
LOG-00656,2023-03-06,EQ-003,Tractor,2022-08-03,FARM-09,OP-037,John Williams,11.0,FLD-010,Hill Field,315.35,4.5,17.8,None,0.0,None,0.32,Medium
LOG-01635,2023-12-29,EQ-024,Tractor,2021-10-31,FARM-03,OP-007,Emily Johnson,18.0,FLD-010,Hill Field,315.35,3.0,15.5,None,,None,0.1,Low
LOG-04656,2022-07-08,EQ-034,Harvester,2023-05-10,FARM-09,OP-045,Michael Wilson,3.0,FLD-005,North Field,357.3,5.1,32.9,None,0.0,None,0.69,Medium
LOG-04744,2023-09-15,EQ-050,Harvester,2021-01-18,FARM-09,OP-038,Grace Gonzalez,,FLD-016,,341.89,6.8,39.8,None,0.0,None,0.62,Medium
LOG-00241,"December 27, 2023",EQ-080,Harvester,2018-02-14,FARM-08,OP-034,Grace Martinez,,FLD-009,South Field,474.95,3.9,19.4,None,0.0,None,0.41,Medium
LOG-00784,2024-12-25,EQ-072,Planter,2017-02-18,FARM-02,OP-040,Charles Wilson,2.0,FLD-017,East Field,311.6,8.8,57.3,None,0.0,None,0.42,Medium
LOG-01355,2023-06-13,EQ-009,Sprayer,2015-01-27,FARM-03,OP-029,David Miller,5.0,FLD-006,North Field,264.76,9.4,41.2,None,0.0,None,0.13,Low
LOG-01019,2024-03-10,EQ-082,Tractor,2015-07-27,FARM-09,OP-034,Grace Martinez,5.0,FLD-004,Sunny Field,103.14,8.6,44.9,None,0.0,None,0.06,Low
LOG-02355,14-08-2024,EQ-093,,2020-08-21,FARM-09,OP-018,David Jones,10.0,FLD-012,River Field,258.49,9.6,47.5,None,0.0,None,0.67,
LOG-00978,"August 16, 2022",EQ-087,Tractor,2019-05-19,,OP-009,David Anderson,12.0,FLD-013,Valley Field,,4.7,19.0,None,0.0,None,0.37,Medium
LOG-00810,2024-08-20,EQ-063,Tractor,2017-10-12,FARM-04,OP-043,,1.0,FLD-018,River Field,208.98,6.2,45.1,None,,None,0.39,Medium
LOG-03127,2024-10-18,EQ-035,Sprayer,2023-05-18,FARM-10,OP-020,James Hernandez,9.0,FLD-015,West Field,216.02,10.5,41.0,,0.0,None,0.81,High
LOG-02522,2022-04-17,EQ-038,Planter,2016-01-08,FARM-01,OP-028,Alice Wilson,12.0,FLD-015,West Field,216.02,6.5,35.1,None,0.0,None,0.03,Low
LOG-00258,2023-02-05,EQ-093,Planter,2020-08-21,FARM-09,OP-041,Chloe Brown,7.0,FLD-016,Valley Field,341.89,6.0,,Routine,623.75,None,0.83,High
LOG-00894,"March 05, 2023",EQ-064,Tractor,2018-10-16,FARM-01,OP-020,James Hernandez,9.0,FLD-008,West Field,188.47,7.1,56.8,None,0.0,None,0.27,Low
LOG-04251,2024-12-17,EQ-069,Harvester,2018-02-14,FARM-08,OP-040,Charles Wilson,2.0,FLD-007,Golden Field,346.56,4.3,33.4,None,0.0,None,0.11,Low
LOG-05011,2023-03-22,EQ-044,Sprayer,2023-08-15,FARM-06,OP-026,Grace Rodriguez,1.0,FLD-013,Valley Field,169.83,12.0,39.7,None,0.0,None,0.39,Medium
LOG-06641,11-03-2022,EQ-053,Sprayr,2018-06-13,FARM-04,OP-049,Michael Williams,19.0,FLD-018,River Field,208.98,9.2,,None,0.0,None,0.05,Low
LOG-02406,2024-12-22,EQ-044,Sprayer,2023-08-15,FARM-06,OP-045,Michael Wilson,3.0,FLD-019,North Field,158.9,6.9,37.1,None,0.0,None,0.36,Medium
LOG-06785,2022-08-17,EQ-067,Harvester,2015-10-04,FARM-01,OP-018,David Jones,10.0,,,474.95,9.8,49.5,None,,None,0.59,Medium
LOG-01761,2024-03-25,EQ-020,Tractor,2019-04-06,FARM-05,OP-014,John Hernandez,18.0,FLD-003,Golden Field,66.67,8.5,26.8,None,0.0,None,0.82,High
LOG-04814,2024-12-02,EQ-074,Sprayer,2019-10-01,FARM-07,OP-004,David Hernandez,10.0,FLD-004,Sunny Field,103.14,5.0,17.6,None,0.0,None,0.81,High
LOG-06657,2024-02-18,EQ-096,Tractor,2022-07-28,FARM-04,OP-008,James Rodriguez,9.0,FLD-016,Valley Field,341.89,1.8,11.7,None,0.0,None,0.56,Medium
LOG-02111,2023-03-15,EQ-074,,2019-10-01,FARM-07,OP-037,John Williams,11.0,FLD-020,West Field,220.65,,68.2,None,0.0,None,,High
LOG-02986,2024-03-27,EQ-020,Tractor,2019-04-06,FARM-05,OP-002,James Hernandez,11.0,FLD-016,Valley Field,341.89,1.9,8.0,None,0.0,None,0.12,Low
LOG-04170,2022-07-16,EQ-088,Planter,2018-03-14,FARM-07,OP-022,Robert Hernandez,14.0,FLD-010,Hill Field,315.35,10.2,54.4,None,0.0,None,0.62,
LOG-01358,2022-04-02,EQ-087,Tractor,2019-05-19,FARM-05,OP-023,Michael Smith,1.0,FLD-018,River Field,208.98,7.6,36.1,Routine,693.53,None,0.51,Medium
LOG-03614,2023-10-23,EQ-069,Harvester,2018-02-14,FARM-08,OP-041,Chloe Brown,7.0,FLD-012,River Field,258.49,9.9,33.5,None,0.0,None,0.8,High
LOG-06636,2022/04/11,EQ-010,Planter,2018-10-25,FARM-05,OP-041,Chloe Brown,7.0,FLD-019,North Field,158.9,,15.0,None,0.0,None,0.14,Low
LOG-02227,2024-07-05,EQ-018,Tractor,2015-07-07,FARM-04,OP-013,Laura Martinez,17.0,FLD-005,North Field,,4.1,23.3,None,0.0,None,0.73,High
LOG-01748,2023-07-31,EQ-001,Tractor,2015-04-13,FARM-05,OP-041,Chloe Brown,7.0,FLD-020,,220.65,3.9,19.0,None,0.0,None,,High
LOG-05771,2022-03-01,EQ-050,Harvester,2021-01-18,FARM-09,OP-015,Laura Anderson,4.0,FLD-008,West Field,188.47,7.0,52.7,None,0.0,None,0.74,High
LOG-02292,2022-02-26,EQ-064,Tractor,2018-10-16,FARM-01,OP-041,Chloe Brown,,FLD-010,Hill Field,315.35,8.3,49.8,None,0.0,None,0.11,Low
LOG-06314,2022-05-15,EQ-001,Tractor,2015-04-13,FARM-05,,John Williams,11.0,FLD-002,Hill Field,223.83,7.0,38.4,None,0.0,None,0.57,Medium
LOG-01727,"May 01, 2023",EQ-030,Tractor,2017-05-14,FARM-10,,Michael Garcia,17.0,FLD-019,North Field,158.9,9.9,42.0,None,0.0,None,0.88,High
LOG-03411,2023-10-12,EQ-039,Tractor,2016-09-18,FARM-03,OP-006,,20.0,FLD-003,Golden Field,66.67,9.3,63.5,None,0.0,None,,Low
LOG-01808,2023-05-31,EQ-067,Harvester,2015-10-04,FARM-01,OP-040,Charles Wilson,2.0,FLD-003,Golden Field,66.67,7.9,60.6,None,0.0,None,0.59,Medium
LOG-04654,14-11-2023,EQ-020,Tractor,2019-04-06,FARM-05,OP-031,Alice Anderson,12.0,FLD-008,West Field,188.47,11.7,85.8,None,0.0,None,0.85,High
LOG-01833,2024-12-23,EQ-029,Sprayer,2019-07-02,FARM-05,OP-038,Grace Gonzalez,8.0,FLD-017,East Field,,9.9,71.6,None,0.0,None,0.37,Medium
LOG-02639,2022-10-13,EQ-083,Tractor,2016-01-18,FARM-04,OP-047,Charles Hernandez,18.0,FLD-001,Sunny Field,222.94,8.8,50.1,Routine,785.14,None,0.91,High
LOG-05949,2023-01-18,EQ-033,Harvester,2017-12-20,FARM-03,OP-045,Michael Wilson,3.0,FLD-016,Valley Field,341.89,11.4,54.0,Repair,1063.21,Tire,0.21,Low
LOG-04152,2024-08-15,EQ-050,Harvester,2021-01-18,FARM-09,OP-048,William Smith,4.0,FLD-008,West Field,188.47,7.1,24.4,None,0.0,None,0.03,Low
LOG-04047,"August 15, 2023",EQ-033,Harvester,2017-12-20,FARM-03,OP-040,Charles Wilson,2.0,FLD-011,South Field,362.68,1.1,6.4,None,0.0,None,0.78,High
LOG-01759,02-09-2024,EQ-016,Sprayer,2022-01-18,FARM-10,OP-041,,7.0,FLD-001,Sunny Field,222.94,2.9,10.3,None,0.0,None,0.46,Medium
LOG-02403,2024-04-06,EQ-097,Planter,2016-05-06,FARM-10,OP-046,Michael Garcia,17.0,FLD-014,River Field,281.66,6.1,35.6,None,0.0,None,0.05,Low
LOG-06573,2024-01-22,EQ-088,Planter,2018-03-14,FARM-07,OP-014,John Hernandez,18.0,FLD-016,Valley Field,341.89,5.1,40.5,None,0.0,None,0.53,Medium
LOG-03321,2023-03-25,EQ-100,Planter,2022-05-16,,,David Miller,5.0,FLD-018,River Field,208.98,11.3,54.9,None,0.0,None,0.46,Medium
LOG-01093,2022-01-11,EQ-077,,2023-12-24,FARM-02,OP-045,Michael Wilson,3.0,FLD-006,North Field,264.76,7.1,49.7,Repair,236.78,Belt,0.65,Medium
LOG-04885,2022-05-19,EQ-054,Tractor,2017-09-13,FARM-10,OP-030,Alice Jones,12.0,,River Field,208.98,7.6,36.7,None,0.0,None,0.97,High
LOG-00125,2024-09-22,EQ-024,Tractor,2021-10-31,FARM-03,OP-014,John Hernandez,,FLD-011,South Field,362.68,,24.8,Inspection,478.9,None,0.78,High
LOG-03310,2022-12-22,EQ-022,Harvester,2019-02-25,FARM-06,OP-024,William Gonzalez,5.0,FLD-008,West Field,188.47,1.3,7.5,Inspection,1110.25,None,0.87,High
LOG-04406,2022-01-25,EQ-051,Tractor,2021-09-19,FARM-06,OP-001,William Anderson,9.0,FLD-003,Golden Field,,7.9,28.1,Repair,537.53,Engine,0.95,High
LOG-04463,2024-01-03,EQ-035,Sprayer,2023-05-18,FARM-10,OP-010,Robert Anderson,8.0,,West Field,216.02,2.7,20.6,None,0.0,None,0.78,High
LOG-02615,2023-07-08,EQ-072,Planter,2017-02-18,FARM-02,OP-002,James Hernandez,11.0,FLD-005,North Field,357.3,11.4,81.3,None,0.0,None,0.54,Medium
LOG-02696,2023-10-18,EQ-075,Planter,2023-03-06,FARM-01,OP-028,Alice Wilson,12.0,FLD-004,Sunny Field,103.14,6.2,35.7,None,0.0,None,0.76,High
LOG-03492,2022/11/12,EQ-003,Tractor,2022-08-03,FARM-09,OP-023,Michael Smith,1.0,FLD-008,West Field,188.47,10.8,34.6,None,0.0,None,0.48,Medium
LOG-03164,2022-02-14,EQ-091,Tractor,2023-05-22,FARM-06,OP-024,,5.0,FLD-004,Sunny Field,103.14,4.4,27.0,None,0.0,None,0.95,High
LOG-05097,2023-12-28,EQ-099,Tractor,2021-12-11,FARM-02,OP-011,Sophia Jones,6.0,FLD-019,North Field,158.9,11.2,77.9,None,0.0,None,0.93,High
LOG-00599,2023-09-17,EQ-002,Harvester,2017-07-03,FARM-03,OP-022,Robert Hernandez,14.0,,Sunny Field,103.14,6.0,18.7,None,0.0,None,0.54,Medium
LOG-00076,"January 20, 2024",EQ-087,Tractor,2019-05-19,FARM-05,OP-047,Charles Hernandez,18.0,FLD-013,Valley Field,169.83,2.0,9.9,None,0.0,None,0.13,Low
LOG-01340,28-03-2023,EQ-064,Tractor,2018-10-16,FARM-01,OP-046,Michael Garcia,17.0,FLD-012,River Field,258.49,5.9,26.6,None,0.0,None,0.55,Medium
LOG-01417,21-08-2022,EQ-022,Harvester,2019-02-25,FARM-06,OP-013,Laura Martinez,,FLD-015,,216.02,1.4,7.2,Inspection,1214.57,None,0.49,Medium
LOG-02821,2022-03-06,EQ-004,Tractor,2021-08-15,FARM-07,OP-033,Emily Garcia,18.0,FLD-018,River Field,,6.7,50.2,None,0.0,None,0.07,Low
LOG-02843,,EQ-085,Planter,2017-05-25,FARM-07,OP-010,Robert Anderson,8.0,FLD-019,North Field,158.9,3.4,23.0,None,0.0,None,0.86,
LOG-04101,2022-06-25,EQ-059,Planter,2017-05-17,FARM-09,OP-026,Grace Rodriguez,1.0,FLD-013,Valley Field,169.83,10.7,75.2,Inspection,188.8,None,0.93,High
LOG-05118,2023-02-17,EQ-079,Planter,2016-07-28,FARM-07,OP-013,Laura Martinez,17.0,FLD-003,,66.67,5.6,26.5,None,0.0,None,0.16,Low
LOG-03972,2023-10-01,EQ-023,Harvester,2022-07-08,FARM-05,OP-035,Sarah Wilson,6.0,FLD-004,Sunny Field,103.14,8.8,57.3,None,0.0,None,0.08,Low
LOG-06343,2023-05-04,EQ-029,Sprayer,2019-07-02,FARM-05,,Chloe Brown,7.0,FLD-004,Sunny Field,103.14,6.4,40.8,None,0.0,None,0.04,Low
LOG-00150,"September 20, 2023",EQ-042,Planter,2020-12-07,FARM-05,OP-043,Sarah Brown,1.0,FLD-010,Hill Field,315.35,5.9,38.9,Inspection,693.67,None,0.45,Medium
LOG-03733,"February 18, 2022",EQ-084,Harvester,2019-07-23,FARM-08,OP-004,David Hernandez,10.0,FLD-011,South Field,362.68,7.8,30.2,None,0.0,None,0.02,Low
LOG-01558,2023-12-28,EQ-059,Planter,2017-05-17,FARM-09,OP-042,Daniel Garcia,10.0,FLD-007,Golden Field,346.56,10.8,71.0,None,0.0,None,0.2,Low
LOG-03880,01-06-2023,EQ-059,Planter,2017-05-17,FARM-09,OP-007,Emily Johnson,18.0,FLD-016,Valley Field,341.89,8.5,67.4,None,0.0,None,0.09,Low
LOG-00454,2022-01-12,EQ-021,,2022-02-16,FARM-06,OP-038,Grace Gonzalez,8.0,FLD-009,South Field,474.95,4.6,30.1,Inspection,272.87,,,Medium
LOG-06499,2023-09-23,EQ-088,Planter,2018-03-14,FARM-07,OP-021,Chloe Jones,2.0,FLD-009,South Field,474.95,11.2,,Routine,986.31,None,0.78,High
LOG-05991,2024-06-02,EQ-089,Planter,2016-09-26,FARM-04,OP-029,David Miller,5.0,FLD-005,North Field,357.3,2.2,10.3,None,0.0,None,0.79,High
LOG-01962,2022-06-01,EQ-007,Tractor,2021-04-17,FARM-04,OP-033,Emily Garcia,18.0,FLD-020,West Field,220.65,3.7,21.3,None,0.0,None,0.54,Medium
LOG-02648,2024-05-24,EQ-026,Planter,2018-01-10,FARM-09,OP-009,David Anderson,12.0,FLD-019,North Field,158.9,1.8,6.2,Routine,1361.45,None,0.94,High
LOG-00809,2022-10-03,EQ-022,,2019-02-25,FARM-06,OP-032,James Hernandez,8.0,FLD-014,River Field,281.66,4.4,21.8,None,0.0,None,0.57,Medium
LOG-03545,2023-03-01,EQ-057,Harvester,2016-06-09,FARM-08,OP-011,Sophia Jones,6.0,FLD-018,River Field,208.98,11.0,33.6,Routine,748.44,None,0.77,High
LOG-04959,2023-05-18,EQ-042,Planter,2020-12-07,FARM-05,OP-033,Emily Garcia,18.0,FLD-007,Golden Field,346.56,4.4,34.4,None,0.0,None,0.37,Medium
LOG-06190,2024-01-17,EQ-024,Tractor,2021-10-31,FARM-03,OP-010,Robert Anderson,8.0,FLD-016,Valley Field,341.89,1.1,4.4,None,0.0,None,0.81,High
LOG-06612,2022-09-18,EQ-024,Tractor,2021-10-31,FARM-03,OP-014,John Hernandez,18.0,FLD-006,North Field,264.76,2.1,14.1,None,0.0,None,0.61,Medium
LOG-01120,2022-03-14,EQ-040,Planter,2021-09-08,FARM-02,OP-042,Daniel Garcia,10.0,,East Field,311.6,11.3,84.3,None,0.0,None,0.07,
LOG-03092,2023-09-10,EQ-011,Harvstr,2017-05-31,FARM-06,,Sarah Jones,13.0,FLD-016,Valley Field,341.89,7.8,27.7,,0.0,None,0.13,Low
LOG-00811,2023-12-24,EQ-064,Tractor,2018-10-16,FARM-01,OP-038,Grace Gonzalez,8.0,FLD-013,Valley Field,169.83,9.4,41.6,Routine,906.17,None,0.14,Low
LOG-01130,2022/01/17,EQ-044,Sprayer,2023-08-15,FARM-06,,Alice Wilson,12.0,FLD-020,West Field,220.65,,25.8,None,0.0,None,0.76,High
LOG-00835,2023-05-06,EQ-095,Tractor,2017-01-31,FARM-02,OP-043,Sarah Brown,1.0,FLD-002,Hill Field,223.83,3.8,18.7,None,0.0,None,0.7,High
LOG-06746,2022-03-02,EQ-003,Tractor,2022-08-03,FARM-09,OP-038,Grace Gonzalez,8.0,FLD-020,West Field,220.65,12.0,74.5,None,0.0,None,0.31,Medium
LOG-05378,2024-11-27,EQ-027,Harvester,2022-09-05,FARM-06,OP-016,David Jones,4.0,FLD-008,West Field,188.47,6.8,46.2,Repair,876.5,Filter,0.76,High
LOG-06691,2024-07-27,EQ-035,Sprayr,2023-05-18,FARM-10,OP-040,Charles Wilson,2.0,FLD-015,West Field,216.02,4.9,23.7,Repair,796.62,Blade,0.8,High
LOG-04727,2023-10-21,EQ-039,Tractor,,FARM-03,OP-028,Alice Wilson,12.0,FLD-009,South Field,474.95,2.6,18.5,Routine,423.85,None,0.96,High
LOG-01236,2024-03-11,EQ-064,Tractor,2018-10-16,FARM-01,OP-024,William Gonzalez,5.0,FLD-007,Golden Field,346.56,2.1,14.7,None,0.0,None,0.49,Medium
LOG-01226,2024-04-29,EQ-085,Planter,2017-05-25,FARM-07,OP-017,,18.0,FLD-010,Hill Field,315.35,8.4,25.4,None,0.0,None,0.04,Low
LOG-05580,2022-10-25,EQ-051,,2021-09-19,FARM-06,OP-042,Daniel Garcia,10.0,FLD-006,North Field,,8.4,63.3,None,0.0,None,0.29,Low
LOG-02580,2022-09-12,EQ-034,Harvester,2023-05-10,FARM-09,OP-003,Sarah Jones,13.0,FLD-012,River Field,258.49,1.4,8.9,None,0.0,None,0.14,Low
LOG-05642,2023-11-05,EQ-029,Sprayer,2019-07-02,FARM-05,OP-039,Michael Williams,4.0,FLD-018,River Field,208.98,11.0,64.2,None,0.0,None,0.99,High
LOG-04323,2022/12/30,EQ-061,Planter,2022-07-14,FARM-06,OP-049,Michael Williams,19.0,FLD-004,Sunny Field,103.14,4.9,33.6,None,0.0,None,0.61,Medium
LOG-04508,2024/01/23,EQ-045,Tractor,2018-04-17,FARM-07,OP-038,Grace Gonzalez,8.0,FLD-004,Sunny Field,103.14,3.6,23.5,Inspection,1174.61,None,0.38,Medium
LOG-04642,2024-10-20,EQ-043,Tractor,2022-08-18,FARM-02,OP-045,Michael Wilson,3.0,FLD-014,River Field,281.66,9.8,49.1,None,0.0,None,0.89,High
LOG-04900,,EQ-040,Planter,2021-09-08,FARM-02,OP-001,William Anderson,9.0,FLD-001,Sunny Field,,9.2,40.1,None,0.0,None,0.37,Medium
LOG-02158,2024-04-04,EQ-100,Planter,2022-05-16,FARM-10,OP-013,,17.0,FLD-020,West Field,220.65,2.7,19.0,None,0.0,None,0.91,High
LOG-01028,2023-11-18,EQ-086,Tractor,2016-11-05,FARM-07,OP-031,Alice Anderson,12.0,FLD-003,Golden Field,,1.2,9.1,None,0.0,None,0.51,Medium
LOG-03997,2024/12/31,EQ-028,Tractor,2017-07-27,FARM-01,OP-031,Alice Anderson,12.0,FLD-006,North Field,264.76,9.9,65.0,None,0.0,None,0.66,Medium
LOG-02944,07-06-2022,,Harvstr,2015-10-04,FARM-01,OP-004,David Hernandez,10.0,FLD-013,Valley Field,169.83,11.9,47.6,,0.0,None,0.57,Medium
LOG-00350,2023-02-17,EQ-062,Plntr,2020-10-20,FARM-08,,William Anderson,9.0,FLD-011,South Field,362.68,9.9,46.6,Inspection,1213.52,None,0.86,High
LOG-00453,2022-12-22,EQ-088,Planter,2018-03-14,FARM-07,OP-005,,3.0,FLD-006,North Field,264.76,9.1,32.7,Routine,454.71,None,0.27,Low
LOG-00663,2024-08-21,EQ-040,Planter,2021-09-08,FARM-02,OP-044,James Miller,11.0,FLD-015,West Field,216.02,3.5,14.4,None,0.0,None,0.61,Medium
LOG-00173,2022-04-14,EQ-032,Planter,2022-03-18,FARM-08,OP-010,Robert Anderson,8.0,FLD-004,Sunny Field,103.14,4.2,20.7,None,0.0,None,0.25,Low
LOG-01406,2022-07-15,EQ-070,Harvester,2021-01-17,FARM-03,OP-039,Michael Williams,4.0,FLD-005,North Field,357.3,9.1,63.4,Inspection,928.25,None,0.32,Medium
LOG-01621,2024-04-28,EQ-079,Planter,2016-07-28,FARM-07,OP-031,Alice Anderson,12.0,FLD-015,West Field,216.02,7.1,56.7,Inspection,319.78,None,0.52,Medium
LOG-04520,2024-08-20,EQ-078,Harvester,2017-02-23,FARM-04,OP-033,Emily Garcia,18.0,FLD-017,East Field,311.6,2.9,11.7,None,0.0,None,0.57,Medium
LOG-00423,2024-02-17,EQ-087,Tractor,2019-05-19,FARM-05,OP-029,David Miller,5.0,FLD-006,North Field,264.76,9.6,58.1,None,0.0,None,0.87,High
LOG-02211,2024/01/16,EQ-040,Planter,2021-09-08,FARM-02,OP-021,Chloe Jones,2.0,FLD-014,River Field,281.66,6.4,33.4,None,0.0,None,0.04,Low
LOG-06768,2022-04-05,EQ-044,Sprayer,2023-08-15,FARM-06,OP-029,David Miller,5.0,FLD-017,East Field,,11.0,60.8,None,0.0,None,0.05,Low
LOG-00882,"September 12, 2023",EQ-089,Planter,2016-09-26,FARM-04,OP-044,James Miller,11.0,FLD-013,Valley Field,169.83,2.0,7.4,Inspection,1233.15,None,0.69,Medium
LOG-03335,2023-06-01,EQ-068,Sprayer,2015-10-18,FARM-09,OP-040,,2.0,FLD-017,East Field,311.6,10.2,54.9,None,0.0,None,0.61,Medium
LOG-01254,2024-04-04,EQ-060,Harvester,2022-12-30,FARM-05,OP-019,James Lopez,11.0,FLD-005,North Field,357.3,1.4,7.9,None,0.0,None,0.34,Medium
LOG-05016,2024-08-29,EQ-075,Planter,2023-03-06,FARM-01,OP-046,Michael Garcia,17.0,FLD-002,Hill Field,223.83,2.0,7.8,None,0.0,None,0.6,Medium
LOG-06615,27-03-2022,EQ-075,Planter,2023-03-06,FARM-01,OP-021,Chloe Jones,2.0,FLD-019,North Field,158.9,6.3,29.9,None,0.0,None,0.76,High
LOG-04324,,EQ-008,Planter,2017-06-21,FARM-08,OP-045,Michael Wilson,3.0,,Valley Field,169.83,5.7,33.6,Repair,1224.29,Filter,0.58,Medium
LOG-04087,2022-09-06,EQ-009,Sprayer,2015-01-27,FARM-03,OP-035,Sarah Wilson,6.0,FLD-003,Golden Field,66.67,8.3,30.4,None,0.0,None,0.64,Medium
LOG-06522,2023-11-15,EQ-037,Sprayer,2017-06-17,,OP-008,James Rodriguez,9.0,FLD-008,West Field,188.47,1.3,5.2,None,0.0,None,0.71,High
LOG-04529,2024-06-11,EQ-044,,2023-08-15,FARM-06,OP-042,Daniel Garcia,10.0,FLD-005,North Field,357.3,4.4,32.6,None,0.0,None,0.08,Low
LOG-00103,2022/06/23,EQ-093,Planter,2020-08-21,FARM-09,OP-021,Chloe Jones,2.0,FLD-019,North Field,158.9,10.7,40.4,,0.0,None,0.06,Low
LOG-02345,2024-06-22,EQ-039,Tractor,2016-09-18,FARM-03,OP-042,Daniel Garcia,10.0,FLD-002,Hill Field,223.83,11.6,57.5,Inspection,493.95,None,,High
LOG-04273,"October 11, 2023",EQ-013,Tractor,2019-01-10,FARM-06,OP-016,David Jones,4.0,FLD-008,West Field,188.47,10.7,61.4,Routine,177.01,None,0.27,Low
LOG-06637,2022-08-12,EQ-063,Tractor,2017-10-12,FARM-04,OP-029,David Miller,5.0,FLD-007,Golden Field,346.56,9.6,74.3,None,0.0,None,0.02,Low
LOG-03470,2024-01-11,EQ-073,Tractor,2022-05-23,FARM-07,OP-047,,18.0,FLD-002,Hill Field,223.83,3.6,18.7,None,0.0,None,0.59,Medium
LOG-05439,2024-08-20,EQ-065,Harvester,2021-08-07,FARM-04,OP-023,Michael Smith,1.0,FLD-020,West Field,220.65,11.7,38.0,None,0.0,None,0.76,High
LOG-01581,2022-03-11,EQ-024,Tractor,2021-10-31,FARM-03,OP-001,William Anderson,9.0,FLD-005,North Field,357.3,10.2,42.7,None,0.0,None,0.02,Low
LOG-03541,2023-02-27,EQ-044,Sprayer,2023-08-15,FARM-06,OP-010,,8.0,FLD-002,Hill Field,223.83,7.1,44.3,None,0.0,None,0.69,Medium
LOG-03438,2022-07-07,EQ-040,Planter,2021-09-08,FARM-02,OP-035,Sarah Wilson,6.0,FLD-019,North Field,158.9,7.0,46.1,Routine,130.46,None,0.2,Low
LOG-05282,2023-02-07,EQ-099,Tractor,2021-12-11,FARM-02,OP-039,Michael Williams,4.0,FLD-010,Hill Field,315.35,8.6,27.8,None,0.0,None,0.6,Medium
LOG-04587,2023-04-16,EQ-026,Planter,2018-01-10,FARM-09,OP-030,Alice Jones,12.0,FLD-005,North Field,357.3,,31.9,None,0.0,None,0.29,Low
LOG-05158,2022-11-19,EQ-057,Harvester,2016-06-09,FARM-08,OP-015,Laura Anderson,4.0,FLD-012,River Field,258.49,9.8,78.3,None,0.0,None,0.37,Medium
LOG-00136,2024-07-07,EQ-018,Tractor,2015-07-07,FARM-04,OP-049,Michael Williams,19.0,FLD-016,Valley Field,341.89,7.8,58.7,Routine,362.7,None,0.16,Low
LOG-02035,2023-11-17,EQ-086,Tractor,2016-11-05,FARM-07,OP-013,Laura Martinez,17.0,FLD-020,West Field,220.65,10.1,71.9,,1420.75,None,0.38,Medium
LOG-03760,2022-08-02,EQ-084,,2019-07-23,FARM-08,OP-030,Alice Jones,12.0,FLD-014,River Field,281.66,2.1,10.1,None,0.0,None,0.73,High
LOG-03796,2023-05-20,EQ-050,Harvester,2021-01-18,FARM-09,OP-007,Emily Johnson,18.0,FLD-004,Sunny Field,103.14,,52.8,None,0.0,None,0.48,Medium
LOG-06293,2022-12-23,EQ-056,Tractor,2023-07-13,FARM-09,OP-035,Sarah Wilson,6.0,FLD-020,West Field,,2.3,8.8,None,0.0,None,0.17,
LOG-04667,2023-11-27,EQ-088,Planter,2018-03-14,FARM-07,OP-016,David Jones,4.0,FLD-002,Hill Field,,11.5,81.2,None,0.0,None,0.26,Low
LOG-03661,2024-12-07,EQ-050,Harvester,2021-01-18,FARM-09,,David Jones,4.0,FLD-018,River Field,208.98,2.3,18.0,None,0.0,None,0.53,Medium
LOG-02616,2022-09-27,EQ-015,Tractr,2019-03-31,FARM-02,OP-025,Michael Williams,15.0,FLD-002,Hill Field,223.83,2.2,12.9,Repair,1434.87,None,0.58,Medium
LOG-05040,"June 18, 2024",,Harvester,2017-02-23,FARM-04,OP-036,Jessica Anderson,14.0,FLD-003,Golden Field,66.67,9.3,50.4,None,0.0,None,0.39,Medium
LOG-04113,2023/05/12,EQ-030,Tractor,2017-05-14,FARM-10,OP-019,James Lopez,11.0,FLD-005,North Field,357.3,2.6,17.2,,0.0,None,0.02,Low
LOG-05964,2023-01-01,EQ-013,Tractor,2019-01-10,FARM-06,OP-023,Michael Smith,1.0,FLD-015,West Field,216.02,1.6,6.2,None,0.0,,0.43,Medium
LOG-02095,2022-02-22,EQ-089,Planter,2016-09-26,FARM-04,OP-028,Alice Wilson,12.0,FLD-011,South Field,362.68,2.5,18.1,None,0.0,None,0.05,Low
LOG-02108,"July 29, 2022",EQ-085,Planter,2017-05-25,FARM-07,OP-036,Jessica Anderson,14.0,FLD-008,West Field,188.47,5.3,30.5,Inspection,,None,0.13,Low
LOG-00808,"March 09, 2022",EQ-057,,2016-06-09,FARM-08,OP-030,Alice Jones,12.0,FLD-002,Hill Field,223.83,2.9,18.3,None,0.0,None,0.88,High
LOG-00463,2022-05-28,EQ-095,Tractor,2017-01-31,FARM-02,OP-050,Michael Smith,4.0,,River Field,281.66,9.2,34.7,None,0.0,None,0.34,Medium
LOG-00880,2024-03-19,EQ-069,Harvester,2018-02-14,FARM-08,OP-002,James Hernandez,11.0,FLD-001,,222.94,2.3,8.9,None,0.0,None,0.69,Medium
LOG-03210,2024-04-12,EQ-052,Planter,2015-03-21,FARM-02,OP-026,Grace Rodriguez,1.0,FLD-015,West Field,216.02,,26.0,None,0.0,None,0.38,Medium
LOG-04386,02-05-2023,EQ-054,Tractor,2017-09-13,FARM-10,OP-009,,12.0,FLD-003,Golden Field,66.67,7.0,21.4,None,0.0,None,0.58,Medium
LOG-06218,"January 19, 2024",EQ-085,Planter,2017-05-25,FARM-07,OP-012,Daniel Wilson,18.0,FLD-019,North Field,158.9,6.9,45.8,None,0.0,None,0.51,Medium
LOG-04523,2023-08-16,EQ-028,Tractor,2017-07-27,FARM-01,,David Anderson,,FLD-001,Sunny Field,222.94,8.9,68.9,None,0.0,None,0.77,High
LOG-05577,2022-01-15,EQ-077,,2023-12-24,FARM-02,OP-034,,5.0,FLD-018,,208.98,5.5,16.9,None,,None,0.84,High
LOG-00800,2024-01-15,EQ-095,Tractor,2017-01-31,FARM-02,OP-011,Sophia Jones,6.0,FLD-003,Golden Field,66.67,11.7,54.9,None,0.0,None,0.98,High
LOG-00355,2024-03-12,EQ-001,Tractor,2015-04-13,FARM-05,OP-045,Michael Wilson,3.0,FLD-019,North Field,158.9,10.4,71.3,None,0.0,None,0.19,Low
LOG-02678,2024-04-30,EQ-030,,2017-05-14,FARM-10,OP-030,Alice Jones,12.0,FLD-004,Sunny Field,103.14,2.2,6.9,None,0.0,None,0.12,Low
LOG-01074,2023-03-31,EQ-087,Tractor,2019-05-19,FARM-05,OP-009,David Anderson,12.0,FLD-017,East Field,311.6,2.2,6.7,None,0.0,None,0.32,Medium
LOG-02578,"May 21, 2022",EQ-049,Harvester,2016-09-18,FARM-06,OP-017,Emily Lopez,18.0,,South Field,474.95,10.0,64.1,Routine,1345.29,None,0.62,Medium
LOG-02113,2023-05-16,EQ-022,Harvester,2019-02-25,FARM-06,OP-021,Chloe Jones,2.0,FLD-012,River Field,258.49,9.7,70.6,None,0.0,None,0.32,
LOG-00145,2023-02-13,EQ-038,Planter,2016-01-08,FARM-01,OP-013,Laura Martinez,17.0,FLD-002,Hill Field,223.83,10.7,49.0,None,0.0,None,0.4,Medium
LOG-00381,2023-10-20,EQ-039,Tractor,,FARM-03,OP-048,William Smith,4.0,FLD-015,West Field,216.02,4.0,20.3,None,0.0,None,0.19,Low
LOG-01341,2023-07-02,EQ-084,Harvester,2019-07-23,FARM-08,OP-016,David Jones,4.0,FLD-017,East Field,311.6,4.5,25.7,Repair,552.62,Tire,0.7,High
LOG-03389,2023-08-05,EQ-088,Planter,2018-03-14,FARM-07,OP-012,Daniel Wilson,18.0,FLD-007,,346.56,8.6,67.5,None,0.0,None,0.88,High
LOG-04327,"February 05, 2024",EQ-095,Tractor,2017-01-31,FARM-02,OP-047,Charles Hernandez,18.0,FLD-016,Valley Field,,3.6,16.7,None,0.0,None,0.43,Medium
LOG-00122,2022-11-04,EQ-093,Planter,2020-08-21,FARM-09,OP-043,Sarah Brown,1.0,FLD-020,West Field,220.65,4.7,27.8,Repair,557.24,Hydraulics,0.69,Medium
LOG-04297,2023-06-24,EQ-037,Sprayer,2017-06-17,FARM-03,,James Rodriguez,9.0,FLD-013,Valley Field,169.83,3.6,27.5,Routine,987.8,,0.1,Low
LOG-04511,2023-11-24,EQ-010,Planter,2018-10-25,,OP-016,David Jones,4.0,FLD-013,Valley Field,169.83,8.2,29.7,None,0.0,None,,Medium
LOG-01361,2022-11-25,,Planter,2016-01-08,FARM-01,OP-040,Charles Wilson,2.0,FLD-001,Sunny Field,222.94,,22.7,Inspection,907.28,None,0.11,Low
LOG-00419,2022/07/14,EQ-041,Planter,2019-04-13,FARM-10,OP-028,Alice Wilson,12.0,FLD-004,Sunny Field,103.14,10.4,77.5,Routine,,None,0.64,Medium
LOG-06092,06-09-2024,EQ-070,Harvester,2021-01-17,FARM-03,OP-003,Sarah Jones,13.0,FLD-007,Golden Field,346.56,,6.8,None,0.0,None,0.09,Low
LOG-05511,2024-06-10,EQ-045,Tractor,2018-04-17,FARM-07,OP-038,,8.0,FLD-018,River Field,208.98,3.0,11.3,None,0.0,None,0.31,Medium
LOG-01515,2023-08-22,EQ-089,Planter,2016-09-26,FARM-04,OP-009,David Anderson,12.0,FLD-005,North Field,357.3,10.5,45.0,None,0.0,None,0.84,High
LOG-06051,2023-12-10,EQ-097,,2016-05-06,,OP-007,Emily Johnson,18.0,FLD-003,Golden Field,66.67,10.6,59.2,Inspection,312.06,None,0.07,Low
LOG-04169,2023-02-05,EQ-088,Planter,2018-03-14,FARM-07,OP-029,David Miller,5.0,FLD-020,West Field,220.65,2.7,19.9,None,0.0,None,0.13,Low
LOG-02510,01-02-2023,EQ-036,Planter,2021-07-18,FARM-07,OP-005,Daniel Garcia,3.0,FLD-017,East Field,311.6,9.8,68.7,None,0.0,None,0.12,Low
LOG-03820,2022-10-30,EQ-085,Planter,2017-05-25,FARM-07,OP-039,Michael Williams,4.0,FLD-003,Golden Field,66.67,6.3,42.0,None,0.0,None,0.84,High
LOG-00556,2024-08-07,EQ-040,Planter,2021-09-08,FARM-02,OP-032,James Hernandez,8.0,FLD-012,River Field,258.49,8.7,27.5,Routine,1138.33,,,Low
LOG-02003,2023-02-03,EQ-018,Tractor,2015-07-07,FARM-04,OP-049,Michael Williams,19.0,FLD-014,River Field,281.66,2.9,19.2,None,0.0,None,0.6,Medium
LOG-03500,"July 23, 2024",EQ-078,Harvester,2017-02-23,FARM-04,OP-033,Emily Garcia,18.0,FLD-003,Golden Field,66.67,6.3,30.6,Inspection,1032.5,None,0.28,Low
LOG-02665,2023-08-12,EQ-044,Sprayer,2023-08-15,FARM-06,OP-044,James Miller,11.0,FLD-019,North Field,158.9,6.5,47.6,None,0.0,None,0.72,High
LOG-01486,2024-04-13,EQ-037,Sprayer,2017-06-17,FARM-03,OP-018,David Jones,10.0,FLD-001,Sunny Field,222.94,3.3,22.8,None,0.0,None,0.28,Low
LOG-04985,2023-11-18,EQ-009,Sprayer,2015-01-27,FARM-03,OP-008,James Rodriguez,9.0,FLD-018,River Field,208.98,9.2,35.6,None,0.0,None,0.34,Medium
LOG-01273,26-03-2023,EQ-083,Tractor,2016-01-18,FARM-04,OP-016,David Jones,4.0,FLD-004,Sunny Field,103.14,2.3,17.2,None,0.0,None,,Low
LOG-06557,2024-03-16,EQ-066,Tractor,2015-10-18,FARM-01,OP-037,John Williams,11.0,FLD-016,Valley Field,341.89,2.8,9.4,None,0.0,None,0.87,High
LOG-01412,2023-03-02,EQ-013,Tractor,2019-01-10,FARM-06,OP-036,Jessica Anderson,14.0,FLD-006,North Field,,10.5,57.2,None,0.0,None,0.15,Low
LOG-06262,2022-02-27,EQ-065,Harvester,2021-08-07,FARM-04,OP-013,Laura Martinez,17.0,,West Field,220.65,3.8,29.6,None,0.0,None,0.48,Medium
LOG-06745,2022-11-20,EQ-070,Harvstr,2021-01-17,FARM-03,OP-049,Michael Williams,19.0,,Hill Field,315.35,2.6,16.3,Inspection,583.53,None,0.88,High
LOG-01472,2024-05-15,EQ-002,Harvester,2017-07-03,FARM-03,OP-032,,8.0,FLD-013,,169.83,9.5,42.9,None,0.0,None,0.63,Medium
LOG-05831,2022-02-24,EQ-013,Tractor,2019-01-10,FARM-06,OP-028,Alice Wilson,12.0,FLD-003,Golden Field,66.67,4.9,38.2,None,0.0,None,0.37,Medium
LOG-06199,2024-06-15,EQ-051,Tractor,2021-09-19,FARM-06,OP-047,Charles Hernandez,18.0,FLD-006,North Field,264.76,2.6,11.3,None,0.0,None,0.82,High
LOG-04585,2022-06-30,EQ-067,Harvester,2015-10-04,FARM-01,OP-017,Emily Lopez,18.0,FLD-005,North Field,357.3,1.1,4.2,None,0.0,None,0.14,Low
LOG-05599,2023-06-20,EQ-043,Tractor,2022-08-18,FARM-02,OP-004,David Hernandez,10.0,FLD-018,,208.98,11.1,36.5,None,0.0,None,0.65,Medium
LOG-04127,2023-09-05,EQ-070,Harvester,2021-01-17,FARM-03,OP-035,Sarah Wilson,6.0,FLD-016,Valley Field,341.89,4.5,29.2,None,0.0,None,0.09,Low
LOG-02935,2023-10-08,EQ-055,Tractor,2015-12-17,FARM-08,OP-003,Sarah Jones,13.0,FLD-019,North Field,158.9,10.0,30.7,None,0.0,None,0.7,High
LOG-03130,2023-11-02,EQ-051,Tractor,2021-09-19,FARM-06,OP-039,Michael Williams,4.0,FLD-004,Sunny Field,103.14,6.9,31.6,None,0.0,None,0.95,High
LOG-02313,2022-07-15,EQ-029,Sprayer,2019-07-02,FARM-05,OP-020,James Hernandez,9.0,FLD-011,South Field,362.68,1.8,12.0,,107.76,None,0.89,High
LOG-02837,2024/03/30,EQ-067,Harvester,2015-10-04,FARM-01,OP-024,William Gonzalez,5.0,FLD-009,South Field,474.95,5.5,44.0,None,0.0,None,,Low
LOG-06571,2024-09-23,EQ-039,Tractor,2016-09-18,FARM-03,OP-039,Michael Williams,4.0,FLD-017,East Field,311.6,8.7,52.3,Inspection,,None,0.22,Low
LOG-00982,2022-04-20,,Tractor,2019-04-06,FARM-05,OP-021,Chloe Jones,2.0,FLD-008,West Field,188.47,7.9,34.8,Repair,786.99,None,0.88,High
LOG-05936,2024-07-31,EQ-005,Tractor,2015-05-03,FARM-02,OP-030,Alice Jones,12.0,FLD-001,Sunny Field,222.94,6.8,45.4,None,0.0,None,0.73,High
LOG-02156,"December 17, 2024",EQ-024,Tractor,2021-10-31,FARM-03,OP-023,Michael Smith,1.0,FLD-018,River Field,208.98,8.4,44.0,None,0.0,None,0.59,Medium
LOG-03209,2024-08-30,EQ-055,Tractor,2015-12-17,FARM-08,OP-008,James Rodriguez,9.0,FLD-019,,158.9,2.2,10.6,None,0.0,None,0.35,Medium
LOG-06168,2024-10-26,EQ-068,Sprayer,,FARM-09,OP-029,David Miller,5.0,FLD-007,Golden Field,346.56,9.4,52.4,Repair,142.42,Belt,0.04,Low
LOG-01269,2024-09-02,EQ-024,Tractor,2021-10-31,FARM-03,OP-018,David Jones,10.0,FLD-001,Sunny Field,222.94,8.3,43.7,None,0.0,None,0.92,High
LOG-00415,2022-03-22,EQ-053,Sprayer,2018-06-13,FARM-04,OP-019,James Lopez,11.0,FLD-006,North Field,264.76,7.0,52.9,None,0.0,None,0.48,Medium
LOG-00269,2023-03-29,EQ-072,Planter,2017-02-18,FARM-02,OP-038,Grace Gonzalez,8.0,FLD-019,North Field,158.9,5.9,29.2,None,0.0,None,0.59,Medium
LOG-03194,2023-03-01,EQ-004,Tractor,2021-08-15,FARM-07,OP-022,Robert Hernandez,14.0,FLD-018,,208.98,5.1,21.8,None,0.0,None,0.08,Low
LOG-00655,2024-08-14,EQ-077,Sprayer,2023-12-24,FARM-02,OP-006,John Davis,20.0,FLD-011,South Field,362.68,10.8,38.0,None,0.0,None,0.74,High
LOG-03017,2023-12-14,EQ-004,Tractor,2021-08-15,FARM-07,OP-010,Robert Anderson,8.0,FLD-014,River Field,281.66,11.7,78.9,None,0.0,None,0.64,Medium
LOG-05021,2022-05-10,EQ-023,Harvester,2022-07-08,FARM-05,OP-045,Michael Wilson,3.0,FLD-012,River Field,258.49,8.9,42.4,None,0.0,None,0.09,Low
LOG-06286,"October 03, 2022",EQ-060,Harvester,2022-12-30,FARM-05,OP-001,William Anderson,9.0,,Golden Field,346.56,2.9,19.2,None,0.0,None,0.33,Medium
LOG-02742,"September 16, 2022",EQ-083,Tractor,2016-01-18,FARM-04,OP-015,Laura Anderson,4.0,FLD-004,Sunny Field,103.14,10.1,70.1,None,0.0,None,0.1,Low
LOG-02311,2023-10-04,EQ-064,Tractor,2018-10-16,FARM-01,OP-014,John Hernandez,18.0,FLD-013,Valley Field,169.83,3.8,28.5,Inspection,203.36,None,0.54,Medium
LOG-03498,2023-07-01,EQ-051,,2021-09-19,FARM-06,OP-031,Alice Anderson,12.0,FLD-017,East Field,311.6,4.2,20.9,None,0.0,None,0.61,Medium
LOG-00774,2024-10-08,EQ-039,Tractor,2016-09-18,FARM-03,OP-038,Grace Gonzalez,8.0,FLD-010,Hill Field,315.35,,38.3,Routine,53.55,None,0.27,Low
LOG-02419,2023-11-18,EQ-068,Sprayer,2015-10-18,FARM-09,OP-040,Charles Wilson,2.0,FLD-018,River Field,,7.7,36.5,None,0.0,None,,Medium
LOG-00590,2022-11-10,EQ-065,Harvester,2021-08-07,FARM-04,OP-045,Michael Wilson,3.0,FLD-008,West Field,188.47,1.6,10.7,None,0.0,None,0.45,Medium
LOG-04847,2024-03-08,EQ-085,Planter,,FARM-07,OP-004,David Hernandez,10.0,FLD-006,North Field,264.76,10.8,48.4,None,0.0,None,0.63,Medium
LOG-03426,2023-12-28,EQ-009,Sprayer,2015-01-27,FARM-03,OP-017,Emily Lopez,18.0,FLD-002,Hill Field,223.83,1.7,12.5,None,0.0,None,0.38,Medium
LOG-05051,2023-11-20,EQ-008,Planter,2017-06-21,FARM-08,OP-050,Michael Smith,4.0,FLD-014,River Field,281.66,3.6,17.5,None,0.0,None,0.87,High
LOG-03556,2023-05-25,EQ-043,,2022-08-18,,OP-016,David Jones,4.0,FLD-003,Golden Field,66.67,8.0,39.9,Repair,,Belt,0.4,Medium
LOG-03821,2024-04-09,EQ-042,Planter,2020-12-07,FARM-05,OP-002,James Hernandez,11.0,FLD-015,West Field,216.02,2.1,7.9,None,0.0,None,0.9,High
LOG-03862,2023-12-11,EQ-033,Harvester,2017-12-20,FARM-03,,Michael Williams,19.0,FLD-006,North Field,264.76,2.7,17.1,None,0.0,None,0.76,High
LOG-03329,2024-09-23,EQ-036,,2021-07-18,FARM-07,OP-035,Sarah Wilson,6.0,FLD-008,West Field,,8.5,64.6,None,0.0,None,0.72,High
LOG-03106,"December 21, 2023",,Plntr,2020-08-21,FARM-09,OP-008,James Rodriguez,9.0,FLD-004,Sunny Field,103.14,10.6,66.8,Repair,257.1,Belt,0.19,Low
LOG-00702,2022-09-03,EQ-028,Tractor,2017-07-27,FARM-01,OP-039,,4.0,FLD-004,Sunny Field,,2.0,12.0,None,0.0,None,0.76,High
LOG-03035,2024-11-18,EQ-056,Tractor,2023-07-13,FARM-09,OP-028,Alice Wilson,12.0,,Sunny Field,103.14,3.1,20.1,None,0.0,None,0.5,Medium
LOG-02276,2022-07-07,EQ-090,Sprayer,2017-06-10,FARM-01,OP-049,Michael Williams,19.0,FLD-002,Hill Field,223.83,2.3,11.2,Routine,308.1,None,,Medium
LOG-04211,2022-09-12,EQ-080,Harvester,2018-02-14,FARM-08,OP-050,Michael Smith,4.0,FLD-002,Hill Field,223.83,9.2,34.9,None,0.0,,0.65,Medium
LOG-00678,2023-03-09,EQ-049,Harvester,2016-09-18,FARM-06,OP-028,Alice Wilson,12.0,FLD-018,River Field,208.98,8.3,44.6,Inspection,607.66,None,0.92,High
LOG-02706,2024-05-27,EQ-006,Harvester,2017-08-10,FARM-09,OP-029,David Miller,5.0,FLD-014,River Field,281.66,3.8,11.6,None,0.0,None,0.38,Medium
LOG-04691,2023-08-24,EQ-036,Planter,2021-07-18,FARM-07,OP-023,Michael Smith,1.0,FLD-019,North Field,158.9,1.7,8.1,None,0.0,None,0.63,Medium
LOG-04284,2023-03-30,EQ-051,Tractor,2021-09-19,FARM-06,OP-003,Sarah Jones,13.0,FLD-006,North Field,264.76,3.2,11.0,None,0.0,None,0.36,Medium
LOG-02319,"July 26, 2024",EQ-023,Harvester,2022-07-08,FARM-05,OP-001,William Anderson,9.0,FLD-005,,357.3,5.1,28.6,Routine,719.82,None,0.46,Medium
LOG-04867,2022-04-28,EQ-041,Planter,2019-04-13,FARM-10,OP-002,James Hernandez,11.0,FLD-011,South Field,362.68,9.3,40.6,None,0.0,None,0.85,High
LOG-00694,2023-06-26,EQ-094,Harvester,2015-08-21,FARM-09,OP-023,Michael Smith,1.0,FLD-002,Hill Field,223.83,9.3,33.3,Inspection,628.18,None,0.31,Medium
LOG-01514,2023-09-17,EQ-038,Planter,2016-01-08,FARM-01,OP-020,James Hernandez,9.0,FLD-006,North Field,264.76,6.2,32.2,None,0.0,None,0.74,High
LOG-02847,2022-03-02,EQ-017,Sprayer,2021-06-22,,OP-026,Grace Rodriguez,1.0,FLD-001,Sunny Field,222.94,1.0,3.3,None,0.0,None,0.65,Medium
LOG-03866,"February 16, 2024",EQ-088,Planter,2018-03-14,FARM-07,OP-039,Michael Williams,4.0,FLD-015,,216.02,6.9,46.4,None,0.0,None,0.76,High
LOG-06150,06-07-2024,EQ-071,Planter,2017-09-22,FARM-08,OP-023,,1.0,FLD-013,Valley Field,169.83,8.6,36.9,None,0.0,None,0.35,Medium
LOG-00111,2022-06-11,EQ-076,Tractor,2015-09-06,FARM-07,OP-026,Grace Rodriguez,1.0,FLD-017,East Field,,5.4,24.6,None,0.0,None,0.34,Medium
LOG-03019,30-04-2024,EQ-077,Sprayer,2023-12-24,,OP-048,William Smith,4.0,FLD-013,Valley Field,169.83,5.6,43.5,Routine,1496.2,None,,High
LOG-05983,,EQ-051,Tractor,,FARM-06,OP-031,Alice Anderson,12.0,FLD-012,River Field,258.49,9.5,43.9,Routine,507.44,None,0.26,Low
LOG-03136,2023-09-11,EQ-018,Tractor,2015-07-07,FARM-04,OP-009,David Anderson,12.0,FLD-001,Sunny Field,222.94,2.0,10.6,None,0.0,None,0.18,Low
LOG-02339,2023-09-04,EQ-096,Tractr,2022-07-28,FARM-04,OP-005,Daniel Garcia,3.0,FLD-016,Valley Field,341.89,5.2,31.4,None,0.0,None,0.17,Low
LOG-06335,2023-06-29,EQ-027,Harvstr,,FARM-06,OP-013,Laura Martinez,17.0,FLD-004,Sunny Field,103.14,3.6,15.8,None,0.0,None,0.44,Medium
LOG-03025,2022-04-18,EQ-040,Planter,2021-09-08,FARM-02,OP-009,David Anderson,12.0,,Valley Field,169.83,2.2,10.8,None,0.0,None,0.14,
LOG-00857,2024-01-09,EQ-017,Sprayer,2021-06-22,FARM-04,OP-032,James Hernandez,8.0,FLD-009,South Field,474.95,11.2,49.4,None,0.0,None,0.61,
LOG-05748,2023-07-05,EQ-039,Tractor,2016-09-18,FARM-03,OP-041,Chloe Brown,7.0,FLD-009,South Field,474.95,1.1,5.9,None,0.0,None,0.57,Medium
LOG-04597,2024-02-12,EQ-074,Sprayer,2019-10-01,FARM-07,OP-031,Alice Anderson,12.0,FLD-006,North Field,,5.2,35.1,Repair,1220.43,Blade,0.15,Low
LOG-05996,,EQ-011,Harvester,2017-05-31,FARM-06,OP-041,Chloe Brown,7.0,FLD-010,Hill Field,315.35,3.8,25.3,None,0.0,None,0.67,Medium
LOG-05494,2023-02-03,EQ-046,Harvester,2020-02-02,FARM-01,OP-002,James Hernandez,11.0,FLD-004,Sunny Field,103.14,10.4,72.9,None,0.0,None,0.45,Medium
LOG-04884,"March 17, 2022",EQ-084,Harvester,2019-07-23,FARM-08,OP-029,David Miller,5.0,FLD-015,West Field,216.02,4.0,23.8,None,0.0,None,0.57,Medium
LOG-01898,2022-07-23,EQ-032,Planter,2022-03-18,FARM-08,OP-031,Alice Anderson,12.0,FLD-001,Sunny Field,222.94,2.4,16.2,None,0.0,None,0.65,Medium
LOG-04363,2022-06-01,EQ-047,,2020-08-12,FARM-03,OP-040,Charles Wilson,2.0,FLD-010,Hill Field,315.35,8.6,32.1,Inspection,1208.97,None,0.13,Low
LOG-01967,2022-06-19,EQ-082,Tractor,2015-07-27,FARM-09,OP-038,Grace Gonzalez,8.0,FLD-003,Golden Field,66.67,8.6,46.5,None,0.0,None,0.44,Medium
LOG-05654,2024-04-30,EQ-033,,2017-12-20,FARM-03,OP-042,Daniel Garcia,10.0,FLD-008,West Field,188.47,5.5,36.0,None,0.0,None,0.48,Medium
LOG-02019,2022-07-03,EQ-098,Harvester,2021-06-29,FARM-10,OP-039,Michael Williams,4.0,FLD-015,West Field,216.02,10.8,48.4,None,0.0,None,0.37,Medium
LOG-02408,2024-11-15,,Planter,2021-09-08,FARM-02,OP-013,Laura Martinez,17.0,FLD-001,Sunny Field,222.94,8.4,58.2,None,0.0,None,0.19,
LOG-03001,2024-06-15,EQ-010,Plntr,2018-10-25,FARM-05,OP-048,William Smith,4.0,FLD-002,Hill Field,223.83,10.7,56.2,None,0.0,None,,Low
LOG-02303,2023-08-06,EQ-055,Tractor,2015-12-17,FARM-08,OP-003,Sarah Jones,13.0,FLD-017,East Field,311.6,1.7,,None,0.0,None,0.9,High
LOG-01469,2024-05-21,EQ-044,Sprayer,2023-08-15,FARM-06,OP-025,Michael Williams,15.0,FLD-006,,264.76,2.7,12.3,None,0.0,None,0.48,Medium
LOG-05145,2022-04-28,EQ-059,Planter,2017-05-17,FARM-09,OP-035,Sarah Wilson,6.0,FLD-002,Hill Field,223.83,6.2,38.1,None,0.0,None,0.18,Low
LOG-02964,2022-02-08,EQ-029,Sprayer,2019-07-02,FARM-05,OP-037,John Williams,11.0,FLD-009,South Field,474.95,10.8,64.0,None,0.0,None,0.55,Medium
LOG-06132,2023-09-22,EQ-080,Harvester,2018-02-14,FARM-08,OP-043,Sarah Brown,1.0,FLD-016,Valley Field,341.89,8.5,,None,0.0,None,0.49,Medium
LOG-04025,2023/03/04,EQ-052,Planter,2015-03-21,FARM-02,,Charles Hernandez,18.0,FLD-014,River Field,281.66,3.1,16.9,None,0.0,,0.98,High
LOG-05221,"October 20, 2023",EQ-063,Tractr,2017-10-12,FARM-04,OP-001,William Anderson,9.0,FLD-001,Sunny Field,222.94,11.1,84.3,None,0.0,None,0.93,High
LOG-00108,2022-05-28,EQ-065,Harvester,2021-08-07,FARM-04,OP-036,Jessica Anderson,14.0,,River Field,258.49,5.4,36.2,None,0.0,None,0.46,Medium
LOG-00030,"September 20, 2023",EQ-029,Sprayer,2019-07-02,FARM-05,OP-026,Grace Rodriguez,1.0,FLD-008,West Field,188.47,8.3,40.2,None,0.0,None,0.35,Medium
LOG-03816,2022-06-03,EQ-035,Sprayer,2023-05-18,FARM-10,OP-031,Alice Anderson,12.0,FLD-016,Valley Field,341.89,4.2,29.2,None,0.0,None,0.04,Low
LOG-03115,2023-06-22,EQ-066,,2015-10-18,FARM-01,OP-049,Michael Williams,19.0,FLD-004,Sunny Field,103.14,4.2,24.3,None,0.0,None,0.29,Low
LOG-05285,2024-05-27,EQ-015,Tractor,2019-03-31,FARM-02,OP-025,Michael Williams,15.0,FLD-007,Golden Field,346.56,7.4,23.0,None,0.0,None,0.47,Medium
LOG-02663,2022-07-27,EQ-012,,2016-01-15,FARM-07,,Michael Smith,4.0,FLD-004,Sunny Field,103.14,8.4,,None,0.0,None,0.55,Medium
LOG-05957,2022-11-04,EQ-076,Tractor,2015-09-06,FARM-07,OP-017,Emily Lopez,18.0,FLD-020,West Field,220.65,9.8,42.4,Inspection,1076.16,None,0.81,High
LOG-00752,2024-07-26,EQ-089,Planter,2016-09-26,FARM-04,OP-005,Daniel Garcia,3.0,,Golden Field,346.56,2.0,9.9,Inspection,1439.47,None,0.09,Low
LOG-03133,2022-06-19,EQ-046,Harvester,2020-02-02,FARM-01,OP-012,Daniel Wilson,18.0,FLD-008,West Field,188.47,4.5,25.6,None,0.0,None,0.52,Medium
LOG-00585,2023/05/27,EQ-018,Tractor,2015-07-07,FARM-04,OP-017,Emily Lopez,18.0,FLD-012,,258.49,3.6,25.4,Routine,629.71,None,0.91,High
LOG-01221,2023-08-04,EQ-049,Harvester,2016-09-18,FARM-06,OP-019,James Lopez,11.0,,River Field,281.66,8.7,66.9,None,0.0,None,0.11,Low
LOG-02595,2022/07/24,EQ-076,Tractor,2015-09-06,FARM-07,OP-046,Michael Garcia,17.0,FLD-009,South Field,474.95,7.2,27.3,None,0.0,None,0.78,High
LOG-01776,2023-09-13,EQ-040,Plntr,2021-09-08,FARM-02,OP-016,David Jones,4.0,FLD-013,Valley Field,169.83,10.1,57.7,Routine,,None,0.03,Low
LOG-05857,2023-11-17,EQ-062,Planter,,FARM-08,OP-003,Sarah Jones,13.0,FLD-014,River Field,,8.1,58.8,None,0.0,None,0.59,Medium
LOG-06015,2024-06-26,EQ-087,Tractor,2019-05-19,FARM-05,OP-004,David Hernandez,10.0,FLD-002,,223.83,6.6,34.6,None,0.0,None,0.34,Medium
LOG-00549,31-05-2024,EQ-062,Planter,2020-10-20,FARM-08,OP-020,James Hernandez,9.0,FLD-001,Sunny Field,222.94,9.8,58.7,None,0.0,None,0.55,Medium
LOG-05413,2022-04-17,EQ-035,Sprayer,2023-05-18,FARM-10,OP-042,Daniel Garcia,10.0,FLD-018,River Field,208.98,7.2,32.8,None,0.0,None,0.92,High
LOG-04311,2022-05-18,EQ-074,Sprayer,2019-10-01,FARM-07,OP-001,William Anderson,9.0,FLD-018,River Field,208.98,8.2,,None,0.0,None,0.98,High
LOG-02922,2022-09-17,EQ-043,Tractor,2022-08-18,FARM-02,,David Jones,10.0,FLD-011,South Field,362.68,10.9,35.8,None,0.0,None,0.33,Medium
LOG-06507,12-05-2022,EQ-084,Harvester,2019-07-23,FARM-08,OP-046,Michael Garcia,17.0,FLD-009,South Field,474.95,3.0,13.1,None,0.0,None,0.83,High
LOG-06592,2024-06-15,EQ-078,Harvester,2017-02-23,FARM-04,OP-003,Sarah Jones,13.0,FLD-012,River Field,258.49,3.9,20.1,None,0.0,None,0.57,Medium
LOG-05763,2024-08-02,EQ-094,Harvester,2015-08-21,FARM-09,OP-015,Laura Anderson,4.0,FLD-013,Valley Field,169.83,10.6,48.8,None,0.0,None,0.72,High
LOG-06742,2022-08-24,EQ-064,Tractor,2018-10-16,FARM-01,OP-009,David Anderson,12.0,FLD-002,Hill Field,223.83,4.6,19.3,Routine,339.56,None,0.86,High
LOG-05475,"April 04, 2024",EQ-010,Planter,2018-10-25,FARM-05,OP-040,Charles Wilson,2.0,FLD-014,River Field,281.66,9.0,57.9,None,0.0,None,0.96,High
LOG-01946,2024-04-17,EQ-005,Tractor,2015-05-03,FARM-02,OP-017,Emily Lopez,18.0,FLD-001,Sunny Field,222.94,2.3,10.1,None,0.0,None,0.45,Medium
LOG-04914,28-07-2024,EQ-098,Harvester,2021-06-29,FARM-10,OP-019,James Lopez,11.0,FLD-006,North Field,,2.7,17.8,None,0.0,None,0.68,Medium
LOG-05787,2022-07-07,,Harvester,2021-08-07,FARM-04,OP-050,Michael Smith,4.0,FLD-010,Hill Field,315.35,5.3,40.4,None,0.0,None,0.81,High
LOG-00345,24-08-2024,EQ-100,Planter,2022-05-16,FARM-10,OP-018,David Jones,10.0,FLD-002,Hill Field,223.83,6.8,46.5,None,0.0,None,0.96,High
LOG-06230,2024-09-18,EQ-029,Sprayer,2019-07-02,FARM-05,OP-029,David Miller,5.0,FLD-001,Sunny Field,222.94,9.3,64.8,None,0.0,None,0.38,Medium
LOG-05222,2023-06-25,EQ-067,Harvester,2015-10-04,FARM-01,OP-009,David Anderson,12.0,FLD-007,Golden Field,346.56,7.1,24.9,Repair,791.2,Hydraulics,0.55,Medium
LOG-01576,2022-07-17,EQ-085,Planter,2017-05-25,FARM-07,OP-035,Sarah Wilson,6.0,FLD-012,River Field,,6.3,,None,0.0,None,0.2,Low
LOG-02489,2023-12-14,EQ-001,,2015-04-13,FARM-05,OP-004,David Hernandez,10.0,FLD-001,Sunny Field,222.94,11.3,76.2,None,0.0,None,0.2,Low
LOG-06563,2024-06-06,EQ-055,Tractor,2015-12-17,FARM-08,OP-021,Chloe Jones,2.0,FLD-018,River Field,,9.6,49.7,None,0.0,None,0.91,High
LOG-04162,2023-06-20,EQ-080,Harvester,2018-02-14,FARM-08,OP-011,Sophia Jones,6.0,FLD-003,Golden Field,66.67,11.9,71.6,Routine,1302.81,None,0.52,Medium
LOG-02752,2022-07-12,EQ-046,Harvester,2020-02-02,FARM-01,OP-001,William Anderson,9.0,FLD-011,South Field,362.68,4.0,26.4,Repair,893.74,Filter,0.3,Medium
LOG-02869,2023-10-20,EQ-094,Harvester,2015-08-21,FARM-09,OP-048,William Smith,4.0,FLD-004,Sunny Field,,10.8,56.8,None,0.0,None,0.79,High
LOG-06094,"December 01, 2024",EQ-008,Planter,,FARM-08,OP-030,Alice Jones,12.0,FLD-009,South Field,474.95,6.0,34.5,None,0.0,None,0.26,Low
LOG-02127,2022-02-19,EQ-094,Harvester,2015-08-21,,OP-038,Grace Gonzalez,,,River Field,258.49,2.0,8.0,None,,None,0.86,High
LOG-00091,,EQ-055,Tractor,2015-12-17,FARM-08,OP-044,James Miller,11.0,FLD-004,Sunny Field,103.14,8.8,45.9,None,0.0,None,0.33,Medium
LOG-03413,2024/01/02,EQ-053,Sprayer,2018-06-13,FARM-04,OP-024,William Gonzalez,5.0,FLD-013,Valley Field,169.83,9.0,33.8,None,0.0,None,0.72,High
LOG-04316,2024-03-10,EQ-041,Planter,2019-04-13,FARM-10,OP-039,Michael Williams,4.0,FLD-012,River Field,258.49,8.6,50.0,Repair,909.62,Belt,0.16,Low
LOG-05160,2024/02/10,EQ-091,Tractor,2023-05-22,FARM-06,OP-012,Daniel Wilson,18.0,FLD-017,East Field,311.6,6.3,22.0,None,0.0,None,0.33,Medium
LOG-02228,2022-06-23,,Tractor,2017-10-12,FARM-04,,James Miller,11.0,FLD-020,West Field,220.65,6.0,45.0,None,0.0,None,,Low
LOG-05867,2022-03-16,EQ-093,Planter,2020-08-21,FARM-09,OP-005,Daniel Garcia,3.0,FLD-015,West Field,216.02,8.0,25.1,,0.0,None,0.66,Medium
LOG-00625,,EQ-090,Sprayer,2017-06-10,FARM-01,OP-035,Sarah Wilson,6.0,FLD-005,North Field,357.3,5.5,28.9,Inspection,905.96,None,0.71,High
LOG-00070,2022-01-17,EQ-085,Planter,2017-05-25,,OP-026,Grace Rodriguez,1.0,FLD-009,South Field,474.95,7.2,46.3,None,0.0,None,0.06,Low
LOG-00890,2023-01-29,EQ-003,Tractor,2022-08-03,FARM-09,OP-011,Sophia Jones,6.0,,Hill Field,315.35,6.2,32.2,None,0.0,None,0.59,Medium
LOG-05782,2024-09-10,EQ-021,Planter,,FARM-06,OP-043,Sarah Brown,1.0,FLD-008,West Field,188.47,9.1,28.7,None,0.0,None,0.72,High
LOG-05305,2024-02-20,EQ-022,Harvester,2019-02-25,FARM-06,OP-039,Michael Williams,4.0,,,169.83,4.4,31.6,None,0.0,None,0.74,High
LOG-04513,2022-04-01,EQ-064,Tractor,2018-10-16,FARM-01,OP-003,Sarah Jones,13.0,FLD-014,River Field,281.66,1.3,,None,0.0,None,,High
LOG-04606,2023-05-23,EQ-031,Sprayer,2017-05-20,FARM-08,OP-007,Emily Johnson,18.0,FLD-018,River Field,208.98,7.0,,None,0.0,None,0.2,Low
LOG-03870,2022-04-03,EQ-052,Planter,2015-03-21,FARM-02,OP-011,Sophia Jones,6.0,FLD-010,Hill Field,315.35,8.4,43.9,None,0.0,None,0.04,Low
LOG-02955,2023-02-17,EQ-001,Tractor,2015-04-13,FARM-05,OP-010,Robert Anderson,8.0,FLD-007,Golden Field,346.56,6.8,51.4,None,0.0,None,0.03,Low
LOG-00948,2022-01-18,EQ-046,Harvester,2020-02-02,FARM-01,OP-025,Michael Williams,15.0,FLD-006,North Field,264.76,,11.6,Inspection,63.58,None,0.74,High
LOG-00878,2024/07/10,EQ-041,Planter,2019-04-13,FARM-10,OP-038,Grace Gonzalez,8.0,FLD-015,West Field,216.02,7.9,34.2,None,0.0,None,0.86,High
LOG-02949,2022-01-16,EQ-050,Harvstr,2021-01-18,FARM-09,OP-026,Grace Rodriguez,1.0,FLD-005,North Field,357.3,2.1,9.7,None,0.0,None,0.73,High
LOG-06534,2023-05-31,EQ-005,Tractor,2015-05-03,FARM-02,OP-048,William Smith,4.0,FLD-018,River Field,208.98,3.2,17.1,Repair,1169.49,Filter,0.52,Medium
LOG-02597,2024-08-11,EQ-019,Sprayer,2015-11-23,FARM-04,OP-010,Robert Anderson,8.0,FLD-009,South Field,,1.3,8.6,None,,None,0.16,Low
LOG-00294,2022-01-06,EQ-063,Tractor,2017-10-12,,OP-021,Chloe Jones,2.0,FLD-019,North Field,158.9,10.6,76.7,Routine,1459.62,None,0.63,Medium
LOG-03204,2024-07-22,EQ-062,Planter,2020-10-20,FARM-08,OP-031,Alice Anderson,12.0,FLD-016,Valley Field,341.89,11.1,86.0,Repair,1324.29,None,0.3,Medium
LOG-06212,2024-02-14,EQ-024,Tractor,2021-10-31,FARM-03,OP-009,,12.0,FLD-007,Golden Field,346.56,4.0,18.1,None,0.0,None,0.79,High
LOG-00446,2022-08-07,EQ-055,Tractor,2015-12-17,FARM-08,OP-001,William Anderson,9.0,FLD-017,East Field,311.6,1.3,4.8,None,0.0,None,0.21,Low
LOG-04382,27-04-2023,EQ-079,Planter,2016-07-28,FARM-07,OP-039,Michael Williams,4.0,FLD-012,River Field,258.49,1.8,6.1,None,0.0,None,0.58,Medium
LOG-01920,2022-12-11,EQ-032,Planter,,FARM-08,OP-006,,20.0,FLD-011,South Field,362.68,3.0,22.8,None,0.0,None,0.11,Low
LOG-02143,2024-10-10,EQ-021,Planter,,FARM-06,OP-031,Alice Anderson,12.0,FLD-008,West Field,188.47,4.1,15.7,None,0.0,None,0.44,Medium
LOG-06170,"October 08, 2024",EQ-019,Sprayer,2015-11-23,FARM-04,OP-014,John Hernandez,18.0,FLD-015,West Field,216.02,4.7,20.4,None,0.0,None,0.8,High
LOG-01840,2023-07-12,EQ-002,Harvester,2017-07-03,FARM-03,OP-021,Chloe Jones,2.0,FLD-006,North Field,264.76,6.6,20.5,None,0.0,None,0.07,Low
LOG-05153,2023-03-01,EQ-050,Harvester,2021-01-18,FARM-09,OP-004,David Hernandez,10.0,FLD-019,North Field,158.9,1.8,8.9,None,0.0,None,0.76,High
LOG-06771,2024-12-17,EQ-084,Harvester,2019-07-23,FARM-08,OP-009,David Anderson,12.0,FLD-008,West Field,188.47,7.9,61.6,None,0.0,None,0.83,High
LOG-02836,2022-09-01,EQ-066,Tractor,2015-10-18,FARM-01,OP-035,Sarah Wilson,6.0,FLD-005,North Field,357.3,4.9,32.3,None,0.0,None,0.5,Medium
LOG-04696,2024-05-08,EQ-096,Tractor,2022-07-28,FARM-04,OP-036,Jessica Anderson,14.0,FLD-010,Hill Field,315.35,6.0,35.8,None,0.0,None,0.09,Low
LOG-04648,2024-08-29,,Harvester,2018-02-14,FARM-08,OP-018,,10.0,FLD-017,East Field,311.6,9.6,46.1,None,0.0,None,,Low
LOG-03059,2023-11-26,EQ-090,Sprayer,2017-06-10,FARM-01,OP-027,Emily Johnson,5.0,FLD-005,North Field,357.3,9.2,34.7,,0.0,None,0.9,High
LOG-04998,2024-12-25,EQ-017,Sprayr,2021-06-22,FARM-04,OP-025,Michael Williams,15.0,FLD-011,South Field,362.68,10.4,48.0,None,0.0,None,0.08,Low
LOG-04891,2022-07-26,EQ-087,Tractor,2019-05-19,FARM-05,OP-047,,18.0,FLD-014,River Field,281.66,5.3,29.3,Inspection,644.76,None,0.31,Medium
LOG-00368,01-07-2024,EQ-049,Harvester,2016-09-18,FARM-06,OP-024,William Gonzalez,5.0,,North Field,264.76,1.5,7.8,None,0.0,None,0.83,High
LOG-05670,2022-02-28,EQ-074,Sprayer,2019-10-01,FARM-07,,Grace Rodriguez,1.0,FLD-001,Sunny Field,222.94,9.2,70.3,None,0.0,None,0.41,Medium
LOG-05301,2024-11-12,EQ-084,Harvester,2019-07-23,FARM-08,OP-041,Chloe Brown,,FLD-010,Hill Field,315.35,3.7,19.7,None,0.0,None,0.56,Medium
LOG-02511,"July 27, 2024",EQ-060,Harvester,2022-12-30,FARM-05,OP-016,David Jones,4.0,FLD-010,Hill Field,315.35,6.7,41.2,None,0.0,None,0.73,High
LOG-06277,2022-10-22,EQ-090,Sprayer,2017-06-10,FARM-01,OP-017,Emily Lopez,18.0,FLD-020,West Field,220.65,1.6,5.4,None,0.0,None,0.62,Medium
LOG-03353,2024/03/08,EQ-030,Tractor,2017-05-14,FARM-10,OP-007,Emily Johnson,18.0,FLD-011,South Field,362.68,3.4,11.1,None,0.0,None,,High
LOG-06116,2024-12-10,EQ-040,Planter,2021-09-08,FARM-02,OP-010,Robert Anderson,8.0,FLD-009,,474.95,6.3,39.2,Inspection,825.37,None,0.66,Medium
LOG-03350,2024-10-07,EQ-009,Sprayer,2015-01-27,FARM-03,OP-041,Chloe Brown,7.0,FLD-009,South Field,474.95,10.5,78.6,,0.0,None,,Low
LOG-02229,2024-09-29,EQ-086,Tractor,2016-11-05,FARM-07,OP-019,James Lopez,11.0,FLD-006,North Field,264.76,2.9,11.5,None,0.0,None,0.54,Medium
LOG-02822,2024-12-18,EQ-021,Planter,2022-02-16,FARM-06,OP-026,Grace Rodriguez,1.0,FLD-005,North Field,357.3,2.8,21.6,None,0.0,None,0.65,Medium
LOG-03241,"July 30, 2024",EQ-100,Planter,2022-05-16,FARM-10,OP-041,Chloe Brown,7.0,FLD-006,North Field,264.76,,43.2,Inspection,666.42,None,0.44,Medium
LOG-04664,2023-02-23,EQ-023,Harvester,2022-07-08,FARM-05,OP-017,Emily Lopez,18.0,FLD-015,West Field,216.02,4.6,28.8,None,0.0,None,0.53,Medium
LOG-05622,30-06-2024,EQ-049,Harvester,2016-09-18,FARM-06,OP-011,Sophia Jones,6.0,FLD-001,Sunny Field,222.94,3.3,17.5,None,0.0,None,0.79,High
LOG-04968,2022-05-30,EQ-037,Sprayer,2017-06-17,FARM-03,OP-045,Michael Wilson,3.0,FLD-008,West Field,188.47,1.3,5.3,None,0.0,None,0.73,High
LOG-06234,2024/05/30,EQ-007,Tractor,2021-04-17,FARM-04,OP-018,David Jones,10.0,FLD-003,Golden Field,66.67,2.9,11.5,None,0.0,None,0.97,High
LOG-05029,2024-09-10,EQ-070,Harvester,2021-01-17,FARM-03,OP-004,David Hernandez,10.0,FLD-018,River Field,208.98,4.5,30.2,None,0.0,None,,High
LOG-04589,2022-10-20,EQ-020,Tractor,2019-04-06,FARM-05,OP-012,Daniel Wilson,18.0,FLD-019,North Field,158.9,2.3,14.0,None,0.0,None,0.64,Medium
LOG-01187,2023-08-01,EQ-043,Tractor,2022-08-18,FARM-02,OP-002,James Hernandez,11.0,FLD-008,West Field,,2.8,9.9,,0.0,None,0.02,Low
LOG-02928,2023-08-13,EQ-065,Harvester,2021-08-07,FARM-04,OP-020,James Hernandez,9.0,FLD-005,North Field,357.3,1.9,13.5,None,0.0,None,0.79,High
LOG-02253,2022-04-05,EQ-010,Planter,2018-10-25,FARM-05,OP-022,Robert Hernandez,14.0,FLD-001,Sunny Field,222.94,5.8,45.6,None,0.0,None,0.42,Medium
LOG-06018,2024-08-24,EQ-035,Sprayer,2023-05-18,FARM-10,OP-012,Daniel Wilson,18.0,FLD-009,South Field,474.95,4.1,32.7,None,0.0,None,0.1,Low
LOG-02689,2022-11-17,,Harvester,2019-07-23,,OP-034,Grace Martinez,5.0,FLD-009,South Field,474.95,4.1,16.6,None,0.0,None,0.12,Low
LOG-05314,2023-03-13,EQ-057,Harvester,2016-06-09,FARM-08,OP-014,John Hernandez,18.0,,West Field,216.02,3.6,21.5,None,0.0,None,,Medium
LOG-03109,03-02-2024,EQ-078,Harvester,2017-02-23,FARM-04,OP-008,James Rodriguez,9.0,FLD-008,West Field,188.47,10.8,37.9,Repair,407.1,Hydraulics,0.04,Low
LOG-00152,2024-11-16,EQ-082,,2015-07-27,FARM-09,OP-026,Grace Rodriguez,1.0,FLD-012,River Field,258.49,9.8,,None,0.0,None,0.15,Low
LOG-04195,2023-03-07,EQ-061,Planter,2022-07-14,FARM-06,OP-034,Grace Martinez,5.0,FLD-019,North Field,158.9,10.4,32.4,None,0.0,None,0.35,Medium
LOG-01034,2024-02-21,EQ-086,Tractor,2016-11-05,FARM-07,OP-016,David Jones,4.0,FLD-008,West Field,188.47,6.7,26.2,None,0.0,None,0.07,Low
LOG-01384,2023/12/26,EQ-036,Planter,2021-07-18,FARM-07,OP-047,Charles Hernandez,18.0,FLD-004,Sunny Field,,9.8,65.9,None,0.0,None,0.08,Low
LOG-00916,2022-07-20,EQ-100,Planter,2022-05-16,FARM-10,,William Gonzalez,5.0,FLD-015,,216.02,2.6,13.3,None,0.0,None,0.1,Low
LOG-01306,2022-09-07,EQ-057,Harvester,2016-06-09,,OP-026,Grace Rodriguez,1.0,FLD-002,Hill Field,223.83,4.3,23.3,Inspection,390.65,None,0.84,High
LOG-05837,2024-03-25,EQ-071,Planter,2017-09-22,FARM-08,OP-050,Michael Smith,4.0,FLD-017,East Field,311.6,4.8,27.4,Routine,1333.64,,0.65,Medium
LOG-02466,2023-12-17,EQ-049,Harvester,2016-09-18,FARM-06,OP-050,Michael Smith,4.0,FLD-017,East Field,311.6,1.8,12.3,None,0.0,None,0.78,High
LOG-04951,2023-04-04,EQ-020,Tractr,2019-04-06,FARM-05,OP-001,William Anderson,9.0,FLD-008,West Field,188.47,1.9,13.7,,0.0,None,0.37,Medium
LOG-00510,2023-08-10,EQ-052,Planter,2015-03-21,,OP-040,Charles Wilson,2.0,FLD-017,East Field,311.6,8.8,52.7,None,0.0,None,0.81,High
LOG-04484,2024-09-05,EQ-023,Harvester,2022-07-08,FARM-05,OP-002,James Hernandez,11.0,FLD-018,River Field,208.98,1.9,7.2,None,0.0,None,0.52,Medium
LOG-05010,2023-06-08,EQ-051,Tractor,2021-09-19,FARM-06,OP-045,Michael Wilson,3.0,,Hill Field,315.35,3.5,25.7,,511.63,None,0.63,Medium
LOG-04097,2022-09-27,EQ-065,Harvester,2021-08-07,FARM-04,OP-003,Sarah Jones,13.0,FLD-014,River Field,281.66,8.6,45.4,None,0.0,None,0.43,Medium
LOG-02759,"December 22, 2024",EQ-065,Harvester,2021-08-07,FARM-04,OP-023,Michael Smith,1.0,FLD-017,East Field,311.6,3.1,20.8,Inspection,1173.51,None,0.7,High
LOG-02693,2023-08-19,EQ-092,Tractor,2015-07-25,FARM-10,OP-036,Jessica Anderson,14.0,FLD-013,Valley Field,169.83,5.4,37.6,None,0.0,None,0.86,High
LOG-04602,2024-11-17,EQ-070,Harvester,2021-01-17,FARM-03,OP-004,David Hernandez,10.0,FLD-013,Valley Field,169.83,5.4,29.8,None,0.0,None,0.75,High
LOG-00749,2023-03-06,EQ-095,Tractor,2017-01-31,FARM-02,OP-049,Michael Williams,19.0,FLD-019,North Field,158.9,9.3,63.3,None,0.0,None,0.89,High
LOG-02230,2024-08-30,EQ-088,Planter,2018-03-14,FARM-07,OP-011,Sophia Jones,6.0,FLD-003,Golden Field,66.67,4.9,15.0,None,0.0,None,0.8,High
LOG-05734,2022/11/22,EQ-081,Harvester,2015-11-05,FARM-08,OP-014,John Hernandez,18.0,FLD-006,North Field,264.76,10.7,39.7,None,0.0,None,0.68,Medium
LOG-05224,2024-09-12,EQ-069,Harvester,2018-02-14,FARM-08,OP-018,David Jones,10.0,FLD-016,Valley Field,341.89,7.5,43.3,Inspection,543.89,None,0.49,Medium
LOG-01311,2024-06-29,EQ-084,Harvester,2019-07-23,FARM-08,OP-043,Sarah Brown,1.0,FLD-020,West Field,220.65,1.5,11.3,None,0.0,None,,Medium
LOG-01612,20-10-2024,EQ-097,Planter,2016-05-06,FARM-10,OP-023,Michael Smith,1.0,FLD-006,North Field,264.76,10.4,,None,0.0,None,0.74,High
LOG-05926,2023-09-14,EQ-095,Tractor,2017-01-31,FARM-02,OP-027,Emily Johnson,5.0,FLD-006,North Field,264.76,11.8,43.8,None,0.0,None,0.45,Medium
LOG-00912,2024-10-31,EQ-100,Planter,2022-05-16,FARM-10,OP-020,James Hernandez,9.0,,River Field,281.66,2.2,7.3,None,0.0,None,0.62,Medium
LOG-02677,"January 08, 2022",EQ-087,Tractor,2019-05-19,,OP-029,David Miller,5.0,FLD-017,East Field,311.6,6.2,42.8,None,0.0,None,0.07,Low
LOG-02472,2023-10-09,EQ-020,Tractor,2019-04-06,FARM-05,OP-038,Grace Gonzalez,8.0,FLD-011,South Field,362.68,9.3,60.5,None,0.0,None,0.44,Medium
LOG-04031,2024-11-19,EQ-081,,2015-11-05,FARM-08,OP-041,Chloe Brown,7.0,FLD-018,River Field,208.98,3.3,14.5,None,0.0,None,0.76,High
LOG-05073,2024-01-31,EQ-052,Planter,2015-03-21,FARM-02,OP-031,Alice Anderson,12.0,FLD-016,,341.89,12.0,57.0,None,0.0,None,0.78,High
LOG-05063,2022-03-12,EQ-076,Tractor,2015-09-06,FARM-07,OP-036,Jessica Anderson,14.0,FLD-015,West Field,216.02,11.8,75.0,None,0.0,None,0.49,Medium
LOG-05961,2024-08-22,EQ-095,Tractor,2017-01-31,FARM-02,OP-028,Alice Wilson,12.0,FLD-016,Valley Field,341.89,6.5,36.3,None,0.0,None,0.46,Medium
LOG-03700,2024-10-25,EQ-040,Planter,2021-09-08,FARM-02,OP-029,David Miller,5.0,FLD-002,Hill Field,223.83,5.0,15.0,None,,None,0.79,High
LOG-00472,2023-06-02,,Tractor,2021-10-31,,OP-015,Laura Anderson,4.0,FLD-020,West Field,220.65,3.1,12.1,None,0.0,None,0.85,High
LOG-00968,,EQ-046,Harvester,2020-02-02,FARM-01,OP-020,James Hernandez,9.0,FLD-019,North Field,158.9,2.6,11.8,None,0.0,None,0.37,
LOG-04081,2022-06-02,,Sprayer,2019-07-02,FARM-05,OP-014,John Hernandez,18.0,FLD-005,North Field,357.3,9.4,41.3,None,0.0,None,0.95,High
LOG-02115,2023-08-17,EQ-029,Sprayer,2019-07-02,FARM-05,OP-011,Sophia Jones,6.0,FLD-013,Valley Field,169.83,3.7,11.5,None,0.0,None,0.86,High
LOG-06147,2024-07-31,EQ-077,Sprayr,2023-12-24,FARM-02,OP-030,Alice Jones,12.0,FLD-001,Sunny Field,222.94,7.6,50.1,None,0.0,None,0.44,Medium
LOG-02169,22-08-2022,EQ-076,Tractor,2015-09-06,FARM-07,OP-039,Michael Williams,4.0,FLD-010,Hill Field,315.35,12.0,,Routine,1081.66,None,0.9,High
LOG-06607,2023-05-14,EQ-079,Planter,2016-07-28,FARM-07,OP-031,Alice Anderson,12.0,FLD-014,River Field,281.66,10.4,,None,0.0,None,0.12,Low
LOG-06353,,EQ-057,Harvester,2016-06-09,FARM-08,OP-010,Robert Anderson,8.0,,River Field,258.49,6.1,22.8,None,0.0,None,0.06,Low
LOG-00897,2024-11-21,EQ-072,Planter,2017-02-18,FARM-02,OP-018,David Jones,10.0,FLD-005,North Field,357.3,7.6,26.8,Routine,1422.09,None,0.79,High
LOG-06299,2024-01-04,EQ-064,Tractor,2018-10-16,FARM-01,OP-028,Alice Wilson,12.0,FLD-014,River Field,281.66,10.9,50.3,None,0.0,None,0.72,High
LOG-06470,2023/02/12,EQ-049,Harvester,2016-09-18,FARM-06,OP-008,James Rodriguez,9.0,FLD-010,Hill Field,315.35,6.6,26.5,None,0.0,None,0.51,Medium
LOG-03036,2024-09-10,EQ-008,Plntr,2017-06-21,FARM-08,OP-007,,18.0,FLD-018,River Field,208.98,11.6,39.8,None,0.0,None,0.09,Low
LOG-01774,08-04-2023,EQ-053,Sprayer,2018-06-13,FARM-04,OP-045,Michael Wilson,3.0,FLD-004,Sunny Field,,8.0,42.1,None,0.0,None,0.89,High
LOG-03269,2023-02-06,EQ-026,Planter,2018-01-10,FARM-09,,David Jones,10.0,FLD-006,North Field,264.76,7.2,46.7,None,0.0,None,0.91,High
LOG-00252,03-07-2023,EQ-092,Tractor,2015-07-25,FARM-10,OP-005,Daniel Garcia,3.0,FLD-003,Golden Field,66.67,2.7,17.7,None,0.0,None,,High
LOG-01210,2023-01-12,EQ-068,Sprayer,2015-10-18,FARM-09,OP-014,John Hernandez,18.0,FLD-009,South Field,474.95,10.1,35.0,None,0.0,None,0.35,
LOG-05471,2024-10-06,EQ-074,Sprayer,2019-10-01,FARM-07,OP-046,Michael Garcia,17.0,FLD-005,North Field,357.3,5.9,37.3,None,0.0,,0.45,Medium
LOG-03835,2022-10-25,EQ-008,Planter,2017-06-21,FARM-08,OP-036,Jessica Anderson,14.0,FLD-005,North Field,357.3,6.6,41.3,None,0.0,None,0.28,Low
LOG-03198,2024-09-20,EQ-055,Tractor,2015-12-17,,OP-028,Alice Wilson,12.0,FLD-018,River Field,208.98,7.7,31.1,None,0.0,None,0.77,High
LOG-06112,25-06-2022,EQ-058,Harvester,2017-12-21,FARM-09,OP-032,James Hernandez,8.0,FLD-006,North Field,264.76,1.3,7.2,Inspection,465.69,None,0.92,High
LOG-03888,2023-08-27,EQ-036,,2021-07-18,FARM-07,OP-034,Grace Martinez,5.0,FLD-010,Hill Field,315.35,6.3,26.5,None,0.0,None,0.67,Medium
LOG-01129,2022-11-15,EQ-014,Sprayer,2015-06-27,FARM-08,OP-002,James Hernandez,11.0,FLD-005,North Field,357.3,4.8,14.7,None,0.0,None,0.06,Low
LOG-02859,2023-04-07,EQ-091,Tractor,,FARM-06,OP-011,Sophia Jones,6.0,FLD-011,South Field,362.68,11.6,72.9,None,0.0,None,0.62,Medium
LOG-04450,2023-02-27,EQ-045,Tractor,2018-04-17,FARM-07,OP-033,Emily Garcia,18.0,FLD-002,Hill Field,223.83,11.4,76.2,None,0.0,None,0.87,High
LOG-01594,2024-09-11,EQ-053,Sprayer,2018-06-13,FARM-04,OP-009,David Anderson,12.0,FLD-005,North Field,357.3,10.0,68.2,None,0.0,None,0.94,High
LOG-03266,2023-03-24,EQ-032,Planter,2022-03-18,FARM-08,OP-011,Sophia Jones,,FLD-014,River Field,281.66,8.2,51.2,None,0.0,None,0.86,High
LOG-02448,2023-07-09,EQ-031,Sprayer,2017-05-20,FARM-08,OP-002,James Hernandez,11.0,FLD-007,Golden Field,346.56,8.9,69.0,Repair,234.23,Engine,0.46,Medium
LOG-00058,2022-03-31,EQ-050,Harvester,2021-01-18,FARM-09,OP-015,Laura Anderson,4.0,FLD-014,,281.66,4.5,24.1,None,0.0,None,0.38,Medium
LOG-01700,2023-12-11,EQ-091,Tractor,2023-05-22,FARM-06,OP-022,Robert Hernandez,14.0,FLD-005,North Field,357.3,8.9,51.3,None,0.0,None,0.27,Low
LOG-01323,2022/05/28,EQ-001,Tractr,2015-04-13,FARM-05,,,5.0,FLD-014,River Field,281.66,4.7,30.1,None,0.0,None,0.72,High
LOG-00177,2024-06-01,EQ-069,Harvstr,2018-02-14,FARM-08,OP-001,William Anderson,9.0,FLD-004,,103.14,2.5,10.8,None,0.0,None,0.41,Medium
LOG-05688,2023-09-19,EQ-017,Sprayer,2021-06-22,FARM-04,OP-002,James Hernandez,11.0,FLD-020,West Field,220.65,4.7,29.8,None,0.0,None,0.54,Medium
LOG-06069,2023/12/17,EQ-087,Tractor,2019-05-19,FARM-05,OP-024,William Gonzalez,5.0,FLD-020,West Field,,11.3,61.6,None,0.0,None,0.44,Medium
LOG-04336,2022-03-12,EQ-080,Harvester,2018-02-14,FARM-08,OP-018,David Jones,10.0,FLD-017,East Field,311.6,9.1,35.9,None,0.0,None,0.85,High
LOG-00962,2022-04-23,EQ-017,Sprayer,2021-06-22,FARM-04,OP-004,David Hernandez,10.0,FLD-015,West Field,216.02,4.3,26.4,Routine,1032.47,None,0.56,Medium
LOG-02407,2023-09-25,EQ-082,Tractor,2015-07-27,FARM-09,OP-014,John Hernandez,18.0,FLD-019,North Field,158.9,3.2,19.2,None,0.0,None,0.38,Medium
LOG-00293,05-04-2024,EQ-082,Tractor,2015-07-27,FARM-09,OP-050,Michael Smith,4.0,FLD-003,Golden Field,66.67,6.7,29.4,None,0.0,None,,Medium
LOG-01143,2022-11-11,EQ-098,Harvester,2021-06-29,FARM-10,OP-013,Laura Martinez,17.0,FLD-018,River Field,208.98,1.5,5.9,None,0.0,None,0.26,Low
LOG-02302,2022-08-31,EQ-002,Harvester,2017-07-03,FARM-03,OP-014,John Hernandez,18.0,FLD-019,North Field,158.9,1.0,4.7,None,0.0,None,0.87,High
LOG-04185,2023-07-17,EQ-059,Planter,2017-05-17,FARM-09,OP-014,John Hernandez,18.0,FLD-002,Hill Field,223.83,2.0,6.0,None,0.0,None,0.22,Low
LOG-00184,2024-08-29,EQ-093,Planter,2020-08-21,FARM-09,OP-045,Michael Wilson,3.0,FLD-001,Sunny Field,222.94,3.9,24.5,None,0.0,None,0.58,Medium
LOG-01171,2024-05-25,EQ-009,Sprayer,2015-01-27,FARM-03,OP-008,James Rodriguez,9.0,FLD-019,North Field,158.9,11.6,51.0,Routine,1492.42,None,0.19,Low
LOG-02516,25-01-2023,EQ-001,Tractor,2015-04-13,FARM-05,OP-036,Jessica Anderson,14.0,,River Field,208.98,10.6,74.4,None,0.0,None,0.31,Medium
LOG-05206,"January 16, 2024",EQ-029,Sprayer,2019-07-02,FARM-05,OP-042,Daniel Garcia,10.0,FLD-001,Sunny Field,222.94,4.9,35.5,None,0.0,None,0.49,Medium
LOG-05365,2022-01-28,EQ-087,Tractor,2019-05-19,FARM-05,OP-049,Michael Williams,19.0,FLD-012,River Field,258.49,8.9,32.1,None,0.0,None,0.62,Medium
LOG-02030,2022-07-21,EQ-072,Planter,2017-02-18,FARM-02,OP-031,Alice Anderson,12.0,FLD-014,River Field,281.66,8.4,54.0,Repair,325.92,None,0.32,Medium
LOG-06544,2024-12-11,EQ-055,Tractor,2015-12-17,FARM-08,OP-035,Sarah Wilson,6.0,FLD-020,West Field,220.65,4.3,13.3,None,0.0,None,0.93,High
LOG-03356,,EQ-094,Harvester,2015-08-21,FARM-09,OP-003,Sarah Jones,13.0,FLD-018,River Field,208.98,8.7,46.1,None,0.0,None,0.88,High
LOG-01087,2024-08-07,EQ-089,Planter,2016-09-26,FARM-04,OP-043,Sarah Brown,1.0,FLD-003,Golden Field,66.67,10.5,65.6,None,0.0,None,0.65,Medium
LOG-02882,2023-01-17,EQ-021,Planter,2022-02-16,FARM-06,OP-026,Grace Rodriguez,1.0,FLD-008,West Field,188.47,8.2,29.2,None,0.0,None,0.04,Low
LOG-04072,2024-05-01,EQ-048,Tractor,2022-01-05,FARM-05,,David Anderson,12.0,FLD-018,River Field,,8.9,56.1,Routine,1231.64,,0.52,Medium
LOG-01173,2024-02-24,EQ-043,Tractor,2022-08-18,FARM-02,OP-009,David Anderson,,FLD-008,West Field,,5.6,30.7,None,0.0,None,0.53,Medium
LOG-03542,2024-11-16,EQ-028,Tractor,2017-07-27,FARM-01,OP-029,David Miller,5.0,FLD-014,River Field,281.66,4.3,15.0,None,0.0,None,0.28,Low
LOG-04263,2023-06-30,EQ-099,Tractor,2021-12-11,FARM-02,OP-042,Daniel Garcia,10.0,FLD-005,North Field,357.3,5.2,28.4,Inspection,126.06,None,0.47,Medium
LOG-04039,,EQ-087,Tractor,2019-05-19,FARM-05,OP-044,,11.0,FLD-017,East Field,311.6,8.5,28.9,None,0.0,None,0.24,Low
LOG-05000,2024-11-10,EQ-081,Harvester,2015-11-05,,OP-044,James Miller,11.0,FLD-006,North Field,264.76,1.3,9.0,Routine,1007.52,None,0.57,Medium
LOG-03551,2022-08-12,EQ-055,,2015-12-17,FARM-08,OP-030,Alice Jones,12.0,FLD-010,Hill Field,315.35,7.5,25.6,Routine,1090.99,None,0.68,Medium
LOG-04429,2024-08-20,EQ-073,Tractor,2022-05-23,FARM-07,OP-036,Jessica Anderson,14.0,FLD-014,River Field,281.66,1.9,13.3,None,0.0,None,0.5,Medium
LOG-04701,29-04-2024,EQ-017,Sprayer,2021-06-22,FARM-04,OP-019,James Lopez,11.0,FLD-005,North Field,357.3,7.2,33.1,None,0.0,None,0.23,Low
LOG-06596,17-04-2024,EQ-078,Harvester,2017-02-23,FARM-04,OP-008,James Rodriguez,9.0,FLD-020,West Field,220.65,9.3,31.7,Repair,486.66,Tire,0.24,Low
LOG-04908,2023/12/28,EQ-096,Tractor,2022-07-28,FARM-04,OP-045,Michael Wilson,3.0,FLD-005,North Field,,8.1,48.2,None,0.0,None,0.69,Medium
LOG-04379,26-01-2023,EQ-022,Harvester,2019-02-25,FARM-06,OP-033,Emily Garcia,18.0,FLD-019,North Field,158.9,11.0,68.6,None,0.0,None,0.62,Medium
LOG-03079,2022-05-26,EQ-034,Harvester,2023-05-10,FARM-09,OP-006,John Davis,20.0,FLD-002,Hill Field,223.83,10.5,57.4,None,0.0,None,0.08,Low
LOG-00614,2023/01/20,EQ-095,Tractor,2017-01-31,FARM-02,OP-018,David Jones,10.0,FLD-005,North Field,357.3,2.2,8.6,None,0.0,None,0.61,Medium
LOG-02463,2022-01-04,EQ-049,Harvester,2016-09-18,FARM-06,OP-013,Laura Martinez,17.0,FLD-007,Golden Field,346.56,8.6,60.9,None,0.0,None,0.29,Low
LOG-02893,"October 21, 2022",EQ-095,Tractor,2017-01-31,FARM-02,OP-016,David Jones,4.0,FLD-001,Sunny Field,222.94,5.0,15.6,None,0.0,None,0.16,Low
LOG-02586,2024-07-18,EQ-031,Sprayer,2017-05-20,FARM-08,OP-050,Michael Smith,4.0,FLD-011,South Field,362.68,2.5,,,0.0,None,0.88,High
LOG-03687,04-11-2024,EQ-067,Harvester,2015-10-04,FARM-01,,Chloe Brown,7.0,FLD-006,North Field,264.76,10.7,32.7,Routine,633.69,None,0.05,Low
LOG-01431,"October 12, 2023",EQ-046,Harvester,2020-02-02,FARM-01,OP-020,James Hernandez,9.0,FLD-017,East Field,311.6,6.8,50.4,,0.0,None,0.95,High
LOG-06454,2023-08-25,EQ-042,Planter,,FARM-05,OP-049,Michael Williams,19.0,FLD-019,North Field,158.9,5.0,37.9,None,0.0,None,,Medium
LOG-01877,2022/03/07,EQ-029,Sprayer,2019-07-02,FARM-05,OP-045,Michael Wilson,3.0,FLD-010,Hill Field,315.35,5.3,24.9,Inspection,735.36,None,0.45,Medium
LOG-01749,2023-11-17,EQ-097,Planter,2016-05-06,FARM-10,OP-039,Michael Williams,4.0,FLD-009,South Field,474.95,3.2,24.0,None,0.0,None,0.65,Medium
LOG-06307,2022-01-26,EQ-099,Tractor,2021-12-11,FARM-02,OP-050,Michael Smith,4.0,FLD-008,West Field,188.47,2.9,20.5,None,0.0,None,0.27,Low
LOG-00506,2022-10-10,EQ-045,Tractor,2018-04-17,FARM-07,OP-050,Michael Smith,4.0,FLD-013,Valley Field,169.83,10.4,65.5,None,0.0,None,0.45,Medium
LOG-00416,2022-07-02,EQ-031,Sprayer,2017-05-20,FARM-08,OP-001,William Anderson,9.0,FLD-001,Sunny Field,222.94,11.0,78.9,None,0.0,None,0.16,Low
LOG-04989,2022-09-10,EQ-018,Tractor,2015-07-07,FARM-04,OP-002,James Hernandez,11.0,FLD-002,,223.83,1.3,4.1,None,0.0,None,0.18,Low
LOG-00273,2022/12/03,EQ-044,Sprayer,2023-08-15,FARM-06,OP-042,Daniel Garcia,10.0,FLD-004,,103.14,11.2,75.1,None,0.0,None,0.55,Medium
LOG-05695,2024-09-10,EQ-035,Sprayer,2023-05-18,FARM-10,OP-022,Robert Hernandez,14.0,FLD-005,North Field,357.3,7.2,23.9,None,0.0,None,0.26,Low
LOG-01707,2022/05/06,,Harvester,2015-08-21,FARM-09,OP-044,James Miller,11.0,FLD-019,North Field,158.9,5.9,32.7,Routine,1462.58,None,0.27,Low
LOG-02933,2023-03-04,,Planter,2019-04-13,FARM-10,OP-039,Michael Williams,4.0,FLD-016,Valley Field,341.89,,16.0,None,0.0,None,0.7,High
LOG-05328,2023-07-09,,Planter,2020-12-07,FARM-05,OP-003,Sarah Jones,13.0,FLD-009,South Field,474.95,9.1,31.5,None,0.0,None,0.97,High
LOG-02796,2023-04-29,EQ-050,Harvester,2021-01-18,FARM-09,OP-002,James Hernandez,11.0,FLD-010,Hill Field,315.35,5.0,33.8,None,0.0,None,0.34,Medium
LOG-06605,2023-10-26,EQ-049,Harvester,2016-09-18,FARM-06,OP-047,Charles Hernandez,18.0,FLD-003,Golden Field,66.67,11.3,47.3,Routine,264.25,None,0.02,Low
LOG-05851,2023-12-12,EQ-047,Sprayer,2020-08-12,FARM-03,,Charles Hernandez,18.0,FLD-012,River Field,258.49,2.5,13.9,None,0.0,None,0.93,High
LOG-02414,,EQ-043,Tractor,2022-08-18,FARM-02,OP-003,Sarah Jones,13.0,FLD-001,Sunny Field,222.94,3.7,16.9,None,0.0,None,0.21,Low
LOG-00107,2022-09-03,EQ-033,Harvester,2017-12-20,FARM-03,OP-019,James Lopez,11.0,FLD-011,South Field,362.68,1.1,7.4,Inspection,601.3,None,0.7,High
LOG-01345,2024-02-26,EQ-011,Harvester,2017-05-31,FARM-06,OP-004,David Hernandez,10.0,FLD-009,South Field,474.95,6.4,46.8,None,0.0,None,0.05,Low
LOG-06770,2022-06-10,EQ-062,Planter,2020-10-20,FARM-08,OP-048,William Smith,4.0,FLD-003,Golden Field,66.67,3.0,11.1,None,0.0,None,0.82,High
LOG-04196,2024-04-19,EQ-097,Planter,2016-05-06,FARM-10,OP-050,Michael Smith,4.0,FLD-006,North Field,264.76,1.3,8.8,Routine,635.06,None,0.53,Medium
LOG-05245,"November 29, 2024",EQ-056,Tractor,2023-07-13,FARM-09,OP-023,Michael Smith,1.0,FLD-010,Hill Field,315.35,3.8,29.9,Routine,1339.72,None,0.05,Low
LOG-05557,2022-06-12,EQ-070,Harvester,2021-01-17,FARM-03,OP-036,Jessica Anderson,14.0,FLD-003,,66.67,6.9,41.8,Inspection,651.03,None,0.03,Low
LOG-03207,2024-09-28,EQ-038,Planter,2016-01-08,FARM-01,OP-044,James Miller,11.0,FLD-010,,315.35,3.4,21.7,Routine,1121.35,None,0.48,Medium
LOG-00953,2023-01-28,EQ-030,Tractor,2017-05-14,FARM-10,OP-034,Grace Martinez,5.0,FLD-009,South Field,474.95,10.3,32.1,None,0.0,None,0.67,Medium
LOG-04605,2023-07-14,EQ-012,Tractor,2016-01-15,FARM-07,OP-015,Laura Anderson,4.0,FLD-010,Hill Field,315.35,1.5,8.7,None,0.0,None,0.69,Medium
LOG-02587,03-09-2022,EQ-003,Tractor,2022-08-03,FARM-09,OP-042,Daniel Garcia,10.0,FLD-014,River Field,281.66,9.7,65.8,None,0.0,None,0.81,High
LOG-03091,2024-02-19,EQ-066,Tractor,2015-10-18,FARM-01,OP-024,William Gonzalez,5.0,FLD-016,Valley Field,341.89,4.2,21.6,None,0.0,None,0.24,Low
LOG-01505,2022-01-15,EQ-032,Planter,2022-03-18,FARM-08,OP-030,Alice Jones,12.0,FLD-003,Golden Field,66.67,9.2,59.0,None,0.0,None,0.52,Medium
LOG-03980,2022-07-22,EQ-035,Sprayer,2023-05-18,FARM-10,OP-044,James Miller,11.0,FLD-005,North Field,357.3,8.2,54.4,None,0.0,None,0.74,High
LOG-01760,14-07-2023,EQ-075,Planter,2023-03-06,FARM-01,OP-045,Michael Wilson,3.0,FLD-018,River Field,208.98,4.0,26.1,None,0.0,None,0.73,High
LOG-04797,2022-01-30,EQ-046,Harvester,2020-02-02,FARM-01,OP-039,Michael Williams,4.0,FLD-010,Hill Field,315.35,7.4,28.3,None,0.0,None,0.07,Low
LOG-02599,29-01-2022,EQ-019,Sprayer,2015-11-23,FARM-04,OP-012,Daniel Wilson,18.0,FLD-010,Hill Field,315.35,3.9,29.1,None,,None,0.22,Low
LOG-02116,2022-08-27,EQ-074,Sprayer,2019-10-01,FARM-07,OP-050,Michael Smith,4.0,FLD-016,Valley Field,,3.0,15.7,None,0.0,None,0.85,High
LOG-01122,2022-07-27,,Planter,,FARM-02,OP-023,Michael Smith,1.0,FLD-001,Sunny Field,222.94,5.7,22.7,None,0.0,None,0.89,High
LOG-03771,2023-07-11,EQ-001,Tractor,2015-04-13,FARM-05,OP-046,Michael Garcia,17.0,FLD-007,Golden Field,346.56,8.5,62.8,None,0.0,None,0.2,Low
LOG-05412,2024-06-01,EQ-024,Tractor,2021-10-31,FARM-03,OP-037,,11.0,FLD-014,River Field,281.66,11.8,39.0,None,0.0,None,0.38,Medium
LOG-04967,2024-01-18,EQ-035,Sprayer,2023-05-18,FARM-10,OP-030,Alice Jones,12.0,FLD-008,West Field,188.47,,36.4,None,0.0,None,0.83,High
LOG-01025,2024-01-26,EQ-036,Planter,2021-07-18,FARM-07,OP-042,Daniel Garcia,10.0,FLD-020,,220.65,1.5,11.1,None,0.0,None,0.76,High
LOG-06272,05-05-2022,EQ-085,Planter,2017-05-25,FARM-07,,James Hernandez,11.0,FLD-018,River Field,208.98,2.7,19.8,None,0.0,None,0.56,Medium
LOG-06042,2023-08-21,EQ-064,Tractor,2018-10-16,FARM-01,OP-013,Laura Martinez,17.0,,Golden Field,66.67,,7.4,None,,None,0.08,Low
LOG-05908,2023-10-20,EQ-076,Tractor,2015-09-06,FARM-07,OP-010,Robert Anderson,8.0,FLD-010,Hill Field,315.35,,62.8,None,0.0,None,0.7,High
LOG-04378,2023-10-16,EQ-091,,2023-05-22,FARM-06,OP-046,Michael Garcia,17.0,FLD-008,West Field,188.47,8.7,35.6,None,0.0,,0.8,High
LOG-02352,2024-08-01,EQ-018,Tractor,2015-07-07,FARM-04,OP-047,Charles Hernandez,18.0,FLD-010,Hill Field,315.35,11.7,46.0,None,0.0,None,,Low
LOG-00417,03-06-2022,EQ-012,Tractor,2016-01-15,FARM-07,OP-050,Michael Smith,4.0,FLD-017,East Field,311.6,9.0,31.6,None,0.0,None,0.24,Low
LOG-03167,2022-02-14,EQ-030,Tractor,2017-05-14,FARM-10,OP-048,William Smith,4.0,FLD-011,South Field,362.68,7.8,46.2,None,0.0,None,0.68,Medium
LOG-04119,2024-10-25,EQ-096,,2022-07-28,,OP-034,Grace Martinez,5.0,FLD-003,Golden Field,66.67,2.2,6.8,Routine,1037.55,None,0.39,Medium
LOG-05200,2022-09-10,,Harvester,2015-10-04,FARM-01,OP-023,Michael Smith,1.0,FLD-014,River Field,281.66,5.7,36.7,None,0.0,None,0.95,High
LOG-04334,2023-02-27,EQ-028,,2017-07-27,FARM-01,OP-020,James Hernandez,9.0,FLD-011,South Field,362.68,4.8,26.5,None,0.0,None,0.08,Low
LOG-00565,2023-12-13,EQ-063,Tractor,2017-10-12,FARM-04,OP-015,Laura Anderson,4.0,FLD-011,South Field,362.68,9.9,51.4,Inspection,1049.41,None,0.36,Medium
LOG-00479,2022-02-08,EQ-081,Harvester,2015-11-05,FARM-08,OP-005,Daniel Garcia,3.0,FLD-003,Golden Field,66.67,,63.4,None,0.0,None,0.58,Medium
LOG-02956,2024-08-20,EQ-100,Planter,2022-05-16,FARM-10,OP-015,Laura Anderson,4.0,FLD-011,South Field,362.68,,69.8,None,0.0,None,0.95,High
LOG-05101,2023-11-13,EQ-058,Harvstr,2017-12-21,FARM-09,OP-006,John Davis,20.0,FLD-014,River Field,281.66,1.4,6.1,None,0.0,None,0.37,Medium
LOG-01204,2023-01-05,EQ-060,Harvester,2022-12-30,FARM-05,OP-007,Emily Johnson,18.0,FLD-003,Golden Field,66.67,9.0,68.3,None,,None,,High
LOG-01225,2022-01-16,EQ-060,Harvester,2022-12-30,FARM-05,OP-027,Emily Johnson,5.0,,,169.83,11.3,78.1,None,0.0,None,0.27,Low
LOG-00143,2022-10-01,EQ-095,Tractor,2017-01-31,FARM-02,OP-049,Michael Williams,19.0,FLD-011,South Field,362.68,1.5,8.6,None,0.0,None,0.18,Low
LOG-06600,2022-11-26,EQ-066,Tractor,2015-10-18,FARM-01,OP-028,Alice Wilson,12.0,FLD-014,River Field,281.66,9.6,75.6,None,0.0,None,0.87,High
LOG-03928,2023-04-05,EQ-037,Sprayer,2017-06-17,FARM-03,OP-005,Daniel Garcia,3.0,FLD-018,River Field,208.98,7.9,60.9,None,0.0,None,0.14,Low
LOG-02125,2023-10-19,EQ-011,Harvester,2017-05-31,FARM-06,OP-037,,11.0,FLD-019,North Field,,2.2,7.3,None,0.0,None,0.17,Low
LOG-04197,2022-05-04,EQ-043,Tractor,2022-08-18,FARM-02,OP-028,Alice Wilson,12.0,FLD-016,Valley Field,341.89,6.3,39.0,None,0.0,None,0.54,Medium
LOG-02246,2022-02-03,EQ-030,Tractor,2017-05-14,FARM-10,OP-012,Daniel Wilson,18.0,FLD-001,Sunny Field,222.94,1.7,9.5,None,0.0,None,0.38,Medium
LOG-03012,2022-08-24,EQ-081,,2015-11-05,FARM-08,OP-032,James Hernandez,8.0,FLD-009,South Field,474.95,5.7,29.7,None,0.0,None,0.94,High
LOG-02958,03-04-2022,EQ-053,Sprayer,,FARM-04,OP-004,David Hernandez,10.0,FLD-006,North Field,264.76,9.8,45.7,Routine,936.62,None,0.53,Medium
LOG-00606,"December 22, 2023",EQ-021,Planter,2022-02-16,FARM-06,OP-002,James Hernandez,11.0,FLD-012,River Field,258.49,4.9,22.1,None,0.0,None,0.97,High
LOG-02005,24-09-2022,EQ-005,Tractor,2015-05-03,FARM-02,OP-045,Michael Wilson,3.0,FLD-010,Hill Field,315.35,6.7,33.7,None,0.0,None,0.82,High
LOG-01195,2022-03-23,EQ-047,Sprayer,2020-08-12,FARM-03,OP-040,Charles Wilson,2.0,FLD-014,River Field,281.66,10.8,74.2,None,0.0,None,0.21,Low
LOG-04770,2023/07/05,EQ-073,Tractor,2022-05-23,FARM-07,OP-042,Daniel Garcia,10.0,FLD-011,South Field,362.68,8.8,51.2,None,0.0,None,0.88,High
LOG-02150,2023-03-01,EQ-066,Tractor,2015-10-18,FARM-01,OP-008,James Rodriguez,9.0,FLD-002,Hill Field,223.83,1.3,9.8,None,0.0,None,0.55,Medium
LOG-02252,2023-07-26,EQ-024,Tractor,2021-10-31,FARM-03,OP-001,William Anderson,9.0,FLD-012,River Field,258.49,11.4,88.5,None,0.0,None,0.44,Medium
LOG-04610,,EQ-047,Sprayer,2020-08-12,FARM-03,OP-010,Robert Anderson,8.0,FLD-007,Golden Field,346.56,11.2,47.2,None,0.0,None,0.63,Medium
LOG-01757,2022-06-05,EQ-025,Harvester,2016-10-31,FARM-08,OP-028,Alice Wilson,12.0,FLD-012,River Field,258.49,4.1,25.7,None,0.0,None,0.04,Low
LOG-00498,2024-12-24,EQ-079,Planter,2016-07-28,FARM-07,OP-039,,4.0,FLD-002,Hill Field,223.83,6.5,23.3,None,0.0,None,0.14,Low
LOG-02318,2022-12-10,EQ-099,Tractor,2021-12-11,FARM-02,OP-028,Alice Wilson,12.0,FLD-010,Hill Field,315.35,-5.3,22.0,None,0.0,None,0.42,Medium
LOG-04464,"April 28, 2024",EQ-064,Tractor,2018-10-16,FARM-01,OP-038,Grace Gonzalez,8.0,FLD-009,South Field,474.95,9.0,42.1,None,0.0,None,,Medium
LOG-05530,2022-07-15,EQ-100,Planter,2022-05-16,FARM-10,OP-014,John Hernandez,18.0,FLD-010,Hill Field,315.35,10.1,74.5,None,0.0,None,0.44,Medium
LOG-05643,2023-01-12,EQ-100,Planter,2022-05-16,FARM-10,OP-036,Jessica Anderson,14.0,FLD-005,North Field,357.3,9.7,60.4,None,0.0,None,0.28,Low
LOG-03277,2022-08-16,EQ-024,Tractor,2021-10-31,FARM-03,OP-043,Sarah Brown,1.0,FLD-012,River Field,258.49,8.6,,None,0.0,None,0.53,Medium
LOG-06164,2022-03-09,EQ-035,Sprayer,2023-05-18,FARM-10,OP-012,Daniel Wilson,18.0,FLD-006,North Field,264.76,6.4,20.7,None,0.0,None,0.09,Low
LOG-00722,"November 19, 2023",EQ-006,Harvester,2017-08-10,FARM-09,OP-038,Grace Gonzalez,8.0,FLD-006,North Field,264.76,1.7,7.4,None,0.0,None,0.17,Low
LOG-04229,2023-11-13,EQ-100,Planter,2022-05-16,FARM-10,OP-014,John Hernandez,18.0,FLD-012,River Field,258.49,6.6,22.4,,1147.12,None,0.14,Low
LOG-01026,2022-12-18,EQ-064,Tractor,2018-10-16,FARM-01,OP-007,Emily Johnson,18.0,FLD-018,River Field,208.98,3.8,13.2,None,0.0,None,0.63,Medium
LOG-06497,2022-07-02,EQ-042,,2020-12-07,FARM-05,OP-011,Sophia Jones,6.0,FLD-005,,357.3,5.7,27.2,Routine,1058.12,None,0.07,Low
LOG-01296,2023-01-11,EQ-073,Tractor,2022-05-23,FARM-07,OP-041,Chloe Brown,7.0,FLD-015,West Field,,5.1,37.6,None,0.0,None,0.15,Low
LOG-03481,2023-08-20,EQ-036,Planter,2021-07-18,FARM-07,OP-006,John Davis,20.0,FLD-003,Golden Field,66.67,11.7,57.7,None,0.0,None,0.92,High
LOG-01497,2024-07-09,EQ-097,Planter,2016-05-06,FARM-10,OP-030,Alice Jones,12.0,FLD-010,Hill Field,315.35,2.7,19.9,None,0.0,None,0.01,Low
LOG-05671,2023-02-01,EQ-087,Tractor,2019-05-19,FARM-05,OP-005,,3.0,FLD-011,South Field,362.68,11.8,61.4,None,0.0,None,0.8,High
LOG-01521,2023-02-19,EQ-096,Tractor,2022-07-28,FARM-04,OP-034,Grace Martinez,5.0,FLD-008,West Field,188.47,5.0,15.8,None,0.0,None,0.94,High
LOG-02165,2024-12-19,EQ-077,Sprayer,2023-12-24,FARM-02,OP-032,James Hernandez,8.0,FLD-013,Valley Field,169.83,11.9,73.7,None,0.0,None,0.2,Low
LOG-04103,2023-10-18,EQ-092,Tractor,2015-07-25,FARM-10,OP-025,Michael Williams,15.0,FLD-017,East Field,311.6,7.4,22.7,None,0.0,None,0.95,High
LOG-06436,2022-03-15,EQ-050,Harvester,2021-01-18,FARM-09,,Chloe Jones,2.0,FLD-011,South Field,362.68,11.7,76.4,None,0.0,None,0.16,Low
LOG-06582,2023-05-16,EQ-050,Harvester,2021-01-18,FARM-09,OP-040,Charles Wilson,2.0,FLD-016,Valley Field,341.89,8.2,55.6,None,0.0,None,0.23,Low
LOG-02628,2022-09-06,EQ-100,Planter,2022-05-16,FARM-10,OP-037,John Williams,11.0,FLD-003,Golden Field,66.67,3.8,19.1,Routine,,None,0.85,High
LOG-06229,"August 19, 2023",EQ-029,Sprayer,2019-07-02,FARM-05,OP-027,Emily Johnson,5.0,FLD-015,West Field,216.02,10.3,35.1,Repair,1247.75,Engine,0.28,Low
LOG-05088,2023/06/18,EQ-099,Tractor,,FARM-02,OP-019,James Lopez,11.0,FLD-006,North Field,264.76,4.0,24.7,None,0.0,None,0.63,Medium
LOG-05942,2022-06-03,EQ-036,Planter,2021-07-18,FARM-07,,James Miller,11.0,FLD-007,Golden Field,346.56,1.3,6.2,None,0.0,None,0.22,Low
LOG-05637,2023-05-26,EQ-089,Planter,2016-09-26,FARM-04,OP-033,Emily Garcia,18.0,FLD-018,River Field,208.98,1.4,5.4,None,0.0,None,0.49,Medium
LOG-00109,2024-05-29,EQ-010,Planter,2018-10-25,FARM-05,OP-021,Chloe Jones,2.0,FLD-019,North Field,158.9,7.3,47.8,None,0.0,None,0.12,Low
LOG-01755,2022-08-08,EQ-086,Tractor,2016-11-05,FARM-07,OP-016,David Jones,4.0,FLD-003,Golden Field,66.67,10.7,77.7,None,0.0,None,0.85,High
LOG-06083,"February 05, 2022",EQ-070,Harvester,2021-01-17,,OP-048,William Smith,4.0,FLD-018,River Field,208.98,10.5,47.3,None,0.0,None,0.05,Low
LOG-01352,2022-01-26,EQ-085,Planter,2017-05-25,FARM-07,OP-017,Emily Lopez,,FLD-020,West Field,220.65,2.4,14.0,None,0.0,None,0.27,Low
LOG-06525,2022-12-29,EQ-063,Tractor,2017-10-12,FARM-04,OP-014,John Hernandez,18.0,FLD-020,West Field,220.65,2.2,8.0,None,0.0,None,0.33,Medium
LOG-04790,2022-09-08,EQ-100,Planter,2022-05-16,FARM-10,OP-019,,11.0,FLD-013,Valley Field,169.83,10.2,61.6,None,0.0,None,0.73,High
LOG-03791,2022-06-29,EQ-033,Harvester,2017-12-20,FARM-03,OP-021,Chloe Jones,2.0,FLD-004,Sunny Field,103.14,12.0,36.0,None,0.0,None,0.88,High
LOG-01974,2022-09-09,EQ-020,Tractor,2019-04-06,FARM-05,OP-026,Grace Rodriguez,1.0,FLD-013,,169.83,3.6,13.5,None,0.0,None,0.23,Low
LOG-00337,2022-09-25,EQ-008,Planter,2017-06-21,FARM-08,OP-050,Michael Smith,4.0,FLD-008,West Field,188.47,3.2,16.0,None,0.0,None,0.93,High
LOG-04910,2023/06/11,EQ-038,Planter,2016-01-08,FARM-01,OP-015,Laura Anderson,4.0,FLD-001,Sunny Field,222.94,1.7,13.0,None,0.0,None,0.95,High
LOG-04652,2023-04-22,EQ-087,Tractor,2019-05-19,FARM-05,OP-030,Alice Jones,12.0,FLD-008,West Field,188.47,4.5,30.6,None,0.0,None,0.35,Medium
LOG-02269,2023-10-16,EQ-048,Tractor,2022-01-05,FARM-05,OP-032,James Hernandez,8.0,FLD-002,Hill Field,223.83,5.8,32.1,Routine,888.07,None,0.13,Low
LOG-02544,,EQ-023,Harvstr,2022-07-08,FARM-05,OP-031,Alice Anderson,,FLD-018,River Field,208.98,3.2,14.2,None,0.0,None,0.19,Low
LOG-00725,2024-09-01,EQ-076,Tractor,2015-09-06,,OP-019,James Lopez,11.0,FLD-014,River Field,281.66,8.6,34.7,None,0.0,None,0.52,
LOG-00766,2023-02-04,EQ-042,Planter,2020-12-07,FARM-05,OP-004,David Hernandez,10.0,FLD-020,West Field,220.65,7.4,30.4,None,,None,0.28,Low
LOG-04604,"January 08, 2024",EQ-033,Harvester,2017-12-20,FARM-03,OP-002,James Hernandez,11.0,FLD-008,West Field,188.47,1.9,14.8,None,0.0,None,0.33,Medium
LOG-03735,2023-06-01,,Harvester,2016-10-31,FARM-08,OP-036,Jessica Anderson,14.0,FLD-009,South Field,474.95,11.6,78.1,None,0.0,None,0.09,Low
LOG-00308,2022-08-19,EQ-031,Sprayer,2017-05-20,FARM-08,OP-032,,8.0,FLD-013,Valley Field,169.83,3.7,22.9,,1338.65,None,0.02,Low
LOG-06104,2022-09-27,EQ-087,Tractor,2019-05-19,FARM-05,OP-027,Emily Johnson,5.0,FLD-003,Golden Field,66.67,2.4,17.0,None,0.0,None,0.71,High
LOG-05768,2023-06-21,EQ-060,Harvester,2022-12-30,FARM-05,OP-023,Michael Smith,,FLD-011,South Field,362.68,5.9,23.7,None,0.0,None,0.61,Medium
LOG-02866,11-03-2022,EQ-078,Harvester,2017-02-23,FARM-04,OP-005,Daniel Garcia,3.0,FLD-016,Valley Field,341.89,11.8,76.0,None,0.0,None,0.97,High
LOG-06708,2023-01-25,EQ-023,Harvester,2022-07-08,,OP-046,Michael Garcia,17.0,FLD-013,Valley Field,169.83,4.7,32.7,None,0.0,None,0.68,Medium
LOG-04385,2024-03-29,EQ-039,Tractor,2016-09-18,FARM-03,OP-037,John Williams,11.0,FLD-010,Hill Field,315.35,3.2,15.1,None,0.0,,0.42,Medium
LOG-06339,2022-08-18,EQ-092,Tractor,2015-07-25,FARM-10,OP-016,David Jones,4.0,FLD-011,South Field,362.68,7.6,42.4,None,0.0,None,0.56,Medium
LOG-01792,2024-05-07,EQ-082,Tractor,2015-07-27,FARM-09,OP-035,Sarah Wilson,6.0,FLD-004,Sunny Field,103.14,6.2,27.2,None,0.0,None,0.42,Medium
LOG-03208,19-08-2024,EQ-089,Planter,2016-09-26,FARM-04,OP-043,Sarah Brown,1.0,FLD-015,West Field,216.02,2.0,12.2,None,0.0,None,0.71,High
LOG-04957,2024-04-26,EQ-033,Harvester,2017-12-20,FARM-03,OP-007,Emily Johnson,18.0,FLD-006,North Field,264.76,2.1,8.6,None,0.0,None,0.37,Medium
LOG-04913,2022-07-30,EQ-091,Tractor,2023-05-22,FARM-06,OP-048,William Smith,4.0,,West Field,216.02,5.8,23.6,None,0.0,None,0.02,Low
LOG-02054,16-04-2024,EQ-023,Harvester,2022-07-08,FARM-05,,Sarah Wilson,6.0,FLD-011,South Field,362.68,1.3,5.4,None,0.0,None,0.95,High
LOG-06075,2022/05/17,EQ-049,Harvester,2016-09-18,FARM-06,OP-040,Charles Wilson,2.0,FLD-002,Hill Field,223.83,3.6,16.1,None,0.0,None,0.42,Medium
LOG-00072,2022-10-08,EQ-025,Harvester,2016-10-31,FARM-08,OP-040,Charles Wilson,2.0,FLD-009,South Field,474.95,7.9,59.4,None,0.0,None,0.31,Medium
LOG-02474,"February 12, 2024",EQ-024,Tractor,2021-10-31,FARM-03,OP-003,Sarah Jones,13.0,FLD-014,River Field,281.66,1.8,11.4,None,0.0,None,0.04,Low
LOG-06457,2024-01-25,EQ-047,Sprayer,2020-08-12,FARM-03,OP-050,Michael Smith,4.0,FLD-016,Valley Field,341.89,4.3,32.3,Repair,57.68,Blade,0.97,High
LOG-01261,"April 26, 2024",EQ-041,Planter,2019-04-13,FARM-10,OP-010,Robert Anderson,8.0,FLD-019,North Field,158.9,8.0,50.7,None,0.0,None,0.25,Low
LOG-01667,2023-01-12,EQ-065,Harvester,2021-08-07,FARM-04,OP-005,Daniel Garcia,3.0,FLD-008,West Field,188.47,7.9,37.0,None,0.0,None,0.03,Low
LOG-03103,2022-03-24,EQ-054,Tractor,2017-09-13,FARM-10,,Daniel Wilson,18.0,FLD-009,South Field,474.95,9.7,53.9,None,0.0,None,0.11,Low
LOG-04267,2024-07-31,EQ-085,Plntr,2017-05-25,FARM-07,OP-026,Grace Rodriguez,1.0,FLD-012,River Field,,,37.8,Routine,1335.7,None,,Medium
LOG-03693,2024-02-18,EQ-069,Harvester,2018-02-14,FARM-08,OP-003,Sarah Jones,13.0,FLD-005,North Field,357.3,8.5,52.3,None,0.0,None,0.91,High
LOG-04978,2023-09-02,EQ-063,Tractor,2017-10-12,FARM-04,,Sarah Wilson,6.0,FLD-017,East Field,311.6,2.9,20.1,None,0.0,None,0.79,High
LOG-06664,2022-08-02,,Planter,2017-05-25,FARM-07,OP-009,David Anderson,12.0,FLD-010,Hill Field,315.35,5.1,18.6,None,0.0,None,0.24,Low
LOG-01696,2023/06/23,EQ-084,Harvester,2019-07-23,FARM-08,OP-016,David Jones,4.0,FLD-010,Hill Field,315.35,5.9,30.5,Routine,1137.5,None,0.75,High
LOG-01096,2022-10-14,EQ-085,Planter,2017-05-25,FARM-07,OP-035,Sarah Wilson,6.0,FLD-015,West Field,216.02,7.3,47.3,None,0.0,,0.98,High
LOG-03839,2024-05-08,EQ-038,Planter,2016-01-08,FARM-01,OP-017,Emily Lopez,18.0,FLD-014,River Field,281.66,5.0,29.5,Repair,1327.51,Tire,0.41,Medium
LOG-03622,"November 17, 2022",EQ-029,Sprayer,2019-07-02,FARM-05,OP-034,Grace Martinez,5.0,FLD-002,Hill Field,223.83,7.7,45.1,None,0.0,None,0.23,Low
LOG-05946,2023/12/03,EQ-088,Planter,2018-03-14,FARM-07,OP-010,Robert Anderson,8.0,FLD-003,Golden Field,66.67,9.6,54.7,Repair,1448.69,Filter,0.13,Low
LOG-01631,2023-10-07,EQ-099,Tractor,2021-12-11,FARM-02,OP-035,Sarah Wilson,6.0,FLD-019,North Field,158.9,10.5,82.5,Routine,1143.98,None,0.59,Medium
LOG-04044,2024-01-04,EQ-055,Tractor,2015-12-17,FARM-08,OP-016,David Jones,4.0,FLD-005,North Field,357.3,9.0,31.0,None,0.0,None,0.24,Low
LOG-01882,2023-03-06,EQ-094,Harvester,2015-08-21,FARM-09,OP-038,,8.0,FLD-010,Hill Field,315.35,10.9,68.5,None,0.0,None,0.39,Medium
LOG-04680,2023-07-07,EQ-037,Sprayer,2017-06-17,FARM-03,OP-006,John Davis,20.0,FLD-009,South Field,474.95,2.5,12.4,None,0.0,None,0.23,Low
LOG-01613,2022-07-27,EQ-030,Tractor,2017-05-14,FARM-10,OP-021,Chloe Jones,2.0,FLD-010,Hill Field,315.35,11.1,38.3,None,,None,0.62,Medium
LOG-00979,2024-12-15,EQ-048,Tractor,2022-01-05,FARM-05,OP-043,Sarah Brown,1.0,FLD-006,North Field,264.76,11.7,93.5,None,0.0,None,0.87,High
LOG-03051,"November 14, 2024",EQ-001,Tractor,2015-04-13,FARM-05,OP-012,Daniel Wilson,18.0,FLD-009,South Field,474.95,5.7,22.6,Inspection,129.04,None,0.8,High
LOG-04961,2024-06-06,EQ-076,Tractor,2015-09-06,FARM-07,OP-012,Daniel Wilson,18.0,FLD-001,Sunny Field,222.94,7.7,37.5,None,0.0,None,0.18,Low
LOG-02549,2022-10-07,EQ-029,Sprayer,2019-07-02,FARM-05,OP-014,John Hernandez,18.0,FLD-013,Valley Field,169.83,7.5,44.1,None,0.0,None,0.63,Medium
LOG-00849,2024-02-22,EQ-037,Sprayer,2017-06-17,FARM-03,OP-048,William Smith,4.0,FLD-016,Valley Field,341.89,2.4,17.5,None,0.0,None,0.99,High
LOG-03484,2023-09-29,EQ-046,Harvester,2020-02-02,FARM-01,OP-050,Michael Smith,4.0,,River Field,281.66,10.8,65.4,None,0.0,None,0.6,Medium
LOG-05719,2022-05-11,EQ-047,Sprayer,2020-08-12,FARM-03,OP-019,James Lopez,11.0,FLD-014,River Field,281.66,2.4,15.1,Routine,1153.22,None,0.54,Medium
LOG-06535,2023-03-23,EQ-091,Tractor,2023-05-22,FARM-06,OP-004,David Hernandez,10.0,FLD-001,Sunny Field,222.94,8.4,63.6,Routine,1116.82,None,0.34,Medium
LOG-02132,"September 23, 2022",EQ-049,Harvester,2016-09-18,FARM-06,OP-026,Grace Rodriguez,1.0,FLD-004,Sunny Field,103.14,11.0,35.3,None,0.0,None,0.04,Low
LOG-00048,2023-11-07,EQ-086,,2016-11-05,FARM-07,OP-007,Emily Johnson,18.0,FLD-006,North Field,264.76,,30.1,None,0.0,None,0.4,Medium
LOG-03685,22-02-2024,EQ-037,Sprayer,,FARM-03,OP-003,Sarah Jones,13.0,FLD-012,River Field,258.49,,48.4,None,0.0,None,0.94,
LOG-01351,2023-08-29,EQ-032,Planter,2022-03-18,FARM-08,OP-050,Michael Smith,4.0,FLD-018,River Field,208.98,4.7,23.4,None,0.0,None,0.36,Medium
LOG-04629,2024/12/04,EQ-047,Sprayer,2020-08-12,FARM-03,OP-013,Laura Martinez,17.0,FLD-003,Golden Field,66.67,4.1,13.8,None,0.0,None,0.04,
LOG-00447,29-05-2023,EQ-097,Planter,2016-05-06,FARM-10,OP-011,Sophia Jones,6.0,FLD-010,Hill Field,315.35,2.6,8.6,None,0.0,None,0.21,Low
LOG-01744,2023-03-25,EQ-062,Planter,2020-10-20,FARM-08,OP-003,Sarah Jones,13.0,FLD-002,Hill Field,223.83,9.3,72.1,None,0.0,None,0.14,Low
LOG-04075,2024-02-07,EQ-013,Tractor,2019-01-10,FARM-06,OP-035,Sarah Wilson,6.0,FLD-003,Golden Field,66.67,7.1,35.0,None,0.0,None,0.8,High
LOG-02982,,EQ-026,Planter,2018-01-10,,OP-038,Grace Gonzalez,8.0,FLD-017,East Field,311.6,11.9,88.0,None,,None,0.62,Medium
LOG-05164,,EQ-016,Sprayer,2022-01-18,FARM-10,OP-021,,2.0,FLD-017,East Field,311.6,11.4,64.0,None,0.0,None,0.84,High
LOG-03986,2023-11-18,EQ-043,Tractor,2022-08-18,FARM-02,OP-046,Michael Garcia,17.0,FLD-019,North Field,158.9,10.6,38.4,None,0.0,None,0.59,Medium
LOG-05271,2023-12-29,EQ-015,Tractor,2019-03-31,FARM-02,OP-018,David Jones,10.0,FLD-002,Hill Field,223.83,9.9,71.6,None,0.0,None,0.92,High
LOG-04899,2023-06-08,EQ-016,Sprayer,2022-01-18,FARM-10,OP-028,Alice Wilson,12.0,FLD-020,West Field,220.65,3.8,24.9,None,0.0,None,0.28,Low
LOG-01295,2023-05-28,,Planter,2023-03-06,FARM-01,OP-009,David Anderson,12.0,FLD-007,Golden Field,346.56,2.5,14.4,None,0.0,None,0.09,Low
LOG-02940,2024-12-23,EQ-021,Planter,2022-02-16,FARM-06,OP-009,David Anderson,12.0,FLD-007,Golden Field,346.56,8.7,39.3,None,0.0,None,0.18,Low
LOG-03784,2023-01-07,EQ-041,Planter,2019-04-13,FARM-10,OP-033,Emily Garcia,18.0,FLD-014,River Field,281.66,6.1,39.8,None,0.0,None,0.18,
LOG-06536,2024-09-04,EQ-097,Planter,2016-05-06,FARM-10,OP-033,Emily Garcia,18.0,FLD-006,North Field,264.76,9.1,32.5,None,0.0,None,0.2,Low
LOG-04995,2024-07-24,EQ-006,Harvester,2017-08-10,FARM-09,OP-023,Michael Smith,1.0,FLD-004,Sunny Field,103.14,2.4,12.8,None,0.0,None,0.07,Low
LOG-04166,31-08-2022,EQ-075,Planter,2023-03-06,FARM-01,OP-044,James Miller,11.0,FLD-013,Valley Field,169.83,1.5,5.9,Inspection,312.75,None,0.31,Medium
LOG-01113,2022-10-07,EQ-002,Harvester,2017-07-03,FARM-03,OP-028,Alice Wilson,12.0,FLD-017,East Field,,6.3,,None,0.0,None,0.88,High
LOG-00777,11-09-2024,EQ-096,Tractor,2022-07-28,FARM-04,OP-024,,5.0,FLD-019,North Field,158.9,7.2,52.9,,0.0,None,0.48,Medium
LOG-06614,2023/02/12,EQ-058,Harvester,2017-12-21,FARM-09,OP-026,Grace Rodriguez,1.0,FLD-019,North Field,158.9,3.3,10.8,None,0.0,None,0.32,Medium
LOG-04747,"May 28, 2023",EQ-094,Harvester,2015-08-21,FARM-09,OP-006,John Davis,20.0,FLD-014,River Field,281.66,2.5,7.6,Repair,749.88,Tire,0.58,Medium
LOG-02907,2024-02-08,EQ-073,Tractr,2022-05-23,FARM-07,OP-017,,18.0,FLD-002,Hill Field,223.83,11.7,77.9,None,0.0,None,0.11,Low
LOG-03072,2024-03-20,EQ-039,Tractor,2016-09-18,FARM-03,OP-001,William Anderson,9.0,FLD-007,Golden Field,346.56,10.0,43.1,None,0.0,None,0.09,Low
LOG-03804,2023-08-07,EQ-018,Tractor,2015-07-07,FARM-04,OP-025,Michael Williams,15.0,FLD-011,South Field,362.68,8.2,36.8,None,0.0,None,0.36,Medium
LOG-04440,2022-10-10,EQ-043,Tractor,2022-08-18,FARM-02,,John Hernandez,18.0,FLD-013,Valley Field,169.83,4.5,33.2,None,0.0,None,0.21,Low
LOG-01852,2024-09-08,,Plntr,2017-09-22,FARM-08,OP-031,Alice Anderson,12.0,FLD-002,Hill Field,223.83,1.7,7.9,,0.0,None,0.51,Medium
LOG-01964,2024-11-26,EQ-018,Tractor,2015-07-07,FARM-04,OP-015,Laura Anderson,4.0,FLD-003,,66.67,2.6,,None,0.0,None,0.63,Medium
LOG-04909,,EQ-064,Tractor,2018-10-16,FARM-01,OP-030,Alice Jones,12.0,FLD-004,Sunny Field,103.14,-3.1,15.5,None,0.0,None,0.11,Low
LOG-03882,2024-05-17,EQ-019,Sprayer,2015-11-23,FARM-04,OP-040,Charles Wilson,2.0,FLD-006,North Field,264.76,5.9,45.5,None,0.0,None,0.91,High
LOG-04330,2023-04-18,EQ-048,Tractor,2022-01-05,FARM-05,OP-008,James Rodriguez,9.0,FLD-015,West Field,216.02,7.3,27.9,Repair,889.56,Filter,0.44,Medium
LOG-00486,2022-07-31,,Harvester,2017-08-10,FARM-09,OP-003,Sarah Jones,13.0,FLD-011,South Field,362.68,8.7,48.8,None,0.0,None,0.83,High
LOG-05880,2023-12-20,EQ-035,Sprayer,2023-05-18,FARM-10,OP-044,James Miller,11.0,FLD-008,West Field,188.47,10.4,36.2,Repair,337.09,Tire,0.91,High
LOG-06162,2023-10-08,EQ-047,Sprayer,2020-08-12,FARM-03,OP-008,James Rodriguez,9.0,FLD-015,West Field,216.02,2.4,11.7,None,0.0,None,0.19,Low
LOG-00031,2023-12-22,EQ-096,Tractor,2022-07-28,FARM-04,OP-036,,14.0,FLD-011,South Field,362.68,8.7,37.9,None,0.0,None,0.13,Low
LOG-01880,2022-09-16,,Sprayer,2015-11-23,FARM-04,OP-007,Emily Johnson,18.0,FLD-015,West Field,216.02,2.6,8.8,None,0.0,None,0.68,Medium
LOG-02284,2022-05-21,EQ-052,Planter,2015-03-21,FARM-02,OP-015,Laura Anderson,4.0,FLD-006,North Field,264.76,6.2,27.8,None,0.0,None,0.78,High
LOG-04145,2023-01-06,EQ-071,Planter,2017-09-22,FARM-08,OP-010,Robert Anderson,8.0,FLD-004,Sunny Field,103.14,9.7,60.4,Repair,892.49,Belt,0.85,High
LOG-03214,2024-09-06,EQ-003,Tractor,2022-08-03,FARM-09,OP-024,William Gonzalez,5.0,FLD-010,,315.35,8.4,42.9,None,0.0,None,0.34,Medium
LOG-04504,2024-07-04,EQ-045,Tractr,2018-04-17,,OP-005,Daniel Garcia,3.0,FLD-017,East Field,311.6,5.1,35.4,Inspection,676.56,None,0.69,Medium
LOG-04772,"July 27, 2024",EQ-033,Harvester,2017-12-20,FARM-03,OP-048,William Smith,4.0,FLD-011,South Field,362.68,6.3,44.4,None,0.0,None,0.4,Medium
LOG-03409,02-09-2024,EQ-004,Tractor,2021-08-15,FARM-07,OP-049,Michael Williams,19.0,FLD-008,West Field,188.47,5.3,27.0,None,0.0,None,0.03,Low
LOG-00637,2022-10-03,EQ-009,Sprayer,2015-01-27,FARM-03,OP-019,James Lopez,11.0,FLD-016,Valley Field,341.89,2.3,16.8,,0.0,None,0.42,Medium
LOG-05449,,EQ-080,Harvester,2018-02-14,FARM-08,OP-024,William Gonzalez,5.0,FLD-001,Sunny Field,222.94,11.3,55.6,None,0.0,None,0.44,Medium
LOG-02349,2024-11-17,EQ-013,Tractor,2019-01-10,FARM-06,OP-044,James Miller,11.0,,East Field,311.6,8.0,62.2,None,0.0,None,0.49,Medium
LOG-01084,26-04-2022,EQ-055,Tractor,2015-12-17,FARM-08,OP-044,James Miller,11.0,FLD-006,North Field,,2.1,16.5,Inspection,126.08,None,0.97,High
LOG-00862,2023-03-11,EQ-096,Tractor,2022-07-28,FARM-04,OP-033,Emily Garcia,18.0,FLD-009,South Field,474.95,7.4,58.2,None,0.0,None,0.57,Medium
LOG-03081,2022-02-21,EQ-085,Plntr,2017-05-25,FARM-07,OP-043,Sarah Brown,1.0,FLD-003,Golden Field,66.67,1.5,6.8,None,0.0,None,0.17,Low
LOG-00904,2024-11-25,EQ-057,Harvester,2016-06-09,FARM-08,OP-010,Robert Anderson,8.0,FLD-001,Sunny Field,222.94,11.4,39.0,None,0.0,None,0.97,High
LOG-06555,"March 17, 2023",EQ-087,Tractor,2019-05-19,FARM-05,OP-029,David Miller,5.0,FLD-002,Hill Field,223.83,5.4,23.0,None,0.0,None,0.79,High
LOG-00110,2024-07-31,EQ-003,Tractor,2022-08-03,FARM-09,OP-021,Chloe Jones,2.0,FLD-006,North Field,264.76,,77.5,Routine,1274.5,None,0.25,Low
LOG-06733,2022-06-21,EQ-017,Sprayer,2021-06-22,FARM-04,OP-017,Emily Lopez,18.0,FLD-001,Sunny Field,222.94,6.0,39.2,None,0.0,None,0.37,Medium
LOG-05041,2024-06-22,EQ-047,Sprayr,2020-08-12,FARM-03,OP-014,John Hernandez,18.0,FLD-020,West Field,220.65,8.1,45.6,None,0.0,None,0.8,High
LOG-04838,2023-03-14,EQ-038,Planter,2016-01-08,FARM-01,OP-026,Grace Rodriguez,1.0,FLD-015,West Field,216.02,5.3,,None,0.0,None,0.03,Low
LOG-06078,2022-08-08,EQ-054,Tractor,2017-09-13,FARM-10,OP-034,Grace Martinez,5.0,FLD-001,Sunny Field,222.94,9.3,43.7,None,0.0,None,0.66,Medium
LOG-05876,2022/06/02,EQ-005,Tractor,2015-05-03,FARM-02,OP-009,David Anderson,12.0,FLD-017,East Field,311.6,1.5,7.4,None,0.0,None,0.85,High
LOG-06647,2024-07-19,EQ-044,Sprayer,2023-08-15,FARM-06,OP-017,Emily Lopez,18.0,FLD-004,Sunny Field,103.14,2.0,6.0,None,0.0,None,0.91,High
LOG-03823,2023-06-10,EQ-032,Planter,,FARM-08,OP-043,Sarah Brown,1.0,FLD-001,Sunny Field,222.94,5.1,23.6,None,0.0,None,0.58,Medium
LOG-01832,2023-04-14,EQ-056,Tractor,2023-07-13,FARM-09,OP-017,Emily Lopez,18.0,FLD-012,River Field,258.49,4.0,30.2,None,0.0,None,0.16,Low
LOG-05854,2023-06-27,EQ-046,Harvester,2020-02-02,FARM-01,OP-017,Emily Lopez,18.0,FLD-013,Valley Field,169.83,4.7,20.0,None,0.0,None,0.62,Medium
LOG-00783,30-11-2022,EQ-063,Tractor,2017-10-12,FARM-04,OP-027,Emily Johnson,5.0,FLD-011,South Field,362.68,2.1,7.9,None,0.0,None,0.19,Low
LOG-01652,2024/11/07,EQ-069,Harvester,2018-02-14,FARM-08,,David Hernandez,10.0,FLD-014,River Field,281.66,6.8,26.5,,0.0,None,0.7,High
LOG-03296,2022-09-17,EQ-087,Tractor,2019-05-19,FARM-05,OP-030,Alice Jones,12.0,FLD-020,West Field,220.65,5.3,36.6,None,0.0,None,0.07,Low
LOG-02754,2023-05-30,EQ-078,Harvester,2017-02-23,,OP-009,David Anderson,12.0,FLD-012,River Field,258.49,10.5,39.5,Routine,840.62,None,0.7,High
LOG-04811,2024-04-09,EQ-060,Harvester,2022-12-30,FARM-05,OP-005,Daniel Garcia,3.0,FLD-007,Golden Field,346.56,4.1,29.6,None,0.0,None,0.26,Low
LOG-01826,2024-02-18,EQ-095,Tractor,2017-01-31,FARM-02,OP-025,Michael Williams,15.0,FLD-020,West Field,220.65,1.3,8.9,None,0.0,None,0.67,Medium
LOG-01095,2023-05-24,EQ-022,Harvester,2019-02-25,FARM-06,OP-028,Alice Wilson,12.0,FLD-001,Sunny Field,222.94,-4.3,33.2,None,0.0,None,0.78,High
LOG-04897,2024-08-10,EQ-043,Tractor,2022-08-18,FARM-02,OP-024,William Gonzalez,5.0,FLD-007,,346.56,8.8,,None,0.0,None,0.22,Low
LOG-00872,2022-03-24,EQ-081,Harvester,2015-11-05,FARM-08,OP-028,Alice Wilson,12.0,FLD-003,Golden Field,66.67,,51.9,None,0.0,None,0.64,Medium
LOG-02589,2023-02-25,EQ-009,Sprayer,2015-01-27,FARM-03,OP-033,Emily Garcia,18.0,FLD-016,Valley Field,341.89,7.0,36.5,None,0.0,None,0.95,High
LOG-05904,2024-07-19,EQ-099,Tractor,2021-12-11,FARM-02,OP-035,Sarah Wilson,6.0,FLD-020,West Field,220.65,6.0,46.0,None,0.0,None,0.08,Low
LOG-02551,2023-11-28,EQ-015,Tractor,2019-03-31,FARM-02,OP-004,David Hernandez,10.0,FLD-018,River Field,,6.3,37.1,None,0.0,None,0.24,Low
LOG-05895,2024-02-21,EQ-013,Tractor,2019-01-10,,OP-048,William Smith,4.0,FLD-008,West Field,188.47,9.3,43.7,Routine,1023.9,None,0.8,High
LOG-01655,2022-12-29,EQ-001,Tractor,2015-04-13,FARM-05,OP-016,David Jones,4.0,FLD-011,South Field,362.68,11.9,84.9,None,0.0,None,0.83,High
LOG-05729,2023-12-16,EQ-014,Sprayer,,FARM-08,OP-007,Emily Johnson,18.0,FLD-020,West Field,220.65,9.5,50.1,None,0.0,None,0.16,Low
LOG-05355,"April 19, 2023",EQ-037,Sprayer,2017-06-17,FARM-03,OP-016,David Jones,4.0,FLD-019,North Field,158.9,11.5,78.0,None,0.0,None,0.07,Low
LOG-02329,2023-03-14,EQ-007,Tractor,2021-04-17,FARM-04,OP-012,Daniel Wilson,18.0,FLD-018,River Field,208.98,7.8,4430.0,None,0.0,None,0.83,High
LOG-03786,2022-01-15,EQ-046,Harvester,,FARM-01,OP-035,Sarah Wilson,6.0,FLD-017,East Field,311.6,8.8,52.5,Repair,838.17,Filter,0.79,High
LOG-04540,2024-06-03,EQ-051,Tractor,2021-09-19,FARM-06,OP-028,Alice Wilson,12.0,FLD-020,West Field,220.65,11.7,49.6,None,0.0,None,0.8,High
LOG-03211,2023-06-29,EQ-031,Sprayer,2017-05-20,FARM-08,OP-013,Laura Martinez,17.0,,,315.35,1.2,7.3,None,0.0,None,0.17,Low
LOG-04356,2022-07-22,,Tractor,2019-03-31,FARM-02,OP-029,David Miller,5.0,FLD-020,West Field,220.65,8.3,55.1,None,0.0,None,0.56,Medium
LOG-03923,2023-07-28,EQ-028,Tractor,2017-07-27,FARM-01,OP-014,,18.0,FLD-015,West Field,216.02,10.2,40.7,None,0.0,None,0.03,Low
LOG-03853,2022-07-30,EQ-088,Planter,2018-03-14,FARM-07,OP-026,Grace Rodriguez,1.0,FLD-016,Valley Field,341.89,5.0,16.0,None,0.0,None,0.11,Low
LOG-00091,2024-10-01,EQ-055,Tractor,2015-12-17,FARM-08,OP-044,James Miller,11.0,FLD-004,Sunny Field,103.14,8.8,45.9,None,0.0,None,,Medium
LOG-05666,2023-08-19,EQ-087,Tractor,2019-05-19,FARM-05,OP-031,Alice Anderson,12.0,FLD-012,River Field,258.49,3.0,22.5,Routine,1413.68,None,0.38,Medium
LOG-01205,2022-05-13,EQ-026,,2018-01-10,FARM-09,OP-026,Grace Rodriguez,1.0,FLD-011,South Field,362.68,4.5,35.9,None,0.0,None,0.7,High
LOG-02618,2024-05-26,EQ-053,Sprayer,2018-06-13,FARM-04,OP-017,Emily Lopez,18.0,FLD-016,Valley Field,341.89,9.7,73.2,None,0.0,None,0.42,Medium
LOG-03249,2023-12-20,EQ-076,Tractor,2015-09-06,FARM-07,,Michael Smith,1.0,FLD-013,Valley Field,169.83,9.8,55.6,None,0.0,None,0.65,
LOG-05390,2022-11-18,EQ-058,Harvester,2017-12-21,FARM-09,OP-039,Michael Williams,4.0,FLD-005,North Field,357.3,7.9,27.7,None,0.0,None,0.78,High
LOG-05874,,EQ-099,Tractor,2021-12-11,FARM-02,OP-025,Michael Williams,15.0,FLD-006,North Field,,4.0,16.2,Repair,1185.79,None,0.13,Low
LOG-03663,30-03-2024,EQ-076,Tractor,2015-09-06,FARM-07,OP-025,Michael Williams,15.0,FLD-011,South Field,362.68,9.3,52.8,Inspection,,None,0.52,
LOG-01771,08-05-2024,EQ-089,Planter,2016-09-26,FARM-04,OP-026,Grace Rodriguez,1.0,FLD-003,Golden Field,66.67,10.7,85.1,None,0.0,None,0.52,
LOG-00830,"October 21, 2024",EQ-018,,2015-07-07,FARM-04,OP-016,David Jones,4.0,FLD-004,Sunny Field,103.14,11.3,63.4,None,0.0,None,0.94,
LOG-03429,2023-06-22,EQ-001,Tractor,2015-04-13,FARM-05,,Laura Martinez,17.0,FLD-011,South Field,362.68,4.1,12.6,None,0.0,None,0.87,High
LOG-02432,2024/05/31,EQ-087,Tractor,2019-05-19,FARM-05,OP-031,Alice Anderson,12.0,FLD-001,Sunny Field,222.94,11.7,39.7,None,0.0,None,0.22,Low
LOG-00628,"February 15, 2024",EQ-066,Tractor,,FARM-01,OP-040,Charles Wilson,2.0,FLD-006,North Field,264.76,7.1,22.9,Inspection,536.03,None,0.86,High
LOG-04099,,EQ-036,Planter,2021-07-18,FARM-07,OP-006,John Davis,20.0,FLD-010,Hill Field,315.35,8.3,52.2,None,0.0,None,0.36,Medium
LOG-00926,2024-04-18,EQ-094,Harvester,2015-08-21,FARM-09,OP-021,Chloe Jones,2.0,,Golden Field,66.67,5.3,39.8,None,,None,0.05,Low
LOG-00296,"September 25, 2022",EQ-042,Planter,2020-12-07,FARM-05,OP-019,,11.0,FLD-011,,362.68,7.2,39.1,None,0.0,None,0.68,
LOG-01053,2022-12-16,EQ-084,Harvester,2019-07-23,FARM-08,OP-019,James Lopez,11.0,FLD-014,River Field,281.66,2.9,11.4,Repair,755.38,None,0.94,High
LOG-02572,2023-10-21,EQ-091,Tractor,2023-05-22,FARM-06,OP-001,William Anderson,9.0,FLD-011,,362.68,11.7,92.2,None,0.0,None,0.43,Medium
LOG-03519,2022-09-12,EQ-089,Planter,2016-09-26,FARM-04,OP-016,David Jones,4.0,FLD-010,Hill Field,315.35,7.1,46.6,None,0.0,None,0.98,High
LOG-02216,2024-08-28,EQ-058,Harvester,2017-12-21,FARM-09,OP-028,Alice Wilson,12.0,FLD-016,Valley Field,341.89,4.4,16.2,None,0.0,None,0.08,
LOG-00945,2022-10-01,EQ-077,Sprayer,2023-12-24,FARM-02,OP-022,Robert Hernandez,14.0,FLD-001,Sunny Field,222.94,8.1,24.4,None,0.0,None,0.89,High
LOG-05564,2022-01-15,EQ-037,Sprayer,2017-06-17,FARM-03,OP-024,William Gonzalez,5.0,FLD-002,Hill Field,223.83,5.8,41.8,None,0.0,None,,Medium
LOG-05803,01-03-2022,EQ-034,Harvester,2023-05-10,FARM-09,OP-042,Daniel Garcia,10.0,FLD-015,West Field,216.02,8.8,63.1,Routine,83.36,None,0.8,High
LOG-00013,2023-03-28,EQ-054,Tractor,2017-09-13,FARM-10,OP-035,Sarah Wilson,6.0,FLD-018,River Field,208.98,6.4,27.9,None,0.0,None,0.39,Medium
LOG-01118,2024-02-04,EQ-064,Tractor,,FARM-01,OP-025,Michael Williams,15.0,FLD-006,North Field,264.76,11.7,54.9,None,0.0,None,0.83,High
LOG-05091,2024-10-12,EQ-098,Harvester,2021-06-29,FARM-10,OP-035,Sarah Wilson,6.0,FLD-014,River Field,281.66,8.0,57.7,Repair,64.86,None,0.38,Medium
LOG-02707,2022-05-19,EQ-027,Harvester,,FARM-06,OP-010,Robert Anderson,8.0,FLD-016,Valley Field,341.89,10.5,68.6,None,0.0,None,0.21,Low
LOG-02967,2024-08-17,EQ-036,Planter,2021-07-18,FARM-07,OP-040,Charles Wilson,2.0,FLD-001,Sunny Field,222.94,3.1,,Routine,189.74,None,,High
LOG-04442,"February 16, 2024",EQ-082,Tractor,2015-07-27,FARM-09,OP-009,David Anderson,12.0,FLD-001,Sunny Field,222.94,1.1,3.9,None,0.0,None,0.65,Medium
LOG-01320,2022-08-09,EQ-004,Tractor,2021-08-15,FARM-07,OP-012,Daniel Wilson,18.0,FLD-011,South Field,362.68,8.7,42.5,,0.0,None,0.57,Medium
LOG-06500,2024-09-27,EQ-087,Tractor,2019-05-19,FARM-05,,Michael Williams,19.0,FLD-015,West Field,216.02,6.2,27.6,None,0.0,None,0.3,Medium
LOG-01794,2022-11-28,EQ-018,Tractor,2015-07-07,FARM-04,OP-008,,9.0,FLD-001,Sunny Field,222.94,2.0,7.9,Inspection,1006.8,None,,Medium
LOG-06399,18-06-2023,EQ-047,Sprayer,2020-08-12,FARM-03,OP-039,Michael Williams,4.0,,River Field,281.66,11.7,43.7,None,0.0,None,0.45,Medium
LOG-02772,"March 30, 2024",EQ-085,Planter,2017-05-25,FARM-07,OP-003,Sarah Jones,13.0,FLD-011,South Field,362.68,,14.6,None,0.0,None,0.42,Medium
LOG-06029,2024-11-10,EQ-002,Harvester,2017-07-03,FARM-03,OP-015,Laura Anderson,4.0,FLD-010,Hill Field,315.35,9.3,73.0,None,0.0,None,0.45,Medium
LOG-04217,2024-11-25,EQ-005,Tractor,2015-05-03,FARM-02,OP-049,Michael Williams,19.0,FLD-013,Valley Field,169.83,2.4,18.1,None,0.0,None,0.87,High
LOG-00654,29-07-2024,EQ-017,Sprayer,2021-06-22,,OP-014,John Hernandez,18.0,FLD-002,Hill Field,223.83,5.3,38.8,Repair,500.92,Filter,0.68,Medium
LOG-02458,2024-09-19,,,2018-10-25,FARM-05,OP-030,Alice Jones,12.0,FLD-002,Hill Field,223.83,4.2,13.4,None,0.0,None,0.23,Low
LOG-03474,2023-01-16,EQ-022,Harvester,2019-02-25,FARM-06,OP-024,William Gonzalez,5.0,FLD-018,River Field,208.98,10.6,40.2,None,0.0,None,0.71,High
LOG-05703,"May 24, 2022",EQ-098,Harvester,2021-06-29,FARM-10,OP-034,Grace Martinez,5.0,FLD-014,River Field,281.66,5.4,22.5,None,0.0,None,0.56,Medium
LOG-05213,2023-05-26,EQ-005,Tractor,2015-05-03,FARM-02,OP-036,Jessica Anderson,14.0,FLD-016,Valley Field,341.89,6.8,31.3,None,0.0,None,0.8,High
LOG-04861,2022-10-06,EQ-062,Plntr,2020-10-20,FARM-08,OP-048,William Smith,4.0,,West Field,188.47,4.1,31.1,Routine,1336.73,None,0.3,Medium
LOG-03940,2023-06-21,EQ-039,Tractor,2016-09-18,FARM-03,OP-048,William Smith,4.0,FLD-008,West Field,188.47,9.8,64.2,None,0.0,None,,Low
LOG-03919,2024-05-13,EQ-087,Tractor,2019-05-19,FARM-05,OP-018,David Jones,10.0,FLD-006,North Field,264.76,4.0,21.8,Routine,854.98,None,0.33,Medium
LOG-05094,2023-08-26,EQ-003,,2022-08-03,FARM-09,OP-015,Laura Anderson,4.0,FLD-018,River Field,208.98,5.2,18.4,Inspection,189.1,None,0.06,Low
LOG-02304,2022-12-23,EQ-029,,2019-07-02,FARM-05,OP-042,Daniel Garcia,,FLD-011,South Field,362.68,11.6,55.6,None,0.0,None,0.25,Low
LOG-06261,2022-04-23,EQ-058,Harvester,2017-12-21,FARM-09,OP-012,Daniel Wilson,18.0,FLD-020,West Field,220.65,8.8,70.4,None,0.0,None,0.25,Low
LOG-00571,12-11-2022,EQ-064,Tractor,2018-10-16,FARM-01,OP-050,,4.0,FLD-018,River Field,208.98,7.7,35.5,None,0.0,None,0.12,Low
LOG-01449,2023-02-13,EQ-029,Sprayer,2019-07-02,FARM-05,OP-013,,17.0,FLD-009,South Field,474.95,2.9,13.0,None,0.0,None,,Low
LOG-04864,15-03-2024,EQ-087,Tractor,2019-05-19,FARM-05,OP-015,Laura Anderson,4.0,FLD-016,Valley Field,341.89,4.9,19.9,None,0.0,None,0.27,Low
LOG-05997,2024-02-13,EQ-099,Tractor,2021-12-11,FARM-02,OP-029,David Miller,5.0,,West Field,188.47,9.5,59.2,None,0.0,None,0.84,High
LOG-01746,20-05-2022,EQ-090,Sprayer,2017-06-10,FARM-01,OP-027,,5.0,FLD-018,River Field,208.98,1.4,8.3,None,0.0,None,0.58,Medium
LOG-03394,2023-11-08,EQ-039,Tractor,2016-09-18,FARM-03,OP-003,Sarah Jones,13.0,FLD-005,North Field,357.3,,11.7,None,0.0,,0.54,Medium
LOG-05482,2024-08-05,EQ-049,Harvester,2016-09-18,FARM-06,OP-022,Robert Hernandez,14.0,FLD-008,West Field,188.47,3.4,24.4,Routine,345.57,None,0.87,High
LOG-00288,20-12-2023,EQ-031,Sprayer,2017-05-20,FARM-08,OP-014,John Hernandez,18.0,FLD-019,North Field,158.9,10.5,63.5,None,,None,0.61,Medium
LOG-01739,2022/03/22,EQ-042,Planter,2020-12-07,FARM-05,OP-037,John Williams,11.0,FLD-019,North Field,158.9,10.7,35.1,None,0.0,None,0.14,Low
LOG-04370,,EQ-097,Planter,2016-05-06,FARM-10,OP-017,Emily Lopez,18.0,FLD-006,North Field,264.76,6.9,35.9,Routine,699.87,None,,Medium
LOG-04094,2022-03-29,EQ-033,Harvester,2017-12-20,FARM-03,OP-017,Emily Lopez,18.0,FLD-014,River Field,281.66,10.6,69.0,None,0.0,None,0.5,Medium
LOG-02708,"May 05, 2024",EQ-071,Planter,2017-09-22,FARM-08,OP-026,Grace Rodriguez,1.0,FLD-016,Valley Field,341.89,8.6,41.2,Repair,1345.02,Tire,0.72,High
LOG-03782,2023-09-19,EQ-035,Sprayr,2023-05-18,FARM-10,,William Smith,4.0,FLD-002,Hill Field,223.83,6.5,,,0.0,None,0.74,High
LOG-04161,23-09-2023,EQ-040,Planter,2021-09-08,FARM-02,OP-034,Grace Martinez,5.0,FLD-001,Sunny Field,222.94,4.1,27.7,None,0.0,None,0.26,Low
LOG-03878,2022-07-28,EQ-074,Sprayer,2019-10-01,FARM-07,OP-034,Grace Martinez,5.0,FLD-016,Valley Field,341.89,8.9,33.0,Routine,,None,0.29,Low
LOG-03969,2022-07-21,EQ-095,Tractor,2017-01-31,FARM-02,OP-031,Alice Anderson,12.0,FLD-009,South Field,474.95,5.3,28.9,Routine,105.96,None,0.23,
LOG-01685,2022-07-18,EQ-068,Sprayer,2015-10-18,FARM-09,OP-048,William Smith,4.0,FLD-002,Hill Field,223.83,,33.3,Routine,1300.26,None,0.06,Low
LOG-05625,2024-04-04,EQ-076,Tractor,2015-09-06,FARM-07,,Daniel Wilson,18.0,FLD-013,Valley Field,169.83,3.5,21.6,Routine,840.88,None,0.64,Medium
LOG-01339,2024-03-25,EQ-032,Planter,2022-03-18,FARM-08,OP-019,James Lopez,11.0,FLD-005,North Field,357.3,6.3,22.8,Routine,412.79,None,0.54,Medium
LOG-06225,27-03-2022,EQ-093,Planter,2020-08-21,FARM-09,OP-017,Emily Lopez,18.0,FLD-011,South Field,362.68,2.9,16.1,None,0.0,None,0.46,Medium
LOG-01962,2022-06-01,EQ-007,Tractor,2021-04-17,FARM-04,OP-033,Emily Garcia,18.0,FLD-020,West Field,220.65,3.7,21.3,,0.0,None,0.54,
LOG-05297,"September 07, 2023",EQ-021,Planter,2022-02-16,FARM-06,OP-034,Grace Martinez,5.0,FLD-017,East Field,311.6,5.2,27.9,None,0.0,None,0.31,Medium
LOG-04478,20-03-2023,EQ-086,Tractor,2016-11-05,FARM-07,OP-025,Michael Williams,15.0,FLD-011,South Field,362.68,10.6,35.4,None,0.0,None,0.48,Medium
LOG-02259,31-08-2022,EQ-072,Planter,2017-02-18,FARM-02,OP-036,Jessica Anderson,14.0,FLD-017,East Field,311.6,6.2,49.4,None,0.0,None,0.49,Medium
LOG-06118,,EQ-083,Tractor,2016-01-18,FARM-04,OP-016,David Jones,4.0,FLD-009,South Field,474.95,1.4,8.6,None,0.0,None,0.52,Medium
LOG-04618,2024-07-15,EQ-092,Tractor,2015-07-25,FARM-10,OP-045,Michael Wilson,3.0,FLD-018,River Field,208.98,1.1,6.0,None,0.0,None,0.19,Low
LOG-06204,2024/05/14,EQ-090,Sprayer,2017-06-10,FARM-01,OP-050,Michael Smith,4.0,FLD-003,Golden Field,66.67,1.0,5.0,None,0.0,None,0.3,Medium
LOG-02471,2023-10-23,EQ-037,Sprayer,2017-06-17,FARM-03,OP-008,James Rodriguez,9.0,FLD-003,Golden Field,66.67,11.2,87.1,None,0.0,None,0.22,Low
LOG-05420,2023-11-28,EQ-041,Planter,2019-04-13,FARM-10,OP-012,Daniel Wilson,18.0,FLD-005,North Field,,8.3,47.7,None,0.0,None,0.89,High
LOG-01565,2023-03-07,EQ-041,Planter,2019-04-13,FARM-10,OP-027,Emily Johnson,5.0,FLD-007,Golden Field,346.56,,82.6,None,0.0,None,0.26,Low
LOG-06158,2022-03-27,EQ-001,Tractor,2015-04-13,FARM-05,OP-028,Alice Wilson,12.0,FLD-012,River Field,258.49,5.4,31.5,None,0.0,None,0.12,Low
LOG-03609,2022/10/03,EQ-077,Sprayer,2023-12-24,FARM-02,OP-010,Robert Anderson,8.0,FLD-008,West Field,188.47,5.4,18.2,None,0.0,None,0.53,Medium
LOG-04454,,EQ-064,Tractor,2018-10-16,FARM-01,OP-032,James Hernandez,8.0,FLD-016,Valley Field,341.89,4.1,30.9,None,0.0,None,0.27,Low
LOG-02186,,EQ-082,Tractor,2015-07-27,FARM-09,OP-019,James Lopez,11.0,FLD-020,West Field,220.65,5.2,22.1,None,0.0,None,0.61,Medium
LOG-06654,2022-06-27,EQ-097,Planter,2016-05-06,FARM-10,OP-014,John Hernandez,18.0,FLD-007,Golden Field,346.56,8.2,28.0,Inspection,1032.46,None,0.2,Low
LOG-01232,11-06-2022,EQ-076,Tractor,2015-09-06,FARM-07,OP-010,Robert Anderson,8.0,FLD-001,Sunny Field,222.94,7.3,22.8,None,0.0,None,0.97,High
LOG-05375,2024-05-11,EQ-077,Sprayer,2023-12-24,FARM-02,OP-018,David Jones,10.0,FLD-012,River Field,258.49,7.1,25.5,Routine,837.42,None,,Medium
LOG-01259,2023-06-16,EQ-069,Harvester,2018-02-14,FARM-08,OP-001,William Anderson,9.0,FLD-002,,223.83,10.7,,Routine,491.22,None,,Low
LOG-02255,2024-07-04,EQ-029,Sprayer,2019-07-02,FARM-05,OP-019,James Lopez,11.0,FLD-001,Sunny Field,222.94,7.0,24.5,None,0.0,None,0.91,High
LOG-01952,2022-09-29,EQ-026,Planter,2018-01-10,FARM-09,OP-014,John Hernandez,18.0,FLD-007,Golden Field,346.56,4.2,13.9,None,0.0,None,0.62,Medium
LOG-06502,06-06-2024,EQ-047,Sprayer,2020-08-12,FARM-03,OP-015,Laura Anderson,4.0,FLD-008,West Field,188.47,3.2,14.9,None,0.0,None,,Medium
LOG-00114,2024-10-08,EQ-084,Harvester,2019-07-23,FARM-08,OP-005,Daniel Garcia,3.0,FLD-006,North Field,264.76,6.1,35.5,None,0.0,None,0.68,Medium
LOG-05938,2024-11-08,EQ-017,Sprayer,2021-06-22,FARM-04,OP-007,,18.0,FLD-004,Sunny Field,103.14,6.3,41.5,None,0.0,None,0.04,Low
LOG-06089,2024-02-15,EQ-065,,2021-08-07,FARM-04,OP-022,Robert Hernandez,14.0,FLD-017,East Field,311.6,6.8,44.7,None,0.0,None,0.99,High
LOG-06698,2023-11-27,EQ-025,Harvester,2016-10-31,FARM-08,OP-022,Robert Hernandez,14.0,FLD-008,West Field,188.47,2.9,9.6,,333.75,None,0.98,High
LOG-00508,2022-11-26,EQ-088,Planter,2018-03-14,FARM-07,OP-046,,17.0,FLD-002,Hill Field,223.83,5.3,32.8,None,0.0,None,0.82,High
LOG-04720,06-10-2022,EQ-072,Planter,2017-02-18,FARM-02,OP-016,David Jones,4.0,FLD-009,South Field,474.95,6.0,44.4,None,0.0,None,0.45,Medium
LOG-05111,2024-01-24,EQ-062,Plntr,2020-10-20,FARM-08,OP-022,Robert Hernandez,,FLD-001,Sunny Field,,5.4,30.8,None,0.0,None,0.51,Medium
LOG-05701,2023-09-16,EQ-058,Harvester,2017-12-21,FARM-09,OP-040,Charles Wilson,2.0,FLD-016,Valley Field,341.89,9.5,67.0,None,0.0,None,0.1,Low
LOG-03826,2022-05-07,EQ-074,Sprayer,2019-10-01,FARM-07,OP-047,Charles Hernandez,18.0,FLD-020,West Field,220.65,3.9,27.8,Routine,803.35,None,0.69,Medium
LOG-03363,2022-11-19,EQ-086,Tractor,2016-11-05,FARM-07,OP-043,,1.0,FLD-001,Sunny Field,222.94,8.6,36.3,None,0.0,None,0.37,Medium
LOG-04048,2024-06-10,EQ-037,Sprayer,2017-06-17,FARM-03,OP-027,Emily Johnson,5.0,FLD-012,River Field,258.49,9.6,60.1,Inspection,731.4,None,0.51,Medium
LOG-00351,2022-10-18,,Planter,2017-06-21,FARM-08,OP-002,James Hernandez,11.0,FLD-005,North Field,357.3,9.5,68.7,None,0.0,None,0.95,High
LOG-04120,"December 06, 2023",EQ-040,Planter,2021-09-08,FARM-02,OP-011,Sophia Jones,6.0,FLD-014,River Field,281.66,11.9,66.6,None,0.0,None,0.8,High
LOG-06405,2022-05-05,EQ-082,Tractor,2015-07-27,FARM-09,OP-030,Alice Jones,12.0,FLD-020,West Field,220.65,8.7,44.2,None,0.0,None,0.53,Medium
LOG-03711,2023-09-08,EQ-067,Harvester,2015-10-04,FARM-01,OP-026,Grace Rodriguez,1.0,FLD-015,West Field,216.02,10.6,51.9,None,0.0,None,0.58,Medium
LOG-01115,2023-05-16,EQ-090,Sprayer,2017-06-10,FARM-01,OP-035,Sarah Wilson,6.0,FLD-012,River Field,258.49,11.9,75.0,None,0.0,None,0.99,High
LOG-05655,2024-11-04,EQ-048,Tractor,2022-01-05,FARM-05,OP-027,Emily Johnson,5.0,FLD-003,Golden Field,66.67,4.0,16.4,None,0.0,None,0.48,Medium
LOG-00299,2022-12-05,EQ-033,Harvester,2017-12-20,FARM-03,,John Davis,20.0,FLD-012,River Field,,1.6,9.8,None,0.0,None,0.75,High
LOG-03280,2023-03-27,EQ-045,Tractor,2018-04-17,FARM-07,OP-023,Michael Smith,1.0,FLD-011,,362.68,8.6,55.8,None,0.0,None,0.42,Medium
LOG-05551,2022-04-06,EQ-039,Tractor,2016-09-18,FARM-03,OP-045,Michael Wilson,3.0,FLD-008,West Field,188.47,9.5,75.2,None,0.0,None,0.49,Medium
LOG-04528,2022-04-06,EQ-033,Harvester,2017-12-20,FARM-03,OP-031,Alice Anderson,12.0,FLD-013,Valley Field,169.83,7.2,26.1,None,0.0,None,0.73,High
LOG-05327,27-12-2023,EQ-073,Tractor,2022-05-23,FARM-07,OP-032,James Hernandez,8.0,FLD-011,South Field,,11.0,35.3,Inspection,763.26,None,0.55,Medium
LOG-05710,2023-10-21,EQ-046,Harvester,2020-02-02,FARM-01,OP-016,David Jones,4.0,FLD-013,Valley Field,169.83,1.3,8.0,None,0.0,None,0.43,Medium
LOG-06743,2024/05/01,EQ-044,Sprayer,2023-08-15,FARM-06,OP-025,Michael Williams,15.0,FLD-019,North Field,158.9,4.0,27.3,None,0.0,None,0.08,Low
LOG-00230,2023-05-06,EQ-091,Tractor,2023-05-22,FARM-06,OP-014,John Hernandez,18.0,FLD-013,,169.83,7.1,48.8,None,0.0,None,0.53,Medium
LOG-03618,,EQ-089,Plntr,2016-09-26,FARM-04,OP-005,Daniel Garcia,3.0,FLD-006,North Field,264.76,8.2,63.7,None,0.0,None,0.91,High
LOG-04281,2022-11-10,EQ-055,Tractor,2015-12-17,FARM-08,OP-005,Daniel Garcia,3.0,FLD-001,Sunny Field,222.94,10.9,86.0,Repair,847.15,Tire,0.29,Low
LOG-05395,14-05-2024,EQ-065,Harvester,2021-08-07,FARM-04,OP-045,Michael Wilson,3.0,FLD-001,Sunny Field,222.94,8.7,58.6,None,0.0,None,,Low
LOG-02415,2023-07-12,EQ-076,Tractor,2015-09-06,FARM-07,OP-048,William Smith,4.0,FLD-013,Valley Field,169.83,7.2,43.8,None,0.0,None,0.44,Medium
LOG-02969,2022-05-17,EQ-015,Tractor,,FARM-02,OP-043,Sarah Brown,1.0,FLD-010,,315.35,,33.8,None,0.0,None,0.9,High
LOG-02104,24-11-2022,EQ-054,Tractor,2017-09-13,FARM-10,OP-017,Emily Lopez,18.0,FLD-016,Valley Field,341.89,3.2,18.4,,0.0,None,0.53,Medium
LOG-05501,2023-09-18,EQ-007,Tractor,2021-04-17,FARM-04,OP-020,James Hernandez,9.0,FLD-014,River Field,281.66,4.1,17.7,None,0.0,None,0.68,Medium
LOG-02647,2024-12-05,EQ-017,Sprayr,2021-06-22,,OP-036,Jessica Anderson,14.0,FLD-008,West Field,188.47,2.6,8.9,Routine,1324.52,None,0.9,High
LOG-03740,2022-05-24,EQ-041,Planter,2019-04-13,FARM-10,OP-047,Charles Hernandez,18.0,FLD-014,River Field,281.66,7.7,28.0,Routine,1487.41,None,0.55,Medium
LOG-04665,2022-08-31,EQ-064,Tractor,2018-10-16,FARM-01,OP-024,William Gonzalez,5.0,FLD-019,North Field,158.9,5.0,36.4,Routine,508.32,None,0.13,Low
LOG-01615,,EQ-047,Sprayer,2020-08-12,FARM-03,OP-049,Michael Williams,19.0,FLD-006,North Field,264.76,4.6,16.4,None,0.0,None,0.9,High
LOG-00608,2022/10/09,EQ-020,Tractor,2019-04-06,FARM-05,,Robert Hernandez,14.0,FLD-013,Valley Field,169.83,2.0,9.8,None,0.0,None,0.61,Medium
LOG-06091,2023-10-27,EQ-019,Sprayer,2015-11-23,FARM-04,OP-021,Chloe Jones,2.0,FLD-018,River Field,208.98,6.3,43.8,None,0.0,None,0.81,High
LOG-01094,13-03-2022,EQ-012,Tractor,2016-01-15,FARM-07,OP-036,Jessica Anderson,14.0,FLD-009,South Field,474.95,1.9,6.9,None,0.0,None,0.96,High
LOG-05664,2024-08-05,EQ-014,Sprayer,2015-06-27,FARM-08,OP-040,Charles Wilson,2.0,FLD-019,North Field,158.9,11.1,33.5,None,0.0,None,,High
LOG-01471,2022-01-26,EQ-013,Tractor,2019-01-10,FARM-06,OP-042,Daniel Garcia,10.0,FLD-013,Valley Field,169.83,2.8,10.2,None,0.0,None,0.68,Medium
LOG-06643,2022-07-09,EQ-061,Plntr,2022-07-14,FARM-06,OP-024,William Gonzalez,5.0,FLD-002,Hill Field,223.83,10.4,45.2,None,0.0,None,0.98,High
LOG-00204,2022-07-15,EQ-042,,2020-12-07,FARM-05,OP-006,John Davis,20.0,FLD-013,Valley Field,169.83,3.0,11.1,None,0.0,None,0.25,Low
LOG-03165,2024/05/07,EQ-075,Plntr,2023-03-06,FARM-01,OP-009,David Anderson,12.0,FLD-019,North Field,158.9,4.6,26.1,None,0.0,None,0.12,Low
LOG-03910,2024-07-06,EQ-022,Harvester,2019-02-25,FARM-06,OP-036,Jessica Anderson,14.0,FLD-012,River Field,258.49,11.2,34.9,None,0.0,None,0.78,High
LOG-00838,2022-03-11,EQ-099,Tractor,2021-12-11,FARM-02,OP-042,Daniel Garcia,10.0,FLD-014,River Field,281.66,4.0,13.6,None,0.0,None,0.49,Medium
LOG-05834,2024-11-06,EQ-006,Harvester,2017-08-10,FARM-09,OP-012,Daniel Wilson,18.0,FLD-015,West Field,216.02,7.8,51.9,Routine,526.03,None,0.27,Low
LOG-01231,2022-11-22,EQ-081,Harvester,2015-11-05,,OP-017,Emily Lopez,18.0,FLD-018,River Field,208.98,11.4,45.8,Routine,684.26,None,0.63,Medium
LOG-05304,2022-06-20,EQ-064,Tractor,2018-10-16,FARM-01,OP-035,Sarah Wilson,6.0,FLD-013,,169.83,1.6,4.9,None,0.0,None,0.86,High
LOG-01610,2023-05-25,EQ-088,Planter,2018-03-14,FARM-07,OP-023,Michael Smith,1.0,FLD-012,River Field,258.49,4.0,27.7,None,0.0,None,0.7,High
LOG-05702,18-05-2022,EQ-062,Planter,,FARM-08,OP-050,Michael Smith,4.0,FLD-016,Valley Field,341.89,6.7,26.2,None,0.0,None,0.44,Medium
LOG-04105,2024-03-28,EQ-099,Tractor,2021-12-11,FARM-02,OP-047,,18.0,FLD-018,River Field,208.98,5.8,39.7,None,0.0,None,0.52,Medium
LOG-06754,2023-10-25,EQ-095,Tractor,2017-01-31,FARM-02,OP-042,Daniel Garcia,10.0,FLD-003,Golden Field,66.67,4.1,15.5,None,0.0,None,0.46,Medium
LOG-04242,2022-01-16,EQ-072,Planter,2017-02-18,FARM-02,,Charles Wilson,2.0,FLD-012,River Field,258.49,4.3,30.2,None,0.0,None,0.04,Low
LOG-05366,2023-07-02,EQ-089,Planter,2016-09-26,FARM-04,OP-008,James Rodriguez,9.0,FLD-017,East Field,311.6,2.0,6.2,None,0.0,None,0.82,High
LOG-03759,2023-03-24,EQ-051,Tractor,2021-09-19,FARM-06,OP-030,Alice Jones,12.0,FLD-001,Sunny Field,222.94,8.8,45.1,None,0.0,None,0.4,Medium
LOG-05124,2022-02-02,EQ-094,Harvester,2015-08-21,FARM-09,OP-007,Emily Johnson,18.0,FLD-017,East Field,311.6,2.2,11.0,None,0.0,None,0.02,Low
LOG-05332,2023-06-06,EQ-006,Harvester,2017-08-10,FARM-09,OP-019,James Lopez,11.0,FLD-005,North Field,357.3,1.7,11.3,None,0.0,None,0.12,Low
LOG-02413,2024-02-29,EQ-012,Tractor,2016-01-15,FARM-07,OP-027,Emily Johnson,5.0,FLD-007,Golden Field,346.56,10.8,55.4,None,0.0,None,0.26,Low
LOG-02918,2024-12-31,EQ-091,Tractor,2023-05-22,FARM-06,OP-011,Sophia Jones,6.0,FLD-008,West Field,188.47,10.5,65.7,Routine,395.53,,0.19,Low
LOG-00658,2023/10/15,EQ-027,Harvester,,FARM-06,OP-035,Sarah Wilson,6.0,FLD-012,River Field,258.49,4.0,30.9,None,0.0,None,0.57,Medium
LOG-00791,2022-11-25,EQ-075,Planter,2023-03-06,FARM-01,OP-023,Michael Smith,1.0,FLD-012,River Field,258.49,10.4,71.8,None,0.0,None,0.5,Medium
LOG-05163,2024-10-07,EQ-092,Tractr,2015-07-25,FARM-10,OP-032,James Hernandez,8.0,FLD-020,West Field,220.65,8.6,54.9,None,0.0,None,0.4,Medium
LOG-04234,2024-06-12,EQ-034,Harvester,2023-05-10,,OP-047,Charles Hernandez,18.0,FLD-004,Sunny Field,103.14,5.7,22.7,None,0.0,None,0.78,High
LOG-01360,2024-01-08,EQ-004,Tractor,2021-08-15,FARM-07,OP-021,Chloe Jones,2.0,FLD-020,West Field,220.65,4.7,23.7,None,0.0,None,0.47,Medium
LOG-05203,2022-01-25,EQ-040,Planter,2021-09-08,FARM-02,OP-047,Charles Hernandez,18.0,FLD-005,North Field,357.3,7.7,30.2,None,0.0,None,0.24,Low
LOG-02348,2023-12-05,EQ-053,Sprayer,2018-06-13,FARM-04,OP-043,,1.0,FLD-005,North Field,357.3,11.3,65.2,None,0.0,None,0.67,Medium
LOG-04734,2022-09-19,EQ-063,Tractor,2017-10-12,FARM-04,OP-038,Grace Gonzalez,8.0,FLD-020,West Field,220.65,9.8,65.9,None,0.0,None,0.27,Low
LOG-03842,2023-06-19,EQ-064,Tractor,2018-10-16,FARM-01,OP-036,Jessica Anderson,14.0,FLD-018,River Field,208.98,1.2,3.6,None,0.0,None,0.6,Medium
LOG-06313,2022-10-01,EQ-092,Tractor,2015-07-25,FARM-10,OP-022,Robert Hernandez,14.0,FLD-005,North Field,357.3,7.1,38.1,None,0.0,None,0.09,Low
LOG-06110,03-12-2023,EQ-094,Harvester,2015-08-21,FARM-09,OP-037,John Williams,11.0,FLD-001,Sunny Field,222.94,9.0,43.5,None,0.0,None,0.9,High
LOG-05539,"February 19, 2023",,Harvester,2017-08-10,FARM-09,OP-047,Charles Hernandez,18.0,FLD-014,River Field,281.66,7.7,33.2,Routine,1429.19,None,0.65,Medium
LOG-05615,2023/09/24,EQ-034,Harvester,2023-05-10,FARM-09,OP-005,Daniel Garcia,3.0,FLD-008,West Field,188.47,3.1,23.1,None,0.0,None,0.65,Medium
LOG-05937,2023-08-17,EQ-014,Sprayer,2015-06-27,FARM-08,OP-009,David Anderson,12.0,FLD-010,Hill Field,,6.8,20.7,None,0.0,None,0.64,Medium
LOG-03126,"September 07, 2024",EQ-066,Tractor,2015-10-18,FARM-01,OP-018,David Jones,10.0,FLD-007,,346.56,9.0,54.7,Inspection,938.66,None,0.4,Medium
LOG-03765,2023-12-16,EQ-046,Harvester,2020-02-02,FARM-01,OP-049,Michael Williams,19.0,FLD-010,Hill Field,315.35,2.6,7.8,Repair,142.88,Tire,,High
LOG-05974,2022-06-09,EQ-056,Tractor,2023-07-13,FARM-09,OP-019,James Lopez,11.0,FLD-010,Hill Field,315.35,,49.9,None,0.0,None,0.84,High
LOG-01781,2023-12-20,EQ-099,Tractor,2021-12-11,FARM-02,OP-007,Emily Johnson,18.0,FLD-014,River Field,281.66,11.4,73.2,None,0.0,None,0.38,Medium
LOG-03948,2023-09-08,EQ-052,Plntr,2015-03-21,FARM-02,OP-032,James Hernandez,8.0,FLD-002,Hill Field,223.83,11.7,76.7,None,0.0,None,0.08,Low
LOG-00804,2022-05-20,EQ-004,Tractor,2021-08-15,FARM-07,OP-007,Emily Johnson,18.0,FLD-002,Hill Field,223.83,6.5,20.4,Inspection,926.65,None,0.33,Medium
LOG-00858,2023-10-04,EQ-098,Harvester,2021-06-29,FARM-10,OP-017,Emily Lopez,18.0,FLD-017,East Field,311.6,5.8,22.2,None,0.0,None,0.49,Medium
LOG-01732,2022-09-04,EQ-026,Planter,,FARM-09,OP-042,Daniel Garcia,10.0,FLD-007,Golden Field,346.56,4.3,14.2,None,0.0,None,0.52,Medium
LOG-03342,2022-04-20,,Tractor,2023-05-22,FARM-06,OP-038,Grace Gonzalez,8.0,FLD-019,North Field,158.9,5.3,41.8,Inspection,118.67,None,0.76,High
LOG-06532,2024-05-12,EQ-092,Tractor,2015-07-25,FARM-10,OP-050,Michael Smith,4.0,FLD-002,Hill Field,223.83,10.0,61.6,None,0.0,None,0.88,High
LOG-00220,2023-05-17,EQ-087,Tractor,2019-05-19,FARM-05,OP-046,Michael Garcia,17.0,FLD-002,Hill Field,223.83,9.1,45.6,None,0.0,None,0.22,Low
LOG-01289,2023-08-17,EQ-088,Planter,2018-03-14,FARM-07,OP-010,Robert Anderson,8.0,FLD-017,East Field,311.6,7.9,49.9,None,0.0,None,0.29,Low
LOG-00583,2022-10-04,EQ-077,Sprayer,2023-12-24,FARM-02,OP-002,James Hernandez,11.0,FLD-017,East Field,311.6,11.9,53.7,None,0.0,None,0.23,Low
LOG-00044,2023-09-15,EQ-057,Harvester,2016-06-09,FARM-08,OP-008,James Rodriguez,9.0,FLD-015,West Field,216.02,8.7,67.1,None,0.0,None,0.49,Medium
LOG-01235,2022-08-16,EQ-082,Tractor,2015-07-27,FARM-09,OP-038,Grace Gonzalez,8.0,FLD-004,Sunny Field,103.14,6.1,36.5,Repair,459.57,Belt,0.1,Low
LOG-05823,2022-12-15,EQ-070,Harvester,2021-01-17,FARM-03,OP-005,Daniel Garcia,3.0,FLD-014,River Field,281.66,11.3,45.5,None,0.0,None,0.47,Medium
LOG-06774,2023-05-09,EQ-014,Sprayer,2015-06-27,FARM-08,OP-045,Michael Wilson,3.0,FLD-004,,103.14,7.9,62.9,None,0.0,None,0.76,High
LOG-01893,"June 05, 2023",EQ-084,Harvstr,2019-07-23,FARM-08,OP-003,Sarah Jones,13.0,FLD-008,West Field,188.47,5.3,16.0,None,0.0,None,0.23,Low
LOG-04240,"January 19, 2023",EQ-044,,2023-08-15,FARM-06,OP-024,William Gonzalez,5.0,FLD-014,River Field,281.66,11.5,58.9,None,0.0,None,0.96,High
LOG-06123,2024-05-25,EQ-004,Tractor,2021-08-15,FARM-07,OP-043,Sarah Brown,1.0,FLD-005,North Field,357.3,1.6,7.2,,0.0,None,0.62,Medium
LOG-03867,2023-12-05,EQ-001,Tractor,2015-04-13,FARM-05,OP-034,Grace Martinez,5.0,FLD-011,South Field,362.68,6.5,,None,0.0,None,0.31,Medium
LOG-05786,2023-12-07,EQ-047,Sprayer,2020-08-12,FARM-03,OP-041,Chloe Brown,7.0,FLD-020,West Field,220.65,8.6,52.8,None,0.0,None,0.8,High
LOG-01072,2024-01-24,EQ-096,Tractor,2022-07-28,FARM-04,OP-008,James Rodriguez,9.0,FLD-019,North Field,158.9,2.4,11.0,None,0.0,None,0.73,High
LOG-00719,16-12-2022,EQ-013,Tractor,2019-01-10,FARM-06,OP-030,Alice Jones,12.0,FLD-020,West Field,220.65,10.2,33.9,None,0.0,None,0.12,Low
LOG-02365,2024-04-25,EQ-008,Planter,2017-06-21,FARM-08,OP-029,David Miller,5.0,FLD-019,North Field,158.9,3.4,23.3,None,0.0,None,0.95,High
LOG-01506,2024-05-04,EQ-061,Planter,2022-07-14,FARM-06,OP-025,Michael Williams,15.0,FLD-003,Golden Field,66.67,11.5,85.3,None,0.0,None,0.71,High
LOG-00671,2022-08-11,EQ-052,Planter,2015-03-21,FARM-02,OP-005,,3.0,FLD-020,West Field,220.65,8.5,50.8,None,0.0,None,,Medium
LOG-05596,2022-02-23,,Harvester,2018-02-14,FARM-08,OP-041,Chloe Brown,,FLD-004,,103.14,9.4,73.3,None,0.0,None,0.54,Medium
LOG-03978,2023-04-18,EQ-055,Tractor,2015-12-17,FARM-08,OP-002,James Hernandez,11.0,FLD-001,Sunny Field,222.94,11.9,86.3,Routine,1435.16,None,0.64,Medium
LOG-00898,2022-07-28,EQ-097,Planter,2016-05-06,FARM-10,OP-008,James Rodriguez,9.0,FLD-004,Sunny Field,103.14,10.1,32.4,Repair,963.39,Blade,0.21,Low
LOG-06717,18-10-2022,EQ-085,Planter,2017-05-25,FARM-07,OP-001,William Anderson,9.0,FLD-002,Hill Field,223.83,4.2,20.2,Repair,1279.73,Engine,0.52,Medium
LOG-02805,2024-04-02,EQ-072,Planter,2017-02-18,FARM-02,OP-028,Alice Wilson,12.0,FLD-003,Golden Field,66.67,8.5,44.3,None,0.0,None,0.21,Low
LOG-04881,2024-03-24,EQ-077,Sprayer,2023-12-24,FARM-02,OP-024,William Gonzalez,5.0,FLD-005,North Field,357.3,1.5,9.4,None,0.0,None,0.19,Low
LOG-02642,05-01-2024,EQ-018,Tractor,2015-07-07,FARM-04,OP-030,Alice Jones,12.0,FLD-008,West Field,188.47,8.0,31.7,None,0.0,None,0.94,High
LOG-06048,2022-10-16,EQ-074,Sprayer,2019-10-01,FARM-07,OP-023,Michael Smith,1.0,FLD-015,West Field,216.02,4.7,26.7,None,0.0,None,0.2,Low
LOG-02923,2022-05-23,EQ-073,Tractor,2022-05-23,FARM-07,OP-045,Michael Wilson,3.0,FLD-020,,220.65,-3.2,25.0,Repair,55.48,Blade,0.4,Medium
LOG-06484,2024-01-18,EQ-031,Sprayer,2017-05-20,FARM-08,OP-043,Sarah Brown,1.0,FLD-007,Golden Field,346.56,7.1,35.9,None,0.0,None,0.83,High
LOG-02877,2024-05-05,EQ-093,Planter,2020-08-21,FARM-09,OP-016,David Jones,4.0,FLD-011,South Field,362.68,2.5,8.2,Inspection,1478.91,,0.3,Medium
LOG-02583,2024-04-23,EQ-028,Tractor,2017-07-27,FARM-01,OP-002,James Hernandez,11.0,FLD-019,North Field,158.9,7.3,23.5,None,0.0,None,0.26,Low
LOG-05331,2022-12-29,EQ-086,Tractor,2016-11-05,FARM-07,OP-033,Emily Garcia,18.0,,River Field,281.66,5.5,23.4,None,0.0,None,0.98,High
LOG-01875,2023-08-20,EQ-014,Sprayer,2015-06-27,FARM-08,OP-018,David Jones,10.0,FLD-019,North Field,158.9,7.8,,None,0.0,None,0.29,Low
LOG-02371,2024-04-21,EQ-004,Tractor,2021-08-15,,,Michael Wilson,3.0,FLD-017,East Field,311.6,9.8,72.3,None,0.0,None,0.23,Low
LOG-01770,2022-11-23,EQ-019,Sprayer,2015-11-23,FARM-04,OP-039,Michael Williams,4.0,FLD-011,South Field,362.68,10.4,61.0,None,0.0,None,0.79,High
LOG-05081,,EQ-015,Tractor,2019-03-31,FARM-02,OP-006,John Davis,20.0,FLD-011,South Field,362.68,7.9,62.0,Routine,989.46,None,0.03,Low
LOG-03007,2022-10-07,EQ-027,Harvstr,2022-09-05,FARM-06,OP-046,Michael Garcia,17.0,FLD-002,Hill Field,223.83,7.2,24.8,None,0.0,None,0.91,High
LOG-01984,2023-05-31,EQ-028,Tractor,2017-07-27,FARM-01,OP-007,Emily Johnson,18.0,FLD-010,Hill Field,315.35,1.9,14.0,None,0.0,None,0.3,Medium
LOG-00532,2024-05-13,EQ-061,Planter,2022-07-14,FARM-06,OP-001,William Anderson,9.0,FLD-006,North Field,264.76,6.5,51.9,None,0.0,None,0.52,Medium
LOG-05007,2023-09-02,EQ-023,Harvester,2022-07-08,FARM-05,OP-034,Grace Martinez,5.0,FLD-008,West Field,188.47,9.9,71.3,None,0.0,None,0.72,High
LOG-03076,2023-05-21,EQ-004,Tractor,2021-08-15,FARM-07,OP-008,James Rodriguez,9.0,FLD-013,Valley Field,169.83,7.2,31.4,None,0.0,None,0.76,High
LOG-03506,2023/06/29,EQ-023,Harvester,2022-07-08,FARM-05,OP-010,Robert Anderson,8.0,FLD-001,Sunny Field,222.94,9.4,68.6,Routine,637.13,None,0.94,High
LOG-02987,"February 27, 2022",EQ-015,Tractor,2019-03-31,FARM-02,OP-041,Chloe Brown,7.0,FLD-020,West Field,220.65,8.0,37.3,Routine,1323.82,None,0.55,Medium
LOG-02164,2023-06-08,EQ-041,Planter,2019-04-13,FARM-10,OP-012,Daniel Wilson,18.0,FLD-002,Hill Field,223.83,7.7,42.4,None,0.0,None,0.3,Medium
LOG-00732,2023-10-30,EQ-031,Sprayer,2017-05-20,FARM-08,OP-047,Charles Hernandez,18.0,,West Field,216.02,5.6,37.7,None,0.0,None,0.24,Low
LOG-02340,2022-09-02,EQ-096,Tractor,2022-07-28,FARM-04,OP-034,Grace Martinez,5.0,FLD-007,Golden Field,346.56,11.4,35.9,,0.0,None,0.96,High
LOG-05083,2022-10-10,EQ-005,,2015-05-03,FARM-02,OP-042,Daniel Garcia,10.0,FLD-018,River Field,208.98,2.4,12.9,None,0.0,None,0.88,High
LOG-02233,2022-03-15,EQ-030,Tractor,2017-05-14,FARM-10,OP-020,James Hernandez,9.0,FLD-001,Sunny Field,222.94,10.4,76.1,None,0.0,None,0.74,High
LOG-03911,2023-11-10,EQ-006,,,FARM-09,OP-049,Michael Williams,19.0,FLD-005,North Field,357.3,,21.4,None,0.0,None,0.6,Medium
LOG-04437,2024-11-10,,Harvester,2016-09-18,FARM-06,OP-024,William Gonzalez,5.0,FLD-004,Sunny Field,103.14,9.7,37.2,None,,None,0.09,Low
LOG-01256,2023-10-04,EQ-045,Tractor,2018-04-17,FARM-07,OP-026,Grace Rodriguez,1.0,FLD-003,Golden Field,66.67,6.4,20.7,None,0.0,None,0.97,High
LOG-02105,2024-11-28,EQ-099,Tractor,2021-12-11,FARM-02,OP-031,Alice Anderson,12.0,FLD-013,Valley Field,169.83,8.8,55.7,Inspection,,None,0.35,Medium
LOG-05631,2024-11-23,EQ-073,Tractor,2022-05-23,FARM-07,OP-013,Laura Martinez,17.0,FLD-003,Golden Field,66.67,1.9,10.0,Repair,269.97,Hydraulics,0.21,Low
LOG-03584,2024-05-09,,Harvester,2020-02-02,FARM-01,OP-008,James Rodriguez,9.0,FLD-005,North Field,357.3,2.9,18.3,Routine,832.48,None,0.89,High
LOG-00899,2024-06-23,EQ-047,Sprayer,2020-08-12,FARM-03,OP-011,Sophia Jones,6.0,FLD-010,Hill Field,315.35,9.4,51.6,None,0.0,None,0.16,Low
LOG-00429,2024-04-05,EQ-071,Planter,2017-09-22,FARM-08,OP-042,Daniel Garcia,10.0,FLD-013,Valley Field,169.83,10.0,33.9,None,0.0,None,0.57,Medium
LOG-04826,2023-01-15,EQ-072,Planter,2017-02-18,FARM-02,OP-049,Michael Williams,19.0,FLD-015,West Field,216.02,5.5,19.1,None,0.0,None,0.2,Low
LOG-06330,2022-08-13,EQ-047,Sprayer,2020-08-12,FARM-03,OP-038,,8.0,,Valley Field,169.83,4.7,32.5,None,0.0,None,0.27,Low
LOG-05474,"August 04, 2022",EQ-003,Tractor,2022-08-03,FARM-09,OP-031,Alice Anderson,12.0,FLD-012,River Field,258.49,4.0,28.6,None,0.0,None,0.43,Medium
LOG-06331,10-12-2023,EQ-034,Harvester,2023-05-10,FARM-09,OP-013,Laura Martinez,17.0,,River Field,208.98,11.2,70.6,None,,None,0.48,Medium
LOG-01223,2024-10-27,EQ-070,,2021-01-17,FARM-03,OP-007,Emily Johnson,,FLD-015,West Field,216.02,7.4,23.4,None,0.0,None,0.42,Medium
LOG-05015,2024-03-14,EQ-098,,2021-06-29,FARM-10,OP-039,Michael Williams,4.0,FLD-011,South Field,362.68,5.8,31.0,Routine,572.79,None,0.52,Medium
LOG-05276,2023-01-12,EQ-044,Sprayer,2023-08-15,FARM-06,OP-045,Michael Wilson,3.0,FLD-009,South Field,474.95,1.0,7.5,None,0.0,None,0.99,
LOG-03985,2022-03-11,EQ-096,Tractr,2022-07-28,FARM-04,,Alice Anderson,12.0,FLD-015,West Field,216.02,1.2,6.1,None,0.0,None,0.92,High
LOG-05925,31-07-2022,EQ-082,Tractor,2015-07-27,FARM-09,OP-043,Sarah Brown,1.0,FLD-009,South Field,,9.8,66.0,Routine,1138.13,None,0.37,Medium
LOG-03608,2024-05-22,EQ-091,,2023-05-22,FARM-06,OP-042,Daniel Garcia,10.0,FLD-001,Sunny Field,222.94,1.5,5.2,None,0.0,None,0.45,Medium
LOG-01097,2024-11-11,EQ-046,Harvester,2020-02-02,FARM-01,OP-039,Michael Williams,4.0,FLD-018,River Field,208.98,3.3,11.5,None,0.0,None,0.24,Low
LOG-02073,2024-02-07,EQ-070,Harvester,2021-01-17,FARM-03,OP-012,Daniel Wilson,18.0,FLD-011,South Field,362.68,4.0,15.7,None,0.0,None,0.46,Medium
LOG-06318,2024-01-12,EQ-035,Sprayer,2023-05-18,FARM-10,OP-004,David Hernandez,10.0,FLD-001,Sunny Field,222.94,7.8,37.7,None,0.0,None,0.27,Low
LOG-05613,2022-03-29,EQ-034,Harvester,2023-05-10,FARM-09,OP-015,Laura Anderson,4.0,FLD-016,Valley Field,341.89,3.1,,None,0.0,None,0.57,Medium
LOG-05903,2023-07-17,EQ-036,Planter,2021-07-18,FARM-07,OP-048,William Smith,4.0,FLD-017,East Field,311.6,5.5,29.9,None,0.0,None,0.06,Low
LOG-01789,2022-03-31,EQ-023,Harvester,2022-07-08,,OP-050,Michael Smith,4.0,FLD-013,,169.83,4.3,17.7,None,0.0,None,0.58,Medium
LOG-05068,2023-11-15,EQ-024,Tractor,2021-10-31,FARM-03,OP-031,Alice Anderson,12.0,FLD-017,East Field,311.6,3.5,20.5,None,,None,0.77,
LOG-03018,2022-08-27,EQ-050,Harvester,2021-01-18,FARM-09,OP-046,Michael Garcia,17.0,FLD-006,North Field,264.76,7.1,28.0,None,0.0,None,0.46,Medium
LOG-00529,2023-07-06,EQ-071,Planter,2017-09-22,FARM-08,OP-017,Emily Lopez,18.0,,West Field,188.47,6.2,37.6,None,0.0,None,0.5,Medium
LOG-03108,2023-09-01,EQ-046,Harvester,2020-02-02,FARM-01,OP-039,Michael Williams,4.0,FLD-019,North Field,158.9,1.4,6.1,Routine,1139.4,None,0.27,Low
LOG-00193,2023-08-18,EQ-045,Tractor,2018-04-17,FARM-07,OP-050,Michael Smith,4.0,FLD-005,North Field,357.3,1.5,11.7,Routine,1389.81,None,0.65,Medium
LOG-04526,,EQ-074,Sprayer,2019-10-01,FARM-07,OP-006,John Davis,20.0,,Sunny Field,103.14,8.5,56.9,None,0.0,None,0.65,Medium
LOG-01127,2023-06-29,EQ-086,Tractor,2016-11-05,FARM-07,OP-013,Laura Martinez,17.0,FLD-016,Valley Field,341.89,2.3,12.5,None,0.0,,0.68,Medium
LOG-03722,2022-08-01,,Tractor,2016-01-18,FARM-04,OP-030,Alice Jones,12.0,FLD-008,West Field,188.47,11.9,48.6,None,0.0,None,0.31,Medium
LOG-03160,2022/12/02,EQ-004,Tractor,2021-08-15,FARM-07,OP-025,Michael Williams,15.0,FLD-012,River Field,258.49,8.7,43.2,Inspection,695.42,None,0.79,High
LOG-03314,2023-12-26,EQ-006,Harvester,2017-08-10,FARM-09,OP-003,Sarah Jones,13.0,FLD-001,Sunny Field,222.94,2.4,10.3,None,0.0,None,0.77,High
LOG-00305,2024-02-26,EQ-018,Tractor,2015-07-07,FARM-04,OP-049,Michael Williams,19.0,FLD-004,Sunny Field,,4.9,25.2,,0.0,None,0.25,Low
LOG-04011,2022-02-13,EQ-097,Planter,2016-05-06,FARM-10,OP-048,William Smith,4.0,FLD-019,North Field,158.9,5.9,41.6,None,0.0,None,0.77,High
LOG-01293,2022-03-07,EQ-011,Harvester,2017-05-31,FARM-06,OP-019,James Lopez,,,West Field,188.47,6.2,29.6,None,0.0,None,0.63,Medium
LOG-00071,2023-08-10,,Harvester,2017-02-23,FARM-04,OP-048,William Smith,4.0,FLD-016,Valley Field,341.89,,39.4,None,0.0,None,0.22,Low
LOG-02727,2023-12-18,EQ-034,Harvester,2023-05-10,FARM-09,OP-004,David Hernandez,10.0,FLD-006,North Field,264.76,7.8,47.3,None,0.0,None,0.33,Medium
LOG-03845,2024-11-15,EQ-008,Planter,2017-06-21,FARM-08,OP-039,Michael Williams,4.0,,North Field,357.3,9.8,36.6,None,0.0,None,0.72,High
LOG-02880,2023-08-01,EQ-090,Sprayer,2017-06-10,FARM-01,OP-040,Charles Wilson,2.0,FLD-003,Golden Field,66.67,10.5,35.6,Inspection,1291.43,None,0.15,Low
LOG-00832,"April 29, 2023",EQ-075,Planter,2023-03-06,,OP-048,William Smith,4.0,FLD-013,Valley Field,169.83,11.3,46.2,Repair,360.46,Engine,0.44,Medium
LOG-05087,2022-03-20,EQ-096,Tractor,2022-07-28,FARM-04,OP-007,Emily Johnson,18.0,FLD-016,Valley Field,341.89,6.8,27.9,None,0.0,None,0.78,High
LOG-01457,2024-06-09,EQ-059,Planter,2017-05-17,FARM-09,OP-038,Grace Gonzalez,,FLD-019,North Field,158.9,9.0,48.3,None,0.0,,0.72,High
LOG-04259,2022-07-08,EQ-091,Tractr,2023-05-22,FARM-06,OP-022,Robert Hernandez,14.0,FLD-008,West Field,188.47,9.9,46.0,None,0.0,None,0.31,Medium
LOG-00239,2024-12-25,EQ-063,Tractor,2017-10-12,FARM-04,OP-002,James Hernandez,11.0,FLD-001,Sunny Field,222.94,7.1,21.7,None,0.0,None,0.28,Low
LOG-00093,2024-07-18,EQ-077,,2023-12-24,FARM-02,OP-034,Grace Martinez,5.0,FLD-010,Hill Field,,6.6,34.0,None,0.0,None,0.12,Low
LOG-02657,"November 11, 2024",EQ-053,Sprayer,2018-06-13,,OP-035,Sarah Wilson,6.0,FLD-015,West Field,216.02,10.4,45.2,None,0.0,None,0.47,Medium
LOG-03443,2022-05-09,EQ-047,,2020-08-12,FARM-03,OP-013,Laura Martinez,17.0,FLD-002,Hill Field,223.83,4.5,14.4,Routine,495.6,None,0.02,Low
LOG-02998,2023/09/30,EQ-027,Harvester,2022-09-05,FARM-06,OP-007,Emily Johnson,18.0,FLD-003,,66.67,1.7,12.6,None,0.0,None,0.65,Medium
LOG-05606,2023-04-10,EQ-070,Harvstr,2021-01-17,FARM-03,OP-015,Laura Anderson,4.0,FLD-002,Hill Field,,7.2,40.6,Routine,1119.55,None,0.63,Medium
LOG-03218,2024-10-21,EQ-041,Planter,,,OP-019,James Lopez,11.0,FLD-017,East Field,311.6,8.9,42.6,None,0.0,None,0.6,Medium
LOG-04393,2024-08-12,EQ-090,Sprayer,2017-06-10,FARM-01,,James Hernandez,8.0,FLD-017,East Field,311.6,10.6,82.6,None,0.0,None,0.2,Low
LOG-04388,2023-01-22,EQ-044,Sprayer,2023-08-15,FARM-06,OP-007,Emily Johnson,18.0,FLD-007,Golden Field,346.56,8.8,59.1,None,0.0,None,0.35,Medium
LOG-01002,2022-12-30,EQ-014,Sprayer,2015-06-27,FARM-08,OP-044,James Miller,11.0,FLD-018,River Field,208.98,1.4,,None,0.0,None,0.19,Low
LOG-03188,2022/03/28,EQ-065,Harvester,2021-08-07,FARM-04,OP-004,David Hernandez,10.0,FLD-007,Golden Field,346.56,7.9,24.2,None,0.0,None,0.52,Medium
LOG-06709,2023-01-21,EQ-027,Harvester,2022-09-05,FARM-06,OP-013,Laura Martinez,17.0,FLD-013,Valley Field,169.83,2.0,14.8,None,0.0,None,0.45,Medium
LOG-02378,14-02-2024,EQ-026,Planter,,FARM-09,OP-008,James Rodriguez,,FLD-007,Golden Field,346.56,7.8,,Inspection,1174.57,None,0.18,Low
LOG-06259,2022-10-21,EQ-020,Tractor,2019-04-06,FARM-05,OP-009,David Anderson,12.0,FLD-002,Hill Field,223.83,10.1,34.7,None,0.0,None,0.62,Medium
LOG-05217,2022-05-19,EQ-077,Sprayer,2023-12-24,FARM-02,OP-014,John Hernandez,18.0,FLD-015,West Field,216.02,5.1,31.2,Routine,701.25,,0.54,Medium
LOG-02517,"August 28, 2024",EQ-070,Harvester,2021-01-17,FARM-03,OP-036,Jessica Anderson,14.0,FLD-008,West Field,188.47,3.9,28.4,None,0.0,None,0.55,Medium
LOG-01533,"September 16, 2023",EQ-009,Sprayer,2015-01-27,FARM-03,OP-049,Michael Williams,19.0,FLD-014,River Field,281.66,2.0,14.6,None,0.0,None,0.68,Medium
LOG-02411,"October 15, 2022",,Tractor,2015-07-25,FARM-10,OP-004,David Hernandez,10.0,FLD-001,Sunny Field,222.94,5.6,32.5,None,0.0,None,0.31,Medium
LOG-05495,2022/05/15,EQ-020,Tractor,2019-04-06,FARM-05,OP-047,Charles Hernandez,18.0,FLD-003,Golden Field,66.67,10.2,50.1,None,0.0,None,0.52,Medium
LOG-00412,2023-09-09,EQ-027,Harvester,2022-09-05,FARM-06,OP-045,Michael Wilson,3.0,FLD-001,Sunny Field,222.94,5.6,19.6,None,0.0,None,0.62,Medium
LOG-06145,2024-11-23,EQ-083,Tractor,2016-01-18,FARM-04,OP-041,Chloe Brown,7.0,FLD-004,Sunny Field,103.14,10.1,75.9,Repair,652.32,Engine,0.85,High
LOG-06716,2024-03-07,,Planter,,FARM-07,OP-030,Alice Jones,12.0,FLD-009,South Field,474.95,2.3,9.6,None,0.0,None,0.6,Medium
LOG-06462,2022-05-12,EQ-044,Sprayer,2023-08-15,FARM-06,OP-003,Sarah Jones,13.0,FLD-019,North Field,158.9,,38.2,None,0.0,None,0.63,Medium
LOG-05138,2022-02-23,EQ-002,Harvester,2017-07-03,FARM-03,OP-039,Michael Williams,4.0,FLD-005,North Field,357.3,11.0,51.8,None,0.0,None,0.66,Medium
LOG-03642,2023-11-29,EQ-062,Planter,2020-10-20,FARM-08,OP-015,Laura Anderson,4.0,FLD-009,South Field,,3.7,27.7,None,0.0,None,0.06,Low
LOG-05982,13-03-2023,EQ-026,Planter,2018-01-10,FARM-09,OP-038,Grace Gonzalez,8.0,FLD-002,Hill Field,223.83,5.7,2540.0,None,0.0,None,0.84,High
LOG-02800,2022-06-16,EQ-074,Sprayer,2019-10-01,FARM-07,OP-042,Daniel Garcia,10.0,FLD-009,,474.95,7.8,53.5,None,0.0,None,0.64,Medium
LOG-06382,2024-10-06,EQ-100,Planter,2022-05-16,FARM-10,OP-037,John Williams,11.0,,West Field,216.02,6.6,31.6,None,0.0,None,0.36,
LOG-05326,2022/07/18,EQ-014,Sprayer,2015-06-27,FARM-08,,James Rodriguez,9.0,FLD-010,Hill Field,315.35,5.2,25.2,None,0.0,None,0.94,High
LOG-02604,2024-09-01,EQ-002,Harvester,2017-07-03,FARM-03,OP-022,Robert Hernandez,14.0,FLD-015,West Field,216.02,7.7,24.3,,402.92,None,0.34,Medium
LOG-00634,2023-09-04,EQ-005,Tractor,2015-05-03,FARM-02,OP-043,Sarah Brown,1.0,FLD-019,North Field,158.9,4.6,15.8,Repair,1490.92,Belt,0.67,Medium
LOG-00499,2024-06-02,EQ-078,Harvester,2017-02-23,FARM-04,OP-035,Sarah Wilson,,FLD-001,Sunny Field,222.94,6.7,32.5,Routine,818.23,None,0.23,Low
LOG-02464,2023-09-17,EQ-039,Tractor,2016-09-18,FARM-03,OP-029,David Miller,5.0,FLD-001,Sunny Field,222.94,6.5,36.4,None,0.0,None,0.58,Medium
LOG-06780,2022-06-12,EQ-023,Harvester,2022-07-08,FARM-05,OP-038,Grace Gonzalez,8.0,FLD-017,East Field,311.6,1.7,5.2,Routine,443.94,None,0.91,High
LOG-00638,2022-04-30,EQ-027,Harvester,2022-09-05,FARM-06,,Michael Wilson,3.0,FLD-007,Golden Field,346.56,2.2,14.6,None,0.0,None,0.98,High
LOG-00721,2022-09-05,EQ-087,Tractor,2019-05-19,FARM-05,OP-026,Grace Rodriguez,1.0,FLD-011,South Field,362.68,11.7,68.8,Repair,1262.82,Blade,,Low
LOG-00289,2023-12-20,EQ-027,Harvester,2022-09-05,FARM-06,OP-014,John Hernandez,18.0,FLD-002,Hill Field,223.83,6.9,41.3,Inspection,1469.55,None,0.3,Medium
LOG-00758,"December 25, 2023",EQ-099,Tractor,2021-12-11,FARM-02,OP-004,David Hernandez,10.0,FLD-005,North Field,357.3,4.1,31.9,None,0.0,None,0.17,Low
LOG-02514,2024-07-28,EQ-021,Planter,2022-02-16,FARM-06,OP-026,Grace Rodriguez,1.0,FLD-005,North Field,357.3,1.4,7.0,None,0.0,None,0.89,High
LOG-02749,2022-07-30,EQ-052,Planter,2015-03-21,FARM-02,OP-017,Emily Lopez,18.0,FLD-013,,169.83,10.9,40.4,Routine,950.18,None,0.13,Low
LOG-05329,2023-06-18,EQ-096,Tractor,2022-07-28,FARM-04,OP-009,David Anderson,12.0,FLD-020,West Field,220.65,9.4,63.4,None,0.0,None,0.63,Medium
LOG-05169,2024-04-19,EQ-012,Tractor,2016-01-15,FARM-07,OP-037,John Williams,11.0,FLD-001,Sunny Field,222.94,5.4,24.9,None,0.0,None,0.32,Medium
LOG-03407,2023-08-11,EQ-048,Tractor,2022-01-05,FARM-05,OP-040,Charles Wilson,2.0,FLD-009,South Field,474.95,8.2,63.2,None,0.0,None,0.71,High
LOG-00597,2023-04-24,EQ-019,Sprayer,2015-11-23,FARM-04,OP-029,David Miller,5.0,FLD-002,Hill Field,223.83,3.2,15.6,None,0.0,None,0.85,High
LOG-06776,2023-05-19,EQ-057,Harvester,2016-06-09,FARM-08,OP-035,Sarah Wilson,6.0,FLD-006,North Field,264.76,5.3,32.7,None,0.0,None,0.19,Low
LOG-01069,2022-07-05,EQ-069,Harvester,2018-02-14,FARM-08,OP-041,Chloe Brown,7.0,FLD-016,Valley Field,341.89,9.8,45.7,None,,None,0.57,Medium
LOG-01943,2023-05-09,EQ-044,Sprayer,2023-08-15,FARM-06,OP-023,Michael Smith,1.0,FLD-016,Valley Field,341.89,6.9,37.7,None,0.0,None,0.56,Medium
LOG-01648,2023-08-23,EQ-058,Harvester,2017-12-21,FARM-09,OP-049,Michael Williams,19.0,FLD-007,Golden Field,,11.4,58.5,None,0.0,None,0.09,Low
LOG-06076,07-02-2022,EQ-090,Sprayer,2017-06-10,FARM-01,OP-037,John Williams,11.0,FLD-005,North Field,357.3,11.0,78.5,None,0.0,,0.31,Medium
LOG-01701,2023-10-15,EQ-058,Harvester,2017-12-21,FARM-09,OP-043,Sarah Brown,1.0,FLD-003,Golden Field,66.67,10.5,78.5,Routine,236.36,None,0.76,High
LOG-05610,"November 10, 2024",EQ-015,Tractor,2019-03-31,FARM-02,OP-020,James Hernandez,9.0,FLD-008,West Field,188.47,6.0,31.0,None,0.0,None,0.64,Medium
LOG-04715,2022-04-11,,Tractor,2022-01-05,FARM-05,OP-014,John Hernandez,18.0,FLD-008,West Field,188.47,6.9,45.9,Repair,1052.16,Belt,0.65,Medium
LOG-02667,2022-07-26,EQ-003,Tractor,2022-08-03,FARM-09,OP-023,Michael Smith,1.0,FLD-004,Sunny Field,103.14,11.9,46.5,Inspection,1323.34,None,0.31,Medium
LOG-03915,2023-07-25,EQ-078,Harvester,2017-02-23,FARM-04,OP-001,William Anderson,9.0,FLD-010,Hill Field,,6.7,51.2,None,0.0,None,0.67,Medium
LOG-00087,04-01-2024,EQ-004,Tractor,2021-08-15,FARM-07,OP-009,David Anderson,12.0,FLD-001,Sunny Field,222.94,9.7,40.6,None,0.0,None,0.18,Low
LOG-02309,2024/02/07,EQ-037,Sprayer,2017-06-17,FARM-03,OP-020,,9.0,FLD-019,North Field,158.9,10.5,32.6,None,0.0,None,0.46,Medium
LOG-04711,"October 18, 2024",EQ-063,Tractor,2017-10-12,FARM-04,OP-047,Charles Hernandez,18.0,FLD-014,River Field,281.66,11.3,78.1,None,0.0,None,0.85,High
LOG-03307,17-07-2022,EQ-055,Tractor,2015-12-17,FARM-08,OP-035,Sarah Wilson,6.0,FLD-017,East Field,311.6,1.5,11.2,None,0.0,None,0.66,Medium
LOG-02816,2022-08-17,EQ-095,Tractor,2017-01-31,FARM-02,OP-005,Daniel Garcia,3.0,FLD-015,West Field,216.02,5.6,30.9,None,0.0,None,0.39,Medium
LOG-01030,2022-06-12,EQ-095,Tractor,2017-01-31,FARM-02,OP-028,Alice Wilson,12.0,FLD-008,West Field,188.47,1.7,8.3,None,0.0,None,0.16,Low
LOG-05436,2022-07-30,EQ-066,Tractor,2015-10-18,FARM-01,OP-014,John Hernandez,18.0,FLD-010,Hill Field,315.35,7.2,22.0,None,0.0,None,0.89,High
LOG-05614,2024-04-10,EQ-006,Harvester,2017-08-10,FARM-09,OP-021,Chloe Jones,2.0,FLD-014,River Field,281.66,9.4,60.3,None,0.0,None,0.92,High
LOG-02145,2023-12-03,EQ-037,Sprayer,2017-06-17,FARM-03,OP-034,Grace Martinez,5.0,FLD-004,Sunny Field,103.14,4.5,34.9,Inspection,1323.95,None,0.63,Medium
LOG-04374,2022-03-15,EQ-003,Tractor,2022-08-03,FARM-09,OP-016,David Jones,4.0,FLD-007,Golden Field,346.56,10.7,51.9,Routine,1047.49,None,0.81,High
LOG-01201,2024/11/02,EQ-011,Harvester,2017-05-31,FARM-06,OP-044,James Miller,11.0,FLD-014,River Field,281.66,6.0,44.3,None,0.0,None,0.05,Low
LOG-02026,2022-02-05,EQ-067,Harvester,2015-10-04,FARM-01,OP-009,David Anderson,12.0,FLD-018,River Field,208.98,10.2,80.6,None,0.0,None,0.89,High
LOG-00622,2024-03-04,EQ-051,Tractor,2021-09-19,FARM-06,OP-048,William Smith,4.0,FLD-002,Hill Field,223.83,6.7,,Routine,472.21,None,0.4,Medium
LOG-02203,2023-11-02,EQ-073,Tractor,2022-05-23,FARM-07,OP-020,James Hernandez,9.0,,Golden Field,66.67,4.7,20.2,None,0.0,None,0.66,Medium
LOG-00567,2023-12-14,EQ-073,Tractor,2022-05-23,FARM-07,,Daniel Wilson,18.0,FLD-018,River Field,208.98,4.6,24.6,None,0.0,None,0.6,Medium
LOG-01838,2022-05-18,EQ-026,Planter,2018-01-10,FARM-09,OP-039,Michael Williams,4.0,FLD-003,Golden Field,66.67,9.5,41.3,None,0.0,None,0.53,Medium
LOG-01335,2022/10/10,EQ-056,Tractor,2023-07-13,FARM-09,OP-045,Michael Wilson,3.0,FLD-014,River Field,281.66,2.3,8.3,None,0.0,None,0.9,High
LOG-05864,2024-11-24,EQ-100,Planter,2022-05-16,FARM-10,OP-031,Alice Anderson,12.0,FLD-013,Valley Field,169.83,6.9,,None,0.0,None,0.09,
LOG-06656,"January 28, 2023",EQ-039,Tractor,2016-09-18,FARM-03,OP-020,James Hernandez,9.0,FLD-015,West Field,216.02,5.9,39.8,None,0.0,,0.62,Medium
LOG-02100,2023-08-23,EQ-055,Tractor,2015-12-17,FARM-08,OP-029,David Miller,5.0,FLD-015,,216.02,8.1,30.4,Routine,581.13,None,0.52,Medium
LOG-03669,2022-03-14,EQ-050,Harvester,,FARM-09,OP-031,,12.0,FLD-009,South Field,474.95,11.4,55.8,None,0.0,None,0.42,Medium
LOG-06255,"June 23, 2024",EQ-030,Tractor,2017-05-14,FARM-10,OP-004,David Hernandez,10.0,FLD-015,West Field,216.02,7.3,,None,0.0,None,0.66,Medium
LOG-03468,03-12-2024,EQ-043,Tractor,2022-08-18,FARM-02,OP-008,James Rodriguez,9.0,FLD-009,South Field,474.95,7.5,59.6,None,0.0,None,0.25,Low
LOG-01689,30-07-2023,EQ-071,Plntr,2017-09-22,FARM-08,OP-041,Chloe Brown,7.0,,Valley Field,341.89,8.6,64.7,None,0.0,None,0.66,Medium
LOG-00746,2023/11/19,EQ-088,Planter,2018-03-14,FARM-07,OP-006,John Davis,20.0,FLD-020,West Field,220.65,9.1,29.8,None,,None,0.67,Medium
LOG-04774,2022-07-05,EQ-005,Tractor,2015-05-03,FARM-02,OP-046,Michael Garcia,17.0,FLD-019,North Field,158.9,8.7,52.0,None,0.0,None,0.74,High
LOG-03258,2023-05-05,,Sprayer,2019-10-01,FARM-07,OP-029,David Miller,5.0,FLD-012,River Field,258.49,6.2,43.2,None,0.0,None,0.98,High
LOG-02188,2023-05-13,EQ-019,,,FARM-04,OP-011,Sophia Jones,6.0,FLD-012,River Field,258.49,10.1,50.8,None,0.0,None,0.13,Low
LOG-00196,2023-11-08,EQ-007,Tractr,2021-04-17,FARM-04,OP-007,Emily Johnson,18.0,FLD-014,River Field,281.66,,31.2,None,0.0,None,0.02,Low
LOG-01153,30-12-2023,EQ-008,Planter,2017-06-21,FARM-08,OP-041,Chloe Brown,7.0,FLD-001,Sunny Field,222.94,3.4,26.6,Inspection,1458.83,None,0.54,Medium
LOG-02620,2024-06-16,EQ-004,Tractor,2021-08-15,FARM-07,OP-033,Emily Garcia,18.0,FLD-008,West Field,188.47,10.0,57.9,Routine,868.6,None,0.57,Medium
LOG-04603,2024-08-22,EQ-096,Tractor,2022-07-28,FARM-04,OP-034,Grace Martinez,5.0,FLD-017,East Field,311.6,11.4,69.3,Inspection,1459.2,None,0.6,Medium
LOG-00803,2022-08-10,EQ-019,Sprayer,2015-11-23,FARM-04,OP-050,,4.0,FLD-015,West Field,216.02,2.3,12.5,None,0.0,None,0.93,High
LOG-04275,2022-04-08,EQ-027,Harvester,2022-09-05,FARM-06,OP-012,Daniel Wilson,18.0,FLD-016,Valley Field,341.89,9.6,35.0,None,0.0,None,0.1,Low
LOG-02351,2024-02-18,EQ-092,Tractor,2015-07-25,FARM-10,OP-006,John Davis,20.0,FLD-020,West Field,220.65,3.9,,None,0.0,None,0.24,Low
LOG-06333,22-11-2024,EQ-064,Tractor,2018-10-16,FARM-01,OP-001,William Anderson,9.0,FLD-004,Sunny Field,103.14,2.0,13.8,None,0.0,None,0.7,High
LOG-04517,2022-01-13,EQ-091,Tractor,2023-05-22,FARM-06,OP-032,James Hernandez,8.0,FLD-010,Hill Field,315.35,9.1,38.9,None,0.0,None,0.5,Medium
LOG-02069,15-10-2024,,Sprayer,2019-10-01,FARM-07,OP-028,Alice Wilson,12.0,FLD-017,East Field,311.6,8.9,33.5,None,0.0,None,0.32,Medium
LOG-05399,2023-11-15,EQ-003,,2022-08-03,FARM-09,OP-019,James Lopez,11.0,FLD-003,Golden Field,66.67,9.7,44.6,None,0.0,None,0.63,Medium
LOG-00645,,EQ-025,Harvester,2016-10-31,FARM-08,OP-022,Robert Hernandez,14.0,FLD-011,South Field,362.68,11.1,77.5,None,0.0,None,0.48,Medium
LOG-06183,2022-10-26,EQ-077,Sprayer,2023-12-24,FARM-02,OP-019,James Lopez,11.0,FLD-005,North Field,,2.4,17.4,Repair,554.82,None,0.26,Low
LOG-05798,16-07-2022,EQ-024,Tractor,2021-10-31,FARM-03,,Robert Hernandez,14.0,FLD-017,East Field,,2.4,16.4,None,0.0,None,0.9,High
LOG-02645,2023-12-10,EQ-023,Harvester,2022-07-08,FARM-05,OP-041,Chloe Brown,7.0,FLD-011,South Field,362.68,7.2,31.9,None,0.0,None,0.4,Medium
LOG-04853,2024-08-08,EQ-010,Planter,2018-10-25,FARM-05,OP-005,Daniel Garcia,3.0,FLD-001,Sunny Field,222.94,9.3,56.6,None,0.0,,0.18,Low
LOG-00121,2023-11-17,EQ-087,Tractor,2019-05-19,FARM-05,OP-039,Michael Williams,4.0,FLD-002,Hill Field,223.83,,5.9,None,0.0,None,0.29,Low
LOG-01778,2022-01-22,EQ-055,Tractor,2015-12-17,FARM-08,OP-023,Michael Smith,1.0,FLD-013,Valley Field,169.83,8.7,39.2,None,0.0,None,0.21,Low
LOG-03396,"May 26, 2023",EQ-010,Planter,,FARM-05,OP-041,Chloe Brown,7.0,,River Field,281.66,6.7,29.7,None,0.0,None,0.74,High
LOG-05624,2023/02/02,EQ-054,Tractor,2017-09-13,FARM-10,,James Hernandez,9.0,FLD-015,West Field,216.02,1.7,5.9,None,0.0,None,0.53,Medium
LOG-02136,"March 19, 2024",EQ-037,Sprayer,2017-06-17,FARM-03,OP-002,James Hernandez,11.0,FLD-018,River Field,208.98,7.9,29.3,None,0.0,None,0.02,Low
LOG-05793,"October 23, 2022",EQ-055,Tractor,2015-12-17,FARM-08,OP-030,Alice Jones,12.0,FLD-013,Valley Field,169.83,2.0,11.4,None,0.0,None,0.25,Low
LOG-04253,"April 22, 2023",EQ-018,Tractor,2015-07-07,FARM-04,OP-048,William Smith,4.0,FLD-001,Sunny Field,222.94,4.3,27.9,Inspection,320.2,,0.76,High
LOG-00135,2022-10-27,EQ-013,Tractor,2019-01-10,FARM-06,OP-046,Michael Garcia,17.0,FLD-011,South Field,362.68,2.5,11.1,None,0.0,None,0.69,Medium
LOG-06177,2024-04-28,EQ-060,Harvester,2022-12-30,FARM-05,OP-003,,13.0,FLD-006,North Field,264.76,6.0,44.4,None,0.0,None,0.21,Low
LOG-06616,2022-01-27,EQ-077,Sprayer,2023-12-24,FARM-02,OP-024,William Gonzalez,5.0,FLD-003,Golden Field,66.67,10.2,,None,0.0,None,0.9,High
LOG-04158,2023-03-27,EQ-010,Planter,2018-10-25,FARM-05,OP-038,Grace Gonzalez,8.0,FLD-012,River Field,258.49,9.5,75.8,Routine,844.2,None,0.54,
LOG-02560,2022-08-03,EQ-067,Harvester,2015-10-04,FARM-01,OP-026,Grace Rodriguez,1.0,FLD-017,East Field,311.6,1.9,12.6,None,0.0,None,0.22,Low
LOG-00063,2024-06-07,EQ-030,Tractor,2017-05-14,FARM-10,OP-048,William Smith,4.0,FLD-003,,66.67,11.8,80.3,None,0.0,None,0.11,Low
LOG-04557,2023-06-27,EQ-060,Harvester,2022-12-30,,OP-002,James Hernandez,11.0,FLD-005,North Field,357.3,4.0,18.0,None,0.0,None,0.09,Low
LOG-06090,2022-01-29,EQ-078,Harvester,2017-02-23,FARM-04,OP-017,Emily Lopez,18.0,FLD-005,North Field,357.3,1.4,9.8,None,0.0,None,0.53,Medium
LOG-03444,2022-07-24,EQ-057,Harvester,2016-06-09,FARM-08,OP-035,Sarah Wilson,6.0,FLD-003,Golden Field,66.67,10.8,65.7,None,0.0,None,0.41,Medium
LOG-03320,2023-12-27,EQ-055,Tractor,2015-12-17,FARM-08,OP-016,David Jones,4.0,FLD-019,North Field,158.9,5.4,19.8,None,0.0,None,0.82,High
LOG-03723,2023-07-14,EQ-055,Tractor,2015-12-17,FARM-08,OP-045,Michael Wilson,3.0,FLD-005,North Field,357.3,6.6,43.5,Inspection,1381.46,None,0.79,High
LOG-00680,2022-10-09,EQ-056,Tractor,2023-07-13,FARM-09,OP-009,David Anderson,12.0,FLD-003,Golden Field,66.67,8.1,41.1,None,0.0,None,0.78,High
LOG-03699,"October 07, 2023",EQ-091,Tractor,2023-05-22,FARM-06,OP-015,Laura Anderson,4.0,FLD-006,North Field,264.76,8.0,41.8,None,0.0,None,,Low
LOG-00742,2023-08-29,EQ-028,Tractor,,FARM-01,OP-009,David Anderson,12.0,FLD-012,River Field,258.49,3.6,28.8,Routine,1020.1,None,0.17,Low
LOG-01212,28-12-2023,EQ-021,Planter,2022-02-16,FARM-06,OP-045,Michael Wilson,3.0,FLD-014,River Field,281.66,11.0,64.4,None,0.0,,0.56,Medium
LOG-02171,,EQ-022,Harvester,2019-02-25,FARM-06,OP-007,Emily Johnson,18.0,FLD-003,Golden Field,66.67,1.6,6.1,None,0.0,None,0.04,
LOG-05863,"July 10, 2023",EQ-034,Harvester,2023-05-10,FARM-09,OP-015,Laura Anderson,4.0,FLD-014,River Field,281.66,6.2,49.6,None,0.0,None,0.63,Medium
LOG-04773,2024-06-13,EQ-093,Planter,2020-08-21,,OP-016,,4.0,FLD-018,River Field,208.98,4.8,22.6,None,0.0,None,0.95,High
LOG-00568,2024-12-23,EQ-071,,2017-09-22,FARM-08,OP-011,Sophia Jones,6.0,FLD-003,Golden Field,66.67,2.7,12.1,None,0.0,None,0.37,Medium
LOG-01874,2022-01-01,EQ-075,Planter,2023-03-06,FARM-01,OP-006,John Davis,20.0,FLD-002,Hill Field,223.83,10.0,39.6,Inspection,616.75,None,0.98,High
LOG-03253,2022-11-04,EQ-003,Tractor,2022-08-03,FARM-09,OP-008,James Rodriguez,9.0,FLD-004,Sunny Field,103.14,4.7,14.4,None,0.0,None,0.39,Medium
LOG-01718,2023-01-12,EQ-023,Harvester,2022-07-08,FARM-05,OP-010,Robert Anderson,8.0,FLD-019,North Field,158.9,3.4,10.5,None,0.0,None,0.28,Low
LOG-01393,09-05-2024,EQ-097,Planter,2016-05-06,FARM-10,OP-049,Michael Williams,19.0,FLD-010,Hill Field,315.35,11.7,54.1,None,0.0,None,0.12,Low
LOG-05248,22-03-2024,EQ-078,Harvester,2017-02-23,FARM-04,OP-010,Robert Anderson,8.0,FLD-010,Hill Field,315.35,5.7,,None,0.0,None,0.09,Low
LOG-03002,2023/07/01,EQ-019,Sprayer,2015-11-23,FARM-04,OP-015,Laura Anderson,4.0,FLD-010,Hill Field,315.35,4.9,27.3,None,0.0,None,0.97,High
LOG-03591,2022-01-21,EQ-075,Planter,2023-03-06,FARM-01,OP-041,Chloe Brown,7.0,FLD-017,East Field,311.6,3.8,18.3,None,0.0,None,0.9,High
LOG-00490,2022-11-19,EQ-028,Tractor,2017-07-27,FARM-01,OP-010,Robert Anderson,8.0,,North Field,264.76,5.0,32.9,Repair,384.0,Blade,0.33,Medium
LOG-06393,2023-11-21,EQ-042,,2020-12-07,FARM-05,OP-019,James Lopez,11.0,FLD-013,Valley Field,169.83,11.5,77.9,None,0.0,None,0.49,Medium
LOG-00691,2024-07-03,EQ-076,Tractor,2015-09-06,FARM-07,OP-048,William Smith,4.0,FLD-005,North Field,,5.1,19.8,None,0.0,None,0.24,Low
LOG-06213,2023-08-16,EQ-045,Tractor,2018-04-17,FARM-07,OP-044,James Miller,11.0,FLD-004,Sunny Field,103.14,3.6,22.8,None,0.0,None,0.2,Low
LOG-00603,2022-02-09,EQ-085,Planter,2017-05-25,FARM-07,OP-024,William Gonzalez,5.0,FLD-004,Sunny Field,103.14,4.2,31.2,None,0.0,None,0.97,High
LOG-01912,2023-06-13,EQ-008,Planter,2017-06-21,FARM-08,OP-020,James Hernandez,9.0,FLD-005,North Field,,10.0,80.0,None,0.0,None,0.84,High
LOG-04802,2023-08-11,EQ-028,Tractor,2017-07-27,FARM-01,OP-035,Sarah Wilson,6.0,FLD-015,West Field,216.02,4.2,27.3,Inspection,815.67,None,0.51,Medium
LOG-05647,2024/10/17,EQ-030,Tractor,2017-05-14,FARM-10,OP-004,David Hernandez,10.0,FLD-013,Valley Field,169.83,7.1,23.6,None,0.0,None,0.39,Medium
LOG-04948,2022-10-23,EQ-058,Harvester,2017-12-21,FARM-09,OP-028,Alice Wilson,12.0,FLD-009,South Field,474.95,6.6,24.7,None,0.0,None,0.72,High
LOG-05790,2023-12-21,EQ-074,Sprayer,2019-10-01,FARM-07,OP-035,Sarah Wilson,6.0,FLD-002,Hill Field,223.83,11.4,70.6,None,0.0,None,0.92,High
LOG-02874,"March 23, 2022",EQ-051,Tractor,2021-09-19,FARM-06,OP-050,Michael Smith,4.0,FLD-006,North Field,264.76,3.6,17.5,None,0.0,None,0.55,Medium
LOG-02367,2022-09-04,EQ-046,,2020-02-02,FARM-01,OP-011,Sophia Jones,6.0,FLD-005,North Field,357.3,1.9,12.6,,0.0,None,0.91,High
LOG-01188,2023-02-18,EQ-040,Planter,2021-09-08,FARM-02,OP-013,Laura Martinez,17.0,FLD-018,River Field,208.98,8.0,25.3,None,0.0,None,0.97,High
LOG-00275,2023-02-09,EQ-004,Tractr,2021-08-15,FARM-07,OP-048,William Smith,4.0,FLD-020,West Field,220.65,5.9,30.4,Routine,361.45,None,0.28,Low
LOG-04506,2022-10-16,EQ-100,Planter,2022-05-16,FARM-10,OP-032,James Hernandez,8.0,FLD-004,,103.14,5.0,37.3,None,0.0,None,0.98,High
LOG-01362,2024-11-06,EQ-028,Tractor,2017-07-27,FARM-01,OP-021,Chloe Jones,2.0,FLD-017,East Field,311.6,9.6,63.0,,0.0,None,0.38,Medium
LOG-03913,"May 22, 2022",EQ-014,Sprayer,2015-06-27,FARM-08,OP-027,Emily Johnson,5.0,FLD-016,Valley Field,341.89,5.0,29.6,None,0.0,None,0.86,High
LOG-01527,2024-06-24,EQ-026,Planter,2018-01-10,FARM-09,OP-031,Alice Anderson,12.0,FLD-004,Sunny Field,103.14,1.9,7.6,None,0.0,None,0.22,Low
LOG-03681,2022-02-06,EQ-040,Planter,2021-09-08,FARM-02,OP-040,Charles Wilson,2.0,FLD-008,West Field,188.47,6.4,50.4,None,0.0,None,,
LOG-06740,2024-10-18,EQ-045,Tractor,2018-04-17,FARM-07,OP-014,John Hernandez,18.0,,West Field,188.47,7.6,22.9,None,0.0,None,0.31,Medium
LOG-03418,2024-10-24,EQ-011,Harvester,,FARM-06,OP-039,Michael Williams,4.0,FLD-020,West Field,220.65,7.2,48.1,None,0.0,None,0.98,High
LOG-03432,21-01-2024,EQ-027,Harvester,2022-09-05,FARM-06,,John Davis,20.0,FLD-007,Golden Field,346.56,1.8,11.5,Routine,565.25,None,0.38,Medium
LOG-03166,2022-09-16,EQ-087,Tractor,2019-05-19,FARM-05,OP-004,David Hernandez,10.0,FLD-014,River Field,281.66,9.3,68.6,None,0.0,None,0.19,Low
LOG-06578,"August 10, 2023",EQ-057,Harvstr,2016-06-09,FARM-08,OP-015,Laura Anderson,4.0,FLD-004,Sunny Field,103.14,9.5,3570.0000000000005,None,0.0,None,0.42,Medium
LOG-01338,2024-06-17,EQ-010,Planter,2018-10-25,FARM-05,OP-004,David Hernandez,,,North Field,357.3,3.0,9.7,None,0.0,None,,Medium
LOG-00946,2024-09-28,EQ-087,Tractor,2019-05-19,FARM-05,OP-012,Daniel Wilson,18.0,FLD-014,River Field,281.66,9.4,53.5,None,0.0,None,0.65,Medium
LOG-05500,2023/05/10,EQ-066,Tractor,2015-10-18,FARM-01,OP-047,Charles Hernandez,18.0,FLD-003,Golden Field,66.67,5.2,30.7,Routine,449.86,None,0.44,Medium
LOG-02251,2022-01-08,EQ-087,Tractor,2019-05-19,FARM-05,OP-007,Emily Johnson,18.0,FLD-002,Hill Field,223.83,3.2,22.0,,1261.19,None,0.41,Medium
LOG-06786,2023-07-14,EQ-088,Planter,,FARM-07,OP-027,Emily Johnson,5.0,FLD-006,North Field,264.76,10.1,56.5,None,0.0,None,0.33,Medium
LOG-03430,2024-10-30,EQ-022,Harvester,2019-02-25,FARM-06,OP-047,Charles Hernandez,18.0,FLD-008,West Field,188.47,6.3,26.0,None,0.0,None,0.09,Low
LOG-03011,2023/12/09,EQ-050,Harvester,2021-01-18,FARM-09,OP-012,Daniel Wilson,18.0,FLD-004,Sunny Field,103.14,9.2,53.9,None,0.0,None,0.65,Medium
LOG-02347,,,Harvester,2016-10-31,FARM-08,OP-009,David Anderson,12.0,FLD-006,North Field,264.76,2.5,18.5,Repair,478.5,Belt,0.26,Low
LOG-00069,06-01-2024,EQ-014,Sprayer,2015-06-27,FARM-08,OP-016,David Jones,4.0,FLD-013,Valley Field,169.83,7.3,58.1,None,0.0,None,0.97,High
LOG-05119,2024-04-17,EQ-094,Harvester,2015-08-21,FARM-09,OP-049,,19.0,FLD-013,Valley Field,169.83,6.6,43.2,None,0.0,,,High
LOG-04964,2023-11-26,EQ-078,Harvester,2017-02-23,FARM-04,OP-046,Michael Garcia,17.0,FLD-012,River Field,258.49,8.0,42.8,None,0.0,None,0.74,High
LOG-01599,2023-07-12,,Planter,2016-05-06,FARM-10,OP-047,Charles Hernandez,18.0,FLD-011,South Field,362.68,11.4,36.5,None,0.0,None,0.26,Low
LOG-03271,,EQ-088,Planter,2018-03-14,FARM-07,OP-001,William Anderson,9.0,FLD-008,West Field,188.47,1.7,6.3,None,0.0,None,0.35,Medium
LOG-04104,"July 02, 2024",EQ-050,Harvester,2021-01-18,,OP-009,David Anderson,12.0,FLD-020,West Field,220.65,11.5,39.4,None,0.0,None,0.39,Medium
LOG-04530,2024-11-29,EQ-047,Sprayer,2020-08-12,FARM-03,OP-004,David Hernandez,10.0,FLD-010,Hill Field,315.35,6.4,23.5,None,0.0,None,0.49,Medium
LOG-01504,2022-08-16,EQ-023,Harvester,2022-07-08,FARM-05,OP-030,Alice Jones,12.0,,East Field,311.6,9.8,70.5,None,0.0,None,0.9,High
LOG-02852,2023-08-31,EQ-086,Tractor,2016-11-05,FARM-07,OP-045,Michael Wilson,3.0,FLD-005,North Field,357.3,11.0,51.1,None,0.0,None,0.65,Medium
LOG-00151,2024-06-09,EQ-094,Harvester,2015-08-21,,OP-023,Michael Smith,1.0,FLD-020,,220.65,-4.0,31.6,None,0.0,None,0.08,Low
LOG-02808,2024-10-01,EQ-073,Tractor,2022-05-23,FARM-07,OP-035,Sarah Wilson,6.0,FLD-006,North Field,264.76,2.3,8.7,None,0.0,None,0.96,High
LOG-02087,2023/08/04,EQ-090,Sprayer,2017-06-10,FARM-01,OP-042,Daniel Garcia,10.0,FLD-004,Sunny Field,103.14,11.5,80.1,Routine,563.1,None,0.46,Medium
LOG-06376,2023-08-24,EQ-025,Harvester,2016-10-31,FARM-08,,Laura Anderson,4.0,FLD-005,North Field,357.3,8.1,24.5,None,0.0,None,0.79,High
LOG-02260,2022-03-04,EQ-079,Planter,2016-07-28,FARM-07,OP-005,Daniel Garcia,3.0,FLD-012,River Field,258.49,-5.1,30.4,Inspection,,None,0.09,Low
LOG-04828,2024-11-11,EQ-090,Sprayer,2017-06-10,FARM-01,OP-015,Laura Anderson,4.0,FLD-005,North Field,357.3,9.3,27.9,None,0.0,None,0.99,High
LOG-02973,2023-07-28,EQ-071,Planter,2017-09-22,FARM-08,OP-025,Michael Williams,15.0,FLD-020,West Field,220.65,2.8,14.3,,0.0,None,,High
LOG-05389,2023-06-30,EQ-021,Planter,2022-02-16,FARM-06,OP-024,William Gonzalez,5.0,FLD-006,North Field,264.76,5.2,28.7,Routine,841.6,None,0.08,Low
LOG-02806,"April 03, 2024",EQ-008,Planter,2017-06-21,,OP-049,Michael Williams,19.0,FLD-003,Golden Field,66.67,9.4,55.4,None,0.0,None,0.89,
LOG-00860,2024-10-10,EQ-060,Harvester,2022-12-30,FARM-05,OP-028,Alice Wilson,12.0,FLD-004,Sunny Field,103.14,1.4,6.7,None,0.0,None,0.49,Medium
LOG-02670,"February 28, 2024",EQ-092,Tractor,2015-07-25,,OP-047,Charles Hernandez,18.0,FLD-017,East Field,311.6,1.6,5.3,Inspection,1499.28,None,0.21,Low
LOG-02688,2022-01-10,,Sprayer,2015-11-23,FARM-04,OP-025,Michael Williams,15.0,FLD-003,Golden Field,66.67,6.3,,Inspection,117.31,None,0.93,High
LOG-06269,2024-07-18,EQ-091,Tractor,2023-05-22,FARM-06,OP-041,Chloe Brown,7.0,FLD-002,Hill Field,223.83,2.2,14.5,Inspection,1465.28,None,0.62,Medium
LOG-05928,"May 18, 2024",EQ-005,,,FARM-02,OP-016,David Jones,4.0,FLD-007,Golden Field,346.56,10.0,38.5,None,0.0,None,0.76,High
LOG-00367,2024-08-22,EQ-015,Tractor,2019-03-31,FARM-02,OP-020,James Hernandez,9.0,FLD-013,Valley Field,,6.4,40.4,Routine,838.98,None,0.19,Low
LOG-01433,2022/12/31,EQ-072,Planter,2017-02-18,FARM-02,OP-028,Alice Wilson,12.0,FLD-012,River Field,258.49,1.3,6.3,None,0.0,None,0.67,Medium
LOG-04999,2024-06-15,EQ-039,Tractor,2016-09-18,FARM-03,OP-046,Michael Garcia,17.0,FLD-019,North Field,158.9,7.6,32.6,None,0.0,None,0.48,Medium
LOG-01780,2022-03-05,EQ-064,Tractor,2018-10-16,FARM-01,OP-021,Chloe Jones,2.0,FLD-012,River Field,258.49,3.8,20.4,None,0.0,None,0.75,High
LOG-04252,2024-06-04,EQ-097,Planter,2016-05-06,FARM-10,OP-027,Emily Johnson,5.0,FLD-015,West Field,216.02,5.4,36.4,None,0.0,None,0.84,High
LOG-03683,2024-01-06,EQ-064,,2018-10-16,FARM-01,OP-045,Michael Wilson,3.0,FLD-007,Golden Field,346.56,2.1,12.7,None,0.0,None,0.15,Low
LOG-01819,2022-05-03,EQ-027,Harvester,2022-09-05,FARM-06,OP-003,Sarah Jones,13.0,FLD-019,North Field,158.9,1.1,5.2,None,0.0,None,0.28,Low
LOG-04459,2023-12-27,EQ-021,Planter,2022-02-16,FARM-06,OP-024,William Gonzalez,,FLD-009,South Field,474.95,9.0,54.1,Routine,1145.72,None,0.07,Low
LOG-00842,"November 20, 2022",EQ-074,Sprayr,,,OP-006,John Davis,20.0,FLD-004,Sunny Field,103.14,3.7,24.3,None,0.0,None,0.65,Medium
LOG-01190,2024-03-26,EQ-046,Harvester,2020-02-02,FARM-01,OP-049,Michael Williams,19.0,FLD-010,Hill Field,315.35,6.5,29.7,None,0.0,None,0.36,Medium
LOG-00176,"July 31, 2023",EQ-046,Harvester,2020-02-02,FARM-01,OP-004,David Hernandez,,FLD-002,Hill Field,223.83,6.4,47.4,None,0.0,None,0.47,Medium
LOG-05047,2023-03-29,EQ-048,Tractor,2022-01-05,FARM-05,OP-032,James Hernandez,8.0,FLD-019,North Field,158.9,2.4,9.4,None,0.0,None,0.64,Medium
LOG-00618,2023-02-23,EQ-096,Tractor,2022-07-28,FARM-04,OP-043,Sarah Brown,1.0,FLD-007,Golden Field,346.56,1.7,13.0,None,0.0,None,0.86,High
LOG-02094,"October 25, 2024",EQ-079,,2016-07-28,FARM-07,OP-019,James Lopez,11.0,FLD-006,North Field,264.76,2.4,18.7,None,0.0,None,0.96,High
LOG-02926,2024-03-26,EQ-093,Planter,2020-08-21,FARM-09,OP-033,Emily Garcia,18.0,FLD-002,Hill Field,223.83,5.4,24.3,None,0.0,None,0.92,High
LOG-03696,2022-10-20,EQ-094,Harvester,2015-08-21,FARM-09,OP-021,Chloe Jones,2.0,FLD-013,Valley Field,169.83,10.8,71.6,None,0.0,None,0.55,Medium
LOG-04601,2022-07-25,EQ-014,Sprayer,2015-06-27,FARM-08,OP-003,Sarah Jones,13.0,FLD-012,River Field,258.49,11.3,50.8,None,0.0,None,0.39,Medium
LOG-01031,03-05-2023,EQ-027,Harvester,2022-09-05,FARM-06,OP-042,Daniel Garcia,10.0,FLD-002,Hill Field,223.83,-11.2,67.1,None,0.0,None,,High
LOG-06050,2024-06-23,EQ-098,Harvester,2021-06-29,FARM-10,OP-005,Daniel Garcia,3.0,FLD-008,West Field,188.47,3.6,16.9,Repair,464.63,,0.86,
LOG-00301,2022-09-04,EQ-002,Harvester,2017-07-03,FARM-03,OP-045,Michael Wilson,3.0,FLD-011,South Field,362.68,11.9,60.8,Repair,152.7,Tire,0.1,Low
LOG-01473,2024-02-03,EQ-078,Harvester,2017-02-23,FARM-04,OP-029,David Miller,5.0,FLD-017,East Field,311.6,9.6,63.0,None,0.0,None,0.96,High
LOG-00284,"July 17, 2023",EQ-029,Sprayer,2019-07-02,FARM-05,OP-019,James Lopez,11.0,FLD-002,Hill Field,223.83,3.5,15.6,None,0.0,None,0.56,Medium
LOG-02029,2024-02-14,EQ-071,Planter,2017-09-22,FARM-08,OP-025,Michael Williams,15.0,FLD-019,North Field,158.9,4.8,29.5,None,0.0,None,0.22,Low
LOG-04004,2023-11-21,EQ-063,Tractor,2017-10-12,FARM-04,OP-014,John Hernandez,18.0,FLD-017,East Field,311.6,11.7,45.9,None,0.0,None,0.72,High
LOG-04272,2024-12-16,EQ-074,Sprayer,2019-10-01,FARM-07,OP-006,John Davis,20.0,FLD-019,North Field,158.9,4.8,37.1,Routine,543.48,None,0.38,Medium
LOG-05547,2024-11-13,EQ-004,Tractor,2021-08-15,FARM-07,OP-016,,4.0,FLD-014,River Field,281.66,1.3,8.1,None,0.0,None,0.66,Medium
LOG-01814,2024-07-29,EQ-092,Tractor,2015-07-25,FARM-10,OP-018,David Jones,10.0,FLD-019,North Field,158.9,6.9,25.7,None,0.0,None,0.26,
LOG-01272,2023-07-20,EQ-052,Planter,2015-03-21,FARM-02,OP-012,Daniel Wilson,18.0,FLD-020,West Field,220.65,6.8,37.2,None,0.0,None,,Medium
LOG-03615,2023-08-02,EQ-083,Tractor,2016-01-18,FARM-04,OP-029,David Miller,5.0,FLD-003,Golden Field,66.67,7.6,,None,0.0,None,0.47,Medium
LOG-04040,2024-02-06,EQ-013,Tractor,2019-01-10,FARM-06,OP-039,Michael Williams,4.0,FLD-017,East Field,311.6,9.3,66.2,None,0.0,None,0.35,Medium
LOG-05345,2023-12-02,EQ-012,Tractor,2016-01-15,FARM-07,OP-012,Daniel Wilson,18.0,FLD-006,North Field,264.76,9.3,65.0,Routine,363.46,None,,Low
LOG-02314,,EQ-054,Tractr,2017-09-13,FARM-10,OP-044,James Miller,11.0,FLD-002,Hill Field,223.83,3.7,22.9,None,,None,0.55,Medium
LOG-02009,2022-11-12,EQ-098,Harvester,2021-06-29,FARM-10,OP-002,James Hernandez,11.0,FLD-013,Valley Field,169.83,8.5,28.6,None,0.0,None,0.22,Low
LOG-05492,2023-06-04,EQ-056,Tractor,2023-07-13,,OP-012,Daniel Wilson,18.0,FLD-015,West Field,216.02,11.1,43.7,None,0.0,None,0.02,Low
LOG-02643,2022-02-05,EQ-029,Sprayer,2019-07-02,FARM-05,OP-023,Michael Smith,1.0,FLD-015,West Field,216.02,1.1,3.8,None,0.0,None,0.98,High
LOG-03227,2023-02-16,EQ-084,Harvester,2019-07-23,FARM-08,OP-014,John Hernandez,18.0,FLD-013,Valley Field,169.83,9.9,34.1,Routine,1097.45,None,0.59,Medium
LOG-06621,2023-08-11,EQ-083,Tractor,2016-01-18,FARM-04,OP-012,Daniel Wilson,18.0,FLD-018,River Field,208.98,1.6,6.0,None,0.0,None,0.06,Low
LOG-04457,"August 05, 2024",EQ-047,Sprayer,2020-08-12,FARM-03,OP-014,John Hernandez,18.0,FLD-016,Valley Field,341.89,7.5,51.9,None,0.0,None,0.56,Medium
LOG-03495,2022-11-11,EQ-045,Tractor,2018-04-17,FARM-07,OP-027,Emily Johnson,5.0,FLD-015,West Field,216.02,9.8,47.3,Routine,1472.62,None,0.87,High
LOG-03626,2023-06-20,EQ-018,Tractor,2015-07-07,FARM-04,,David Anderson,12.0,FLD-012,River Field,258.49,7.5,57.1,None,0.0,None,0.78,High
LOG-00100,2022-02-23,EQ-072,Planter,2017-02-18,FARM-02,OP-050,Michael Smith,4.0,FLD-020,West Field,220.65,7.7,,None,,None,0.04,
LOG-05056,2023-05-22,EQ-075,Plntr,2023-03-06,FARM-01,OP-042,Daniel Garcia,10.0,FLD-017,East Field,,10.5,75.9,None,0.0,None,0.57,Medium
LOG-00745,,EQ-005,Tractor,2015-05-03,FARM-02,OP-019,James Lopez,11.0,FLD-014,River Field,281.66,8.7,52.7,None,0.0,None,0.21,Low
LOG-06472,2023-12-30,EQ-041,Planter,2019-04-13,FARM-10,OP-020,James Hernandez,9.0,FLD-002,Hill Field,223.83,6.9,43.4,None,0.0,None,0.56,Medium
LOG-00481,2024-03-14,EQ-100,Planter,2022-05-16,FARM-10,OP-010,Robert Anderson,8.0,FLD-012,River Field,258.49,3.5,24.0,None,0.0,None,0.3,Medium
LOG-04620,2023-08-03,EQ-070,Harvester,2021-01-17,FARM-03,OP-047,Charles Hernandez,18.0,FLD-007,Golden Field,346.56,7.9,46.1,Repair,1264.19,Belt,0.12,Low
LOG-06798,"August 17, 2024",EQ-072,Planter,2017-02-18,FARM-02,OP-036,Jessica Anderson,14.0,FLD-009,South Field,474.95,6.6,42.5,None,0.0,None,0.1,
LOG-04931,2023-10-05,EQ-020,Tractor,2019-04-06,FARM-05,OP-026,Grace Rodriguez,1.0,FLD-008,West Field,188.47,5.7,18.1,None,0.0,None,0.34,Medium
LOG-01158,2023-09-28,EQ-083,Tractor,2016-01-18,FARM-04,OP-019,James Lopez,11.0,FLD-001,Sunny Field,222.94,-2.8,10.9,None,0.0,,0.61,Medium
LOG-01438,2024-10-01,EQ-078,Harvester,2017-02-23,FARM-04,OP-041,Chloe Brown,7.0,FLD-015,West Field,216.02,2.9,19.6,None,0.0,None,0.54,Medium
LOG-02415,2023-07-12,EQ-076,Tractor,2015-09-06,FARM-07,OP-048,William Smith,4.0,FLD-013,Valley Field,169.83,7.2,43.8,None,0.0,None,0.44,Medium
LOG-04049,2022-11-03,EQ-028,Tractor,2017-07-27,FARM-01,OP-003,Sarah Jones,13.0,FLD-002,Hill Field,223.83,9.1,31.4,None,0.0,None,0.73,High
LOG-00403,2022-11-21,EQ-036,Planter,2021-07-18,FARM-07,OP-014,John Hernandez,,,North Field,264.76,6.4,43.6,Routine,941.0,None,0.63,Medium
LOG-02196,2024-05-28,EQ-016,Sprayer,2022-01-18,FARM-10,OP-040,Charles Wilson,2.0,FLD-004,Sunny Field,103.14,4.5,14.2,Inspection,469.27,None,0.04,Low
LOG-00950,2022-03-17,EQ-030,Tractor,2017-05-14,FARM-10,OP-032,James Hernandez,8.0,FLD-012,River Field,258.49,4.1,30.8,None,0.0,None,0.21,Low
LOG-05473,2022-08-31,EQ-020,Tractor,2019-04-06,FARM-05,OP-023,Michael Smith,1.0,FLD-003,Golden Field,66.67,9.7,74.6,Routine,820.32,None,0.45,Medium
LOG-02068,2024-10-10,EQ-079,Planter,2016-07-28,FARM-07,OP-005,Daniel Garcia,3.0,FLD-015,West Field,216.02,7.7,42.1,None,0.0,None,0.85,High
LOG-03197,2023-11-18,EQ-060,Harvester,2022-12-30,FARM-05,OP-050,Michael Smith,4.0,FLD-016,Valley Field,341.89,,24.0,None,0.0,None,0.81,High
LOG-04887,2022-02-13,EQ-026,Planter,2018-01-10,FARM-09,OP-050,Michael Smith,4.0,FLD-009,South Field,474.95,4.8,19.3,None,,None,0.54,Medium
LOG-00669,2023-04-29,EQ-073,Tractor,2022-05-23,FARM-07,OP-022,Robert Hernandez,14.0,FLD-018,River Field,208.98,2.9,18.4,None,0.0,None,0.71,High
LOG-00219,2022-02-02,EQ-015,Tractor,2019-03-31,FARM-02,OP-003,Sarah Jones,13.0,FLD-014,River Field,281.66,3.6,12.0,None,0.0,None,0.45,Medium
LOG-01963,2022-10-06,EQ-034,Harvester,2023-05-10,FARM-09,OP-017,Emily Lopez,18.0,FLD-011,South Field,362.68,10.1,32.5,None,0.0,None,0.83,High
LOG-02978,27-03-2023,EQ-018,Tractor,2015-07-07,FARM-04,OP-030,Alice Jones,12.0,FLD-005,North Field,357.3,8.2,29.5,None,0.0,None,0.94,High
LOG-03476,2024/05/24,EQ-066,Tractor,2015-10-18,FARM-01,OP-033,Emily Garcia,18.0,FLD-011,South Field,,6.9,31.0,None,0.0,None,0.42,Medium
LOG-02214,2022-04-21,EQ-054,Tractor,2017-09-13,FARM-10,OP-022,,14.0,FLD-010,Hill Field,315.35,,13.6,None,0.0,None,0.35,Medium
LOG-02634,2024-12-07,EQ-058,Harvester,2017-12-21,FARM-09,OP-006,John Davis,20.0,FLD-004,Sunny Field,103.14,10.7,49.1,None,0.0,None,0.55,Medium
LOG-04023,07-09-2024,EQ-035,Sprayer,2023-05-18,FARM-10,OP-030,Alice Jones,12.0,FLD-013,Valley Field,169.83,5.0,18.1,None,0.0,None,0.21,Low
LOG-03162,14-03-2024,EQ-032,Planter,2022-03-18,,OP-032,James Hernandez,8.0,FLD-012,River Field,258.49,4.5,30.4,None,0.0,None,0.97,High
LOG-04678,01-02-2024,EQ-071,Planter,2017-09-22,FARM-08,OP-019,James Lopez,,FLD-005,North Field,357.3,1.4,7.4,None,0.0,None,0.38,Medium
LOG-04627,2022-12-13,EQ-065,Harvester,2021-08-07,FARM-04,OP-026,Grace Rodriguez,1.0,FLD-009,South Field,474.95,5.8,24.2,Routine,298.12,None,0.61,Medium
LOG-02146,2022-03-08,EQ-001,Tractor,2015-04-13,FARM-05,OP-015,Laura Anderson,4.0,FLD-010,Hill Field,315.35,3.7,13.4,None,0.0,None,0.9,High
LOG-00778,2024-11-15,EQ-089,Planter,2016-09-26,FARM-04,OP-008,James Rodriguez,9.0,FLD-012,River Field,258.49,9.1,28.1,None,0.0,None,0.58,Medium
LOG-02435,2022-03-10,EQ-053,Sprayer,2018-06-13,FARM-04,OP-011,Sophia Jones,6.0,FLD-005,North Field,,10.4,41.3,None,0.0,None,0.19,Low
LOG-04690,2023-09-29,EQ-085,Planter,2017-05-25,FARM-07,OP-009,David Anderson,12.0,FLD-013,Valley Field,169.83,10.2,45.2,Repair,83.84,Blade,0.14,Low
LOG-03858,,EQ-020,Tractor,2019-04-06,FARM-05,OP-023,Michael Smith,1.0,FLD-010,Hill Field,315.35,2.8,19.1,None,0.0,None,0.7,High
LOG-04232,24-05-2023,EQ-037,Sprayer,2017-06-17,FARM-03,OP-048,William Smith,4.0,FLD-019,North Field,158.9,6.3,33.7,Routine,765.52,None,0.71,High
LOG-01492,2024-08-15,EQ-097,Planter,2016-05-06,FARM-10,OP-021,Chloe Jones,2.0,FLD-015,West Field,216.02,1.3,8.0,Inspection,559.86,,0.43,Medium
LOG-02886,2023-05-15,EQ-080,Harvester,2018-02-14,FARM-08,OP-037,John Williams,11.0,FLD-011,South Field,362.68,7.3,37.3,None,0.0,None,0.8,High
LOG-02830,2022-11-29,EQ-085,Planter,2017-05-25,,OP-010,Robert Anderson,8.0,FLD-010,Hill Field,315.35,8.2,39.9,None,0.0,None,0.03,Low
LOG-04175,2022-11-04,EQ-022,Harvester,2019-02-25,FARM-06,OP-025,Michael Williams,15.0,FLD-007,Golden Field,346.56,6.4,46.1,None,0.0,None,0.88,High
LOG-05231,2022-02-26,EQ-081,Harvester,2015-11-05,FARM-08,OP-042,Daniel Garcia,10.0,FLD-007,Golden Field,346.56,5.6,39.5,,0.0,None,0.87,High
LOG-03965,2024-05-11,EQ-080,Harvester,2018-02-14,FARM-08,OP-050,Michael Smith,4.0,FLD-004,Sunny Field,103.14,9.6,75.1,None,0.0,None,0.52,Medium
LOG-00518,2024-08-01,EQ-097,Planter,2016-05-06,FARM-10,OP-022,Robert Hernandez,14.0,FLD-015,West Field,216.02,10.9,79.7,None,0.0,None,0.26,Low
LOG-03013,2022-07-12,EQ-022,Harvester,2019-02-25,FARM-06,OP-005,Daniel Garcia,3.0,FLD-017,East Field,311.6,5.4,31.1,None,0.0,None,0.93,High
LOG-03205,"October 29, 2024",EQ-041,Planter,2019-04-13,FARM-10,OP-009,,12.0,FLD-016,Valley Field,341.89,11.1,44.3,None,0.0,None,0.07,Low
LOG-03774,2022-01-19,EQ-072,Planter,2017-02-18,FARM-02,OP-031,Alice Anderson,12.0,FLD-010,Hill Field,315.35,3.7,,None,0.0,None,0.28,Low
LOG-04787,2024-12-29,EQ-067,Harvester,2015-10-04,FARM-01,OP-033,Emily Garcia,18.0,FLD-014,River Field,281.66,2.4,17.4,None,0.0,None,0.97,High
LOG-06190,2024-01-17,EQ-024,Tractor,2021-10-31,FARM-03,OP-010,Robert Anderson,8.0,FLD-016,Valley Field,341.89,1.1,4.4,None,0.0,None,0.81,High
LOG-06301,2023/11/22,EQ-075,Planter,2023-03-06,,OP-027,Emily Johnson,5.0,FLD-009,South Field,474.95,1.7,8.3,None,0.0,None,0.32,Medium
LOG-03665,2024/07/05,EQ-087,Tractor,2019-05-19,FARM-05,OP-043,Sarah Brown,1.0,FLD-010,Hill Field,315.35,2.7,10.7,None,0.0,None,0.42,Medium
LOG-00569,2024-02-16,EQ-001,Tractor,2015-04-13,,OP-050,,4.0,FLD-017,,311.6,9.1,67.5,None,0.0,None,0.37,
LOG-00361,2022-12-15,,Sprayer,2015-06-27,FARM-08,OP-005,Daniel Garcia,3.0,FLD-011,South Field,362.68,10.8,41.1,Routine,1415.66,None,0.97,High
LOG-05240,"January 11, 2024",EQ-041,Plntr,2019-04-13,FARM-10,OP-017,Emily Lopez,18.0,FLD-002,Hill Field,223.83,10.9,,None,0.0,None,0.91,High
LOG-05405,2024-09-21,EQ-050,Harvester,2021-01-18,FARM-09,OP-009,David Anderson,12.0,FLD-004,,103.14,6.6,30.2,None,0.0,,0.63,Medium
LOG-02992,2024/07/19,EQ-056,Tractor,2023-07-13,FARM-09,OP-043,Sarah Brown,1.0,FLD-010,Hill Field,315.35,11.1,46.8,None,0.0,None,0.42,Medium
LOG-00760,2023-10-11,EQ-031,Sprayer,2017-05-20,FARM-08,,James Rodriguez,9.0,FLD-002,Hill Field,223.83,7.3,38.0,None,0.0,None,0.21,
LOG-03546,2022-04-05,EQ-038,Planter,2016-01-08,FARM-01,OP-030,Alice Jones,12.0,FLD-016,Valley Field,341.89,9.1,27.8,None,0.0,None,0.66,Medium
LOG-06575,2022-02-06,EQ-054,Tractor,2017-09-13,FARM-10,OP-019,James Lopez,11.0,FLD-007,Golden Field,346.56,11.0,39.1,Repair,301.29,Tire,0.37,Medium
LOG-05678,2023-01-31,EQ-038,Planter,2016-01-08,,OP-041,Chloe Brown,7.0,FLD-001,Sunny Field,222.94,5.6,23.0,None,0.0,None,0.45,Medium
LOG-04555,2023-07-28,EQ-045,Tractor,2018-04-17,FARM-07,OP-004,David Hernandez,10.0,FLD-016,Valley Field,341.89,5.1,34.7,None,0.0,None,0.22,
LOG-00215,10-05-2024,EQ-053,Sprayer,2018-06-13,FARM-04,OP-012,Daniel Wilson,18.0,FLD-005,North Field,357.3,5.1,38.0,None,,None,0.91,High
LOG-02900,18-11-2022,EQ-043,Tractor,2022-08-18,FARM-02,OP-026,Grace Rodriguez,1.0,,Valley Field,169.83,10.5,62.8,None,0.0,None,0.16,Low
LOG-03783,2024-01-16,EQ-087,Tractor,2019-05-19,FARM-05,OP-013,Laura Martinez,17.0,FLD-020,West Field,220.65,1.5,5.3,Repair,527.94,Belt,0.81,High
LOG-04533,2024-06-03,EQ-087,Tractor,2019-05-19,FARM-05,OP-015,Laura Anderson,4.0,FLD-017,East Field,311.6,9.6,42.0,Routine,1210.59,None,0.15,Low
LOG-05853,2023-09-27,EQ-022,Harvester,2019-02-25,FARM-06,OP-043,Sarah Brown,1.0,FLD-013,Valley Field,169.83,10.6,58.8,Repair,115.2,Filter,0.18,Low
LOG-02779,2024-05-14,EQ-054,Tractor,2017-09-13,,OP-049,Michael Williams,19.0,FLD-002,Hill Field,223.83,10.4,42.0,None,0.0,None,0.3,Medium
LOG-05142,2022-10-04,EQ-077,Sprayer,2023-12-24,FARM-02,OP-014,John Hernandez,18.0,FLD-006,North Field,264.76,7.3,46.4,Inspection,1167.74,None,0.26,Low
LOG-01474,2024-12-24,EQ-015,Tractor,2019-03-31,FARM-02,OP-012,Daniel Wilson,18.0,FLD-014,River Field,281.66,9.4,69.1,Routine,60.09,None,0.94,
LOG-02245,2023-03-11,EQ-066,Tractor,2015-10-18,FARM-01,OP-004,David Hernandez,,FLD-019,North Field,158.9,2.8,10.1,None,0.0,None,0.02,
LOG-00726,2022-03-19,EQ-053,Sprayer,2018-06-13,FARM-04,OP-016,David Jones,4.0,FLD-006,North Field,264.76,7.6,50.1,None,0.0,None,0.1,Low
LOG-03459,28-02-2022,EQ-006,Harvester,2017-08-10,FARM-09,OP-019,,11.0,FLD-018,River Field,208.98,2.9,22.3,Inspection,68.55,None,0.78,High
LOG-00050,2024-08-04,EQ-001,Tractor,2015-04-13,FARM-05,OP-043,Sarah Brown,1.0,FLD-018,River Field,208.98,5.5,21.7,None,0.0,None,0.75,High
LOG-05477,2023-12-02,EQ-024,Tractor,2021-10-31,FARM-03,OP-026,Grace Rodriguez,1.0,FLD-012,River Field,258.49,6.0,38.8,None,0.0,None,0.42,Medium
LOG-00888,05-05-2022,EQ-087,Tractor,2019-05-19,FARM-05,OP-032,James Hernandez,8.0,FLD-008,West Field,188.47,6.8,34.7,None,0.0,None,0.07,Low
LOG-06120,2022-05-04,EQ-030,Tractor,2017-05-14,FARM-10,OP-004,David Hernandez,10.0,FLD-007,Golden Field,346.56,10.7,47.1,Routine,72.71,None,0.12,Low
LOG-04819,2024-02-11,EQ-081,Harvester,2015-11-05,FARM-08,OP-020,James Hernandez,9.0,FLD-012,River Field,258.49,3.2,13.5,None,0.0,None,0.54,Medium
LOG-06317,"March 08, 2024",EQ-097,Planter,2016-05-06,FARM-10,OP-021,Chloe Jones,2.0,FLD-020,West Field,220.65,,28.1,None,0.0,None,0.89,High
LOG-00517,"May 28, 2023",EQ-015,Tractor,2019-03-31,FARM-02,OP-033,Emily Garcia,18.0,FLD-009,South Field,474.95,8.6,67.3,None,0.0,None,0.76,High
LOG-06366,2024/12/20,EQ-001,Tractor,2015-04-13,FARM-05,OP-034,Grace Martinez,,FLD-011,South Field,362.68,3.1,19.2,None,0.0,None,0.68,Medium
LOG-00140,2024-12-08,,,2021-10-31,FARM-03,OP-043,Sarah Brown,1.0,FLD-003,Golden Field,66.67,11.7,39.1,None,0.0,None,,Medium
LOG-02971,2024-03-22,EQ-041,Planter,2019-04-13,FARM-10,OP-042,Daniel Garcia,10.0,FLD-017,East Field,311.6,8.7,61.2,None,0.0,,0.57,Medium
LOG-03077,"April 20, 2023",EQ-011,Harvester,2017-05-31,,OP-013,Laura Martinez,17.0,FLD-008,West Field,188.47,4.0,17.4,None,0.0,None,0.66,Medium
LOG-03350,2024-10-07,EQ-009,Sprayer,2015-01-27,FARM-03,OP-041,Chloe Brown,7.0,FLD-009,South Field,474.95,10.5,78.6,None,0.0,None,0.11,Low
LOG-03455,2022-03-04,EQ-026,Planter,2018-01-10,FARM-09,OP-011,Sophia Jones,6.0,FLD-005,North Field,357.3,1.5,9.3,None,0.0,None,0.84,High
LOG-00464,2022/12/31,EQ-012,Tractor,2016-01-15,FARM-07,OP-005,Daniel Garcia,3.0,FLD-002,Hill Field,223.83,9.7,56.2,,0.0,None,0.23,Low
LOG-04300,2024-02-06,EQ-061,Planter,2022-07-14,,OP-006,John Davis,20.0,FLD-015,West Field,216.02,5.2,18.4,None,0.0,None,0.45,Medium
LOG-01234,2023-06-18,EQ-032,Planter,2022-03-18,FARM-08,OP-047,Charles Hernandez,18.0,FLD-013,Valley Field,169.83,8.3,36.3,None,0.0,None,0.62,Medium
LOG-00595,2024-04-27,EQ-074,Sprayer,2019-10-01,,OP-006,John Davis,20.0,FLD-004,Sunny Field,103.14,5.7,27.0,None,0.0,None,0.59,Medium
LOG-00451,2023-02-20,EQ-007,Tractor,2021-04-17,FARM-04,OP-001,William Anderson,9.0,FLD-009,South Field,,7.8,53.9,None,0.0,None,0.82,High
LOG-03892,2024-10-04,EQ-057,Harvester,2016-06-09,FARM-08,OP-044,James Miller,11.0,FLD-006,North Field,264.76,1.7,8.6,None,0.0,None,0.29,Low
LOG-04940,2024-07-05,EQ-085,Planter,2017-05-25,FARM-07,,Emily Lopez,18.0,FLD-008,West Field,188.47,9.4,72.8,None,0.0,None,0.76,High
LOG-03488,2022-12-09,EQ-096,Tractor,2022-07-28,FARM-04,OP-014,John Hernandez,18.0,FLD-010,Hill Field,315.35,6.3,31.8,Routine,961.22,,0.76,High
LOG-00313,2024/03/11,EQ-020,Tractor,2019-04-06,,OP-035,Sarah Wilson,6.0,FLD-011,South Field,362.68,7.5,51.1,None,0.0,None,0.64,Medium
LOG-03048,2022-12-23,EQ-013,Tractor,2019-01-10,FARM-06,OP-013,Laura Martinez,17.0,FLD-008,West Field,188.47,5.0,27.9,None,0.0,None,0.12,Low
LOG-04218,2023-05-02,EQ-089,Planter,2016-09-26,FARM-04,OP-003,Sarah Jones,13.0,FLD-019,North Field,158.9,11.0,36.1,None,0.0,None,0.3,Medium
LOG-04705,2022-05-22,,Harvester,2023-05-10,FARM-09,OP-027,Emily Johnson,5.0,FLD-003,Golden Field,66.67,6.8,37.3,,0.0,None,0.45,Medium
LOG-00452,"February 07, 2023",EQ-082,Tractor,2015-07-27,FARM-09,OP-046,Michael Garcia,17.0,FLD-012,River Field,258.49,9.5,74.3,None,0.0,None,0.18,Low
LOG-05650,2023-11-07,EQ-058,Harvester,2017-12-21,FARM-09,OP-020,James Hernandez,9.0,FLD-017,East Field,311.6,5.4,22.0,None,0.0,None,0.64,Medium
LOG-00891,"August 17, 2024",EQ-088,Planter,2018-03-14,FARM-07,OP-022,Robert Hernandez,14.0,FLD-020,West Field,220.65,2.4,10.7,None,0.0,None,0.95,High
LOG-02764,,EQ-022,Harvester,2019-02-25,FARM-06,OP-049,Michael Williams,19.0,FLD-010,Hill Field,315.35,2.9,14.7,None,0.0,None,0.26,Low
LOG-03935,2023-02-15,EQ-090,Sprayer,2017-06-10,FARM-01,,Daniel Wilson,18.0,FLD-019,North Field,158.9,12.0,62.2,None,0.0,None,0.83,
LOG-01507,2022-02-18,EQ-078,Harvester,2017-02-23,FARM-04,OP-042,Daniel Garcia,10.0,FLD-018,River Field,208.98,5.8,41.4,Routine,1226.91,None,0.82,High
LOG-03064,2024-04-30,EQ-070,Harvester,2021-01-17,FARM-03,OP-043,Sarah Brown,1.0,FLD-003,Golden Field,66.67,2.1,15.3,None,0.0,None,0.5,Medium
LOG-02821,2022-03-06,EQ-004,Tractor,2021-08-15,FARM-07,OP-033,Emily Garcia,18.0,FLD-018,River Field,208.98,6.7,50.2,None,0.0,None,0.07,Low
LOG-01000,2024-03-11,EQ-078,Harvester,2017-02-23,FARM-04,OP-039,Michael Williams,4.0,FLD-019,North Field,158.9,11.8,47.4,None,0.0,None,0.53,Medium
LOG-00390,2024-05-17,EQ-040,Planter,2021-09-08,FARM-02,OP-046,Michael Garcia,17.0,FLD-009,South Field,474.95,10.9,79.1,None,0.0,None,0.22,Low
LOG-02331,2024-12-10,EQ-028,Tractor,2017-07-27,FARM-01,OP-047,Charles Hernandez,18.0,FLD-005,North Field,357.3,9.2,30.6,None,0.0,None,0.95,High
LOG-01477,2022-02-18,EQ-055,Tractor,2015-12-17,FARM-08,OP-022,Robert Hernandez,14.0,FLD-010,Hill Field,315.35,7.0,27.3,None,0.0,None,0.03,Low
LOG-02241,2024-07-09,EQ-062,Planter,2020-10-20,FARM-08,OP-007,Emily Johnson,18.0,FLD-009,South Field,474.95,8.5,36.3,None,0.0,None,0.8,High
LOG-06693,2023-03-07,EQ-099,Tractor,2021-12-11,FARM-02,OP-030,Alice Jones,12.0,FLD-002,Hill Field,223.83,1.9,5.7,Inspection,959.74,None,0.25,Low
LOG-06297,2024-05-25,EQ-027,Harvester,2022-09-05,FARM-06,OP-049,Michael Williams,19.0,FLD-015,West Field,216.02,10.3,69.8,None,0.0,None,0.9,High
LOG-05839,2024-07-03,EQ-027,Harvester,2022-09-05,FARM-06,OP-049,,19.0,FLD-011,South Field,362.68,4.5,16.8,None,0.0,None,0.14,Low
LOG-05901,2024-09-27,EQ-008,Plntr,2017-06-21,FARM-08,OP-042,Daniel Garcia,10.0,FLD-019,North Field,158.9,7.2,47.3,None,0.0,None,0.24,Low
LOG-02776,2023/06/15,EQ-053,Sprayer,2018-06-13,FARM-04,OP-008,James Rodriguez,9.0,FLD-001,Sunny Field,222.94,4.1,14.2,None,0.0,None,0.14,Low
LOG-01924,2024-04-22,,Tractor,2015-07-07,FARM-04,OP-026,Grace Rodriguez,1.0,FLD-019,North Field,158.9,11.0,48.8,None,0.0,None,0.85,High
LOG-00759,2022-12-26,,Harvester,2018-02-14,FARM-08,OP-019,James Lopez,11.0,FLD-006,North Field,264.76,10.2,65.9,None,0.0,None,0.16,Low
LOG-03873,2022-05-26,EQ-090,Sprayer,2017-06-10,FARM-01,OP-034,Grace Martinez,5.0,FLD-012,River Field,258.49,11.6,49.3,None,0.0,None,0.89,High
LOG-06122,2024-01-31,EQ-065,Harvester,2021-08-07,FARM-04,OP-044,James Miller,11.0,FLD-001,Sunny Field,222.94,4.7,35.4,Repair,243.05,Tire,0.96,High
LOG-01294,2023-06-20,EQ-055,Tractor,2015-12-17,FARM-08,OP-026,Grace Rodriguez,1.0,FLD-004,Sunny Field,103.14,11.1,66.4,Inspection,681.93,None,0.87,High
LOG-06167,2024-09-22,EQ-051,Tractor,2021-09-19,FARM-06,OP-003,Sarah Jones,13.0,FLD-003,Golden Field,66.67,9.5,75.3,None,0.0,None,0.47,Medium
LOG-06572,2024-02-14,EQ-075,Planter,2023-03-06,FARM-01,OP-010,Robert Anderson,8.0,FLD-006,North Field,264.76,7.1,54.4,None,0.0,None,0.04,Low
LOG-04626,2024-04-22,EQ-056,Tractr,2023-07-13,FARM-09,OP-030,Alice Jones,12.0,FLD-018,River Field,208.98,9.1,70.7,Routine,513.8,None,0.34,Medium
LOG-01908,"February 05, 2022",EQ-001,Tractor,2015-04-13,FARM-05,OP-037,,11.0,FLD-012,,258.49,11.9,91.3,None,0.0,None,0.42,Medium
LOG-06139,2023-09-21,,Tractor,2018-10-16,FARM-01,OP-034,Grace Martinez,5.0,FLD-009,South Field,,4.1,13.5,None,0.0,None,0.82,High
LOG-04849,2023-10-02,EQ-093,Planter,2020-08-21,FARM-09,OP-025,Michael Williams,15.0,FLD-005,North Field,357.3,4.1,32.1,None,0.0,None,0.62,Medium
LOG-00369,18-07-2022,EQ-073,Tractor,2022-05-23,FARM-07,OP-004,David Hernandez,10.0,FLD-005,North Field,357.3,1.9,9.0,None,,None,0.96,High
LOG-01938,06-04-2024,EQ-085,Planter,2017-05-25,FARM-07,OP-034,Grace Martinez,5.0,,Hill Field,315.35,1.2,7.0,None,0.0,None,0.25,Low
LOG-01152,2023-06-25,,Tractor,2022-01-05,FARM-05,OP-021,Chloe Jones,2.0,FLD-003,Golden Field,66.67,8.9,44.9,None,0.0,None,0.33,Medium
LOG-04801,2022/02/04,EQ-010,Planter,2018-10-25,FARM-05,OP-013,Laura Martinez,17.0,FLD-010,Hill Field,315.35,8.1,47.1,None,0.0,None,0.47,Medium
LOG-03406,2024-09-27,EQ-006,Harvester,2017-08-10,FARM-09,OP-033,Emily Garcia,18.0,FLD-020,West Field,220.65,10.0,43.2,None,0.0,None,,High
LOG-01791,2024-10-13,EQ-073,Tractor,2022-05-23,FARM-07,OP-002,James Hernandez,11.0,FLD-015,West Field,216.02,5.0,32.5,Routine,811.5,None,0.69,Medium
LOG-00192,2022-09-07,EQ-093,Planter,2020-08-21,FARM-09,OP-018,David Jones,10.0,FLD-010,Hill Field,315.35,7.3,41.7,None,0.0,None,0.4,Medium
LOG-05167,"January 17, 2024",EQ-090,Sprayer,2017-06-10,,,Emily Garcia,18.0,FLD-010,Hill Field,315.35,10.8,84.6,None,0.0,None,0.08,Low
LOG-03612,2023-12-24,EQ-072,Plntr,2017-02-18,FARM-02,OP-010,Robert Anderson,8.0,FLD-018,River Field,208.98,2.4,9.9,Repair,869.4,Blade,0.01,Low
LOG-00175,2022-07-04,EQ-040,Plntr,2021-09-08,FARM-02,OP-032,James Hernandez,8.0,FLD-001,Sunny Field,222.94,11.4,63.0,None,0.0,None,,Low
LOG-01904,2024-09-07,EQ-089,Planter,2016-09-26,FARM-04,OP-035,Sarah Wilson,6.0,FLD-007,Golden Field,346.56,11.9,80.8,None,0.0,None,0.34,Medium
LOG-01100,2023-06-05,EQ-052,Planter,2015-03-21,FARM-02,OP-030,Alice Jones,12.0,FLD-003,Golden Field,66.67,8.4,64.7,Repair,345.46,Hydraulics,0.73,High
LOG-04631,2023/04/22,EQ-063,Tractor,2017-10-12,FARM-04,OP-029,David Miller,5.0,FLD-002,Hill Field,223.83,9.6,53.0,None,0.0,None,0.61,Medium
LOG-04748,15-08-2022,EQ-092,Tractor,2015-07-25,FARM-10,OP-050,Michael Smith,4.0,FLD-001,Sunny Field,222.94,6.4,25.7,Repair,928.61,None,0.82,High
LOG-02293,2024-11-05,,Harvester,2017-05-31,FARM-06,OP-007,Emily Johnson,18.0,FLD-015,West Field,216.02,11.4,39.6,None,0.0,None,0.03,Low
LOG-06093,2024-04-18,EQ-007,Tractor,2021-04-17,FARM-04,OP-024,William Gonzalez,5.0,FLD-018,River Field,208.98,7.2,46.4,None,0.0,None,0.21,Low
LOG-01616,2023-08-30,EQ-090,Sprayer,2017-06-10,FARM-01,OP-042,Daniel Garcia,10.0,FLD-018,River Field,208.98,9.3,52.9,None,0.0,None,0.69,Medium
LOG-05479,2022-06-21,EQ-062,Planter,2020-10-20,FARM-08,OP-031,Alice Anderson,12.0,FLD-010,Hill Field,315.35,9.4,44.1,None,0.0,None,0.33,Medium
LOG-03524,2022-08-13,EQ-013,Tractor,2019-01-10,FARM-06,OP-026,Grace Rodriguez,1.0,FLD-005,,357.3,9.2,44.4,None,0.0,None,0.24,Low
LOG-01165,24-05-2024,EQ-029,Sprayer,2019-07-02,FARM-05,OP-002,James Hernandez,11.0,FLD-008,West Field,188.47,5.2,24.8,None,0.0,None,0.91,High
LOG-03719,2022-08-12,EQ-048,Tractr,2022-01-05,FARM-05,OP-011,Sophia Jones,6.0,FLD-008,West Field,188.47,6.3,40.3,None,0.0,None,0.72,High
LOG-03979,2022-11-03,EQ-018,Tractor,2015-07-07,FARM-04,OP-010,Robert Anderson,8.0,,Valley Field,341.89,11.5,90.2,,0.0,None,0.59,Medium
LOG-02908,2022-04-22,EQ-041,Planter,2019-04-13,FARM-10,OP-045,Michael Wilson,,FLD-015,West Field,216.02,4.5,23.9,None,0.0,None,0.73,High
LOG-05207,2023-04-04,EQ-078,Harvester,2017-02-23,FARM-04,OP-046,Michael Garcia,17.0,FLD-020,West Field,220.65,5.3,33.7,Inspection,355.74,None,0.58,Medium
LOG-04944,2022-08-19,,Sprayer,2023-08-15,FARM-06,OP-003,Sarah Jones,13.0,FLD-018,River Field,208.98,8.6,64.2,None,0.0,None,0.97,High
LOG-01662,2022-06-27,EQ-016,Sprayer,2022-01-18,FARM-10,,Grace Rodriguez,1.0,FLD-007,Golden Field,346.56,7.1,39.0,Repair,1493.56,Tire,0.48,Medium
LOG-00509,2022-06-30,EQ-061,Planter,,FARM-06,OP-039,,4.0,FLD-014,,281.66,1.7,7.0,Routine,104.75,None,0.39,Medium
LOG-00167,2022/11/12,EQ-083,Tractor,2016-01-18,FARM-04,OP-011,Sophia Jones,6.0,FLD-019,North Field,158.9,2.9,17.8,None,0.0,None,0.34,Medium
LOG-06620,2024-03-23,EQ-075,Planter,2023-03-06,,OP-039,Michael Williams,4.0,,North Field,158.9,2.5,14.7,None,,,0.02,Low
LOG-05603,2024-04-18,EQ-032,Planter,2022-03-18,FARM-08,,Daniel Wilson,18.0,FLD-018,River Field,208.98,4.7,27.4,None,0.0,None,0.96,High
LOG-03122,2022-04-11,EQ-054,Tractor,2017-09-13,FARM-10,OP-039,Michael Williams,4.0,FLD-014,River Field,281.66,8.6,41.2,Inspection,931.22,None,0.54,Medium
LOG-05845,23-11-2022,EQ-061,Planter,2022-07-14,FARM-06,OP-045,Michael Wilson,3.0,FLD-016,Valley Field,341.89,10.2,57.8,None,0.0,None,0.46,Medium
LOG-00104,2024-05-18,EQ-011,Harvester,2017-05-31,FARM-06,OP-018,David Jones,10.0,FLD-015,West Field,216.02,6.3,32.8,None,0.0,None,0.75,High
LOG-03333,2024-11-17,EQ-058,Harvester,2017-12-21,FARM-09,OP-011,Sophia Jones,6.0,FLD-005,North Field,357.3,2.7,14.6,None,0.0,None,0.03,Low
LOG-04231,2023-01-04,EQ-064,Tractor,2018-10-16,FARM-01,OP-018,David Jones,10.0,FLD-012,River Field,258.49,5.1,37.7,Repair,364.4,Tire,0.16,Low
LOG-05827,2023-09-20,EQ-043,Tractor,2022-08-18,FARM-02,OP-035,Sarah Wilson,6.0,,West Field,188.47,7.4,48.2,None,0.0,None,0.56,Medium
LOG-06411,2023-01-07,EQ-083,Tractor,2016-01-18,FARM-04,OP-028,Alice Wilson,12.0,FLD-016,Valley Field,341.89,9.4,39.1,None,0.0,None,0.11,Low
LOG-04292,2024-12-17,EQ-025,Harvester,2016-10-31,FARM-08,OP-010,Robert Anderson,8.0,FLD-004,Sunny Field,103.14,3.5,13.1,Inspection,1040.94,None,0.41,Medium
LOG-01753,2023-01-06,EQ-040,,2021-09-08,,OP-001,William Anderson,9.0,FLD-007,Golden Field,346.56,10.5,42.3,None,0.0,None,0.39,
LOG-06247,2023-07-06,EQ-045,Tractor,,FARM-07,OP-013,Laura Martinez,17.0,FLD-020,West Field,220.65,11.2,78.8,None,0.0,None,0.57,Medium
LOG-03743,2023-06-21,EQ-020,Tractor,2019-04-06,FARM-05,OP-013,Laura Martinez,17.0,FLD-014,River Field,281.66,9.4,60.6,None,0.0,None,0.24,Low
LOG-05609,2023-09-20,EQ-046,Harvester,2020-02-02,FARM-01,OP-032,James Hernandez,8.0,FLD-010,Hill Field,315.35,4.8,31.4,Routine,682.92,None,0.93,High
LOG-01659,2022-03-27,EQ-077,Sprayer,2023-12-24,FARM-02,OP-001,William Anderson,9.0,FLD-013,Valley Field,169.83,8.7,45.6,None,0.0,None,0.23,Low
LOG-00153,2022-03-13,EQ-078,Harvester,2017-02-23,FARM-04,OP-044,,11.0,FLD-015,West Field,216.02,2.4,,None,0.0,None,0.36,Medium
LOG-03574,2022-04-16,EQ-038,Planter,2016-01-08,FARM-01,OP-011,Sophia Jones,6.0,FLD-016,Valley Field,341.89,6.0,41.4,None,0.0,None,,High
LOG-02484,2022-10-24,EQ-019,Sprayer,2015-11-23,FARM-04,OP-046,Michael Garcia,17.0,FLD-014,River Field,281.66,3.0,11.9,Routine,1050.76,None,0.05,Low
LOG-01584,2023-06-07,EQ-044,Sprayer,2023-08-15,FARM-06,OP-022,Robert Hernandez,14.0,FLD-006,North Field,264.76,4.8,35.3,None,0.0,None,0.46,Medium
LOG-05886,2023-11-16,EQ-086,Tractor,2016-11-05,FARM-07,OP-015,Laura Anderson,4.0,FLD-008,West Field,188.47,5.0,23.9,None,0.0,None,0.37,Medium
LOG-02553,2023-08-27,EQ-038,Planter,2016-01-08,FARM-01,OP-019,James Lopez,11.0,FLD-006,North Field,264.76,5.3,35.4,None,0.0,None,0.52,Medium
LOG-03380,2024-05-14,EQ-032,Planter,2022-03-18,FARM-08,OP-037,John Williams,11.0,FLD-014,River Field,281.66,4.1,16.6,,0.0,None,0.83,High
LOG-03003,2023-04-20,EQ-074,Sprayer,2019-10-01,FARM-07,OP-019,James Lopez,11.0,FLD-001,Sunny Field,222.94,10.0,51.2,None,0.0,None,0.94,High
LOG-03539,2024-12-02,EQ-037,Sprayer,2017-06-17,FARM-03,OP-005,Daniel Garcia,3.0,FLD-004,Sunny Field,103.14,2.1,14.4,None,0.0,None,0.84,
LOG-05133,13-10-2024,EQ-062,Planter,2020-10-20,FARM-08,OP-040,Charles Wilson,2.0,FLD-019,North Field,158.9,11.2,34.6,Repair,941.94,None,0.07,Low
LOG-05417,,EQ-007,Tractor,2021-04-17,FARM-04,OP-039,Michael Williams,4.0,FLD-004,Sunny Field,103.14,5.3,38.0,None,0.0,None,0.33,Medium
LOG-06108,2023-09-22,EQ-025,Harvester,2016-10-31,,OP-025,Michael Williams,15.0,FLD-017,East Field,311.6,2.1,8.8,None,0.0,None,0.88,High
LOG-02210,,EQ-079,Planter,2016-07-28,FARM-07,OP-028,Alice Wilson,12.0,FLD-014,River Field,281.66,5.5,25.5,None,0.0,None,0.17,Low
LOG-03650,2023-05-26,EQ-010,Planter,2018-10-25,FARM-05,OP-038,Grace Gonzalez,8.0,FLD-003,Golden Field,66.67,10.0,66.6,None,0.0,None,0.9,High
LOG-04206,2022-01-21,EQ-066,Tractor,2015-10-18,FARM-01,OP-004,David Hernandez,10.0,FLD-020,West Field,220.65,3.1,22.7,None,0.0,None,0.81,High
LOG-01823,2023-05-20,EQ-063,Tractor,2017-10-12,FARM-04,OP-008,James Rodriguez,9.0,FLD-004,Sunny Field,103.14,10.3,42.3,None,0.0,None,0.17,Low
LOG-06006,2023-02-11,EQ-052,Planter,2015-03-21,FARM-02,OP-013,Laura Martinez,17.0,FLD-017,East Field,311.6,9.2,44.9,None,0.0,None,0.39,Medium
LOG-04685,2022-03-24,EQ-040,Planter,2021-09-08,FARM-02,OP-047,Charles Hernandez,18.0,FLD-004,Sunny Field,103.14,5.1,20.9,None,0.0,None,0.67,Medium
LOG-04193,2023-02-19,EQ-073,Tractr,2022-05-23,FARM-07,OP-041,Chloe Brown,7.0,FLD-016,,341.89,6.7,53.5,None,0.0,None,0.03,Low
LOG-04425,2023-09-28,EQ-002,Harvester,2017-07-03,FARM-03,OP-018,,10.0,FLD-001,Sunny Field,222.94,6.4,50.2,None,0.0,None,0.78,High
LOG-00310,2022-02-04,EQ-098,Harvester,2021-06-29,FARM-10,OP-031,Alice Anderson,12.0,FLD-003,Golden Field,66.67,7.5,23.0,None,0.0,None,,High
LOG-00213,2024-03-21,EQ-087,Tractor,2019-05-19,FARM-05,OP-020,James Hernandez,9.0,FLD-001,Sunny Field,222.94,3.8,11.5,None,0.0,None,0.08,Low
LOG-03359,2023-09-18,EQ-002,Harvstr,2017-07-03,FARM-03,OP-046,Michael Garcia,17.0,FLD-006,North Field,264.76,2.5,9.6,Inspection,1283.93,None,0.27,Low
LOG-06672,2023-01-23,EQ-046,Harvester,2020-02-02,FARM-01,OP-021,Chloe Jones,2.0,FLD-018,River Field,208.98,7.0,51.0,,0.0,None,0.05,Low
LOG-03553,2022-02-01,EQ-073,Tractor,2022-05-23,FARM-07,OP-047,Charles Hernandez,18.0,FLD-016,Valley Field,341.89,3.5,12.8,None,0.0,None,0.99,High
LOG-00496,2024-07-17,EQ-093,,2020-08-21,FARM-09,OP-044,James Miller,11.0,FLD-011,South Field,362.68,7.6,25.4,None,0.0,None,0.14,Low
LOG-00206,2023-04-29,EQ-002,Harvester,2017-07-03,FARM-03,OP-017,Emily Lopez,18.0,FLD-012,River Field,258.49,1.7,6.1,None,0.0,None,0.41,Medium
LOG-01435,2023-02-04,EQ-057,Harvester,,FARM-08,OP-024,William Gonzalez,5.0,FLD-017,East Field,311.6,1.1,5.0,Routine,584.86,None,0.26,Low
LOG-01136,"July 29, 2023",EQ-015,Tractor,2019-03-31,FARM-02,OP-018,David Jones,10.0,FLD-012,River Field,258.49,11.4,74.8,None,0.0,None,0.89,High
LOG-02585,2023-07-07,EQ-079,,2016-07-28,FARM-07,OP-033,,18.0,FLD-015,West Field,216.02,10.6,71.8,None,0.0,None,0.85,High
LOG-00869,2023-09-04,EQ-084,Harvester,2019-07-23,FARM-08,OP-010,Robert Anderson,8.0,FLD-004,Sunny Field,103.14,6.4,33.0,None,0.0,None,0.31,Medium
LOG-04056,2022-02-17,EQ-062,Planter,2020-10-20,FARM-08,OP-028,Alice Wilson,12.0,FLD-002,Hill Field,223.83,7.6,41.6,None,0.0,None,0.3,Medium
LOG-00306,2023-08-07,EQ-083,Tractor,2016-01-18,FARM-04,OP-006,John Davis,20.0,FLD-008,West Field,,9.6,61.9,None,0.0,None,0.66,Medium
LOG-01850,2023-05-18,EQ-017,Sprayer,2021-06-22,FARM-04,OP-027,Emily Johnson,5.0,FLD-002,Hill Field,223.83,11.4,85.3,None,0.0,None,0.3,Medium
LOG-03729,2023-06-23,EQ-079,Planter,2016-07-28,FARM-07,OP-013,Laura Martinez,17.0,FLD-012,River Field,258.49,5.3,,None,0.0,None,0.53,Medium
LOG-01989,2023-07-19,EQ-065,Harvester,2021-08-07,FARM-04,OP-034,Grace Martinez,5.0,,North Field,264.76,4.6,36.2,None,,None,0.83,High
LOG-02799,2023-01-10,EQ-016,Sprayer,2022-01-18,FARM-10,,Jessica Anderson,14.0,FLD-005,North Field,357.3,9.1,46.4,None,0.0,None,0.48,Medium
LOG-04509,2022-01-02,EQ-001,Tractor,2015-04-13,FARM-05,OP-038,Grace Gonzalez,8.0,FLD-018,River Field,208.98,10.6,49.5,None,0.0,None,0.54,Medium
LOG-01535,2023/03/07,EQ-014,Sprayer,2015-06-27,FARM-08,OP-044,James Miller,11.0,FLD-010,Hill Field,315.35,7.3,27.5,Inspection,1161.28,None,0.78,High
LOG-00844,28-04-2024,EQ-037,Sprayer,2017-06-17,FARM-03,OP-013,Laura Martinez,17.0,FLD-003,Golden Field,66.67,5.0,24.8,None,0.0,None,0.83,High
LOG-01988,2022-02-16,EQ-074,Sprayer,2019-10-01,FARM-07,OP-034,Grace Martinez,5.0,FLD-017,East Field,311.6,9.5,63.2,None,0.0,None,0.55,Medium
LOG-04093,2022-09-08,EQ-055,Tractor,2015-12-17,FARM-08,OP-001,William Anderson,9.0,FLD-017,East Field,311.6,5.5,24.0,Repair,1049.1,None,0.76,High
LOG-04695,13-11-2022,EQ-096,Tractor,2022-07-28,FARM-04,OP-047,Charles Hernandez,18.0,FLD-012,River Field,258.49,4.6,17.7,None,0.0,None,0.93,High
LOG-05258,"October 06, 2024",EQ-035,Sprayer,2023-05-18,FARM-10,OP-048,William Smith,4.0,FLD-009,South Field,474.95,11.3,67.6,None,0.0,None,0.78,High
LOG-00384,2023-05-26,EQ-025,Harvstr,2016-10-31,FARM-08,OP-013,Laura Martinez,17.0,FLD-002,Hill Field,223.83,1.4,4.6,None,0.0,None,0.21,Low
LOG-01539,2024-04-07,EQ-098,Harvester,2021-06-29,FARM-10,OP-027,Emily Johnson,5.0,FLD-001,Sunny Field,222.94,1.6,8.1,None,0.0,None,0.15,Low
LOG-00212,2024-07-17,EQ-066,Tractor,2015-10-18,FARM-01,OP-029,David Miller,5.0,FLD-002,Hill Field,223.83,2.5,12.7,None,0.0,None,0.56,Medium
LOG-01958,2023-06-17,EQ-057,Harvester,2016-06-09,FARM-08,OP-018,David Jones,10.0,,South Field,362.68,7.7,58.8,None,0.0,None,0.83,High
LOG-04571,2023-08-18,EQ-028,Tractr,2017-07-27,FARM-01,OP-026,Grace Rodriguez,1.0,FLD-009,South Field,474.95,3.8,27.1,None,0.0,None,0.56,Medium
LOG-02439,2024-06-16,EQ-083,Tractor,2016-01-18,FARM-04,OP-043,Sarah Brown,1.0,FLD-016,Valley Field,341.89,10.8,35.9,None,0.0,None,0.98,High
LOG-02728,2023-04-06,EQ-090,Sprayer,2017-06-10,FARM-01,OP-039,Michael Williams,4.0,FLD-008,West Field,188.47,2.4,15.6,None,0.0,None,0.49,Medium
LOG-03219,05-04-2024,EQ-014,Sprayer,2015-06-27,FARM-08,OP-019,James Lopez,11.0,FLD-019,North Field,158.9,6.2,21.4,None,0.0,None,0.25,Low
LOG-05267,2023-03-08,EQ-033,Harvester,2017-12-20,FARM-03,OP-009,David Anderson,12.0,FLD-011,South Field,362.68,2.2,11.4,None,0.0,None,0.84,High
LOG-01350,"September 28, 2022",EQ-049,Harvester,2016-09-18,FARM-06,OP-030,Alice Jones,12.0,FLD-008,West Field,188.47,11.0,48.4,None,0.0,None,0.28,Low
LOG-04373,2022-06-03,EQ-064,Tractor,2018-10-16,FARM-01,OP-032,James Hernandez,8.0,,North Field,357.3,1.4,,Inspection,,None,0.68,Medium
LOG-06726,2022-12-12,EQ-043,Tractor,2022-08-18,,OP-011,Sophia Jones,6.0,FLD-004,Sunny Field,103.14,4.8,35.3,None,0.0,None,0.43,Medium
LOG-05350,2023-01-30,EQ-045,Tractor,2018-04-17,FARM-07,OP-035,Sarah Wilson,6.0,FLD-013,Valley Field,169.83,5.2,41.3,Repair,571.63,Blade,0.38,Medium
LOG-00681,2023-01-04,EQ-078,Harvester,2017-02-23,FARM-04,OP-028,Alice Wilson,12.0,FLD-020,West Field,220.65,6.0,30.7,None,0.0,None,0.39,Medium
LOG-00181,"November 02, 2022",EQ-061,Planter,2022-07-14,FARM-06,OP-034,Grace Martinez,5.0,FLD-015,West Field,216.02,7.7,42.9,None,0.0,None,0.61,Medium
LOG-06661,"May 09, 2024",EQ-062,Planter,2020-10-20,FARM-08,,Robert Anderson,8.0,FLD-019,North Field,158.9,2.1,11.4,None,0.0,None,,
LOG-04873,2024-06-25,EQ-052,Planter,2015-03-21,FARM-02,OP-025,Michael Williams,15.0,FLD-001,Sunny Field,222.94,2.5,12.4,None,0.0,None,0.76,High
LOG-06463,2022-10-08,EQ-003,Tractor,2022-08-03,FARM-09,OP-024,William Gonzalez,5.0,FLD-015,West Field,216.02,2.3,16.1,Routine,1000.53,None,0.6,Medium
LOG-00279,"October 02, 2022",EQ-079,Planter,2016-07-28,FARM-07,OP-038,Grace Gonzalez,8.0,FLD-003,Golden Field,66.67,4.4,18.4,Repair,591.29,Belt,0.51,Medium
LOG-02938,02-08-2022,EQ-069,Harvester,2018-02-14,FARM-08,OP-042,Daniel Garcia,10.0,FLD-003,Golden Field,66.67,4.6,20.4,None,0.0,None,,Low
LOG-04840,2023-04-28,EQ-066,Tractor,2015-10-18,FARM-01,OP-050,Michael Smith,4.0,FLD-001,Sunny Field,222.94,11.4,74.2,None,0.0,None,0.61,Medium
LOG-02481,2024-10-26,EQ-050,,2021-01-18,FARM-09,OP-012,,18.0,FLD-019,North Field,158.9,11.1,60.9,None,0.0,None,0.48,Medium
LOG-00290,15-07-2022,EQ-074,Sprayer,2019-10-01,FARM-07,OP-018,David Jones,,FLD-017,East Field,311.6,2.5,16.9,None,0.0,None,0.07,Low
LOG-04341,2024-12-10,EQ-015,Tractor,2019-03-31,FARM-02,OP-001,William Anderson,9.0,FLD-004,Sunny Field,103.14,9.8,54.1,None,0.0,None,0.61,Medium
LOG-06752,"December 11, 2023",EQ-071,Planter,2017-09-22,FARM-08,OP-016,David Jones,4.0,FLD-008,West Field,188.47,2.9,18.4,None,0.0,None,0.97,High
LOG-00994,2024-08-24,EQ-052,Planter,2015-03-21,FARM-02,OP-038,Grace Gonzalez,8.0,FLD-001,Sunny Field,222.94,8.2,65.2,None,0.0,None,0.86,High
LOG-02237,"August 08, 2022",EQ-058,Harvester,2017-12-21,,OP-046,Michael Garcia,17.0,FLD-018,River Field,208.98,,7.7,None,0.0,None,0.79,High
LOG-06658,2023-11-30,EQ-022,,2019-02-25,FARM-06,OP-023,Michael Smith,1.0,FLD-017,East Field,311.6,8.3,46.6,None,,None,0.81,High
LOG-00040,2022/11/18,EQ-028,Tractor,2017-07-27,FARM-01,,Emily Lopez,18.0,FLD-003,Golden Field,66.67,3.6,20.7,Inspection,642.35,None,0.69,Medium
LOG-06744,2024-01-01,EQ-031,Sprayer,2017-05-20,FARM-08,OP-005,Daniel Garcia,3.0,FLD-004,Sunny Field,103.14,2.0,10.1,None,0.0,None,0.29,Low
LOG-02755,2022-08-13,EQ-033,Harvester,2017-12-20,FARM-03,OP-041,Chloe Brown,7.0,FLD-011,South Field,362.68,7.5,50.1,None,0.0,None,0.31,Medium
LOG-05607,2022-10-19,EQ-060,Harvester,2022-12-30,FARM-05,OP-026,Grace Rodriguez,1.0,FLD-019,North Field,158.9,8.7,64.0,None,0.0,None,0.64,Medium
LOG-05295,"March 21, 2023",EQ-075,Plntr,2023-03-06,FARM-01,OP-017,Emily Lopez,18.0,FLD-005,,357.3,7.3,55.7,None,0.0,None,0.56,Medium
LOG-00271,2023-10-01,EQ-094,Harvester,2015-08-21,FARM-09,OP-010,Robert Anderson,8.0,,River Field,258.49,4.8,33.2,None,0.0,None,0.35,Medium
LOG-06289,2022-09-26,EQ-007,Tractor,2021-04-17,FARM-04,OP-015,Laura Anderson,4.0,FLD-016,Valley Field,341.89,6.6,22.0,None,0.0,None,0.9,High
LOG-02884,2024-01-15,EQ-061,Planter,2022-07-14,FARM-06,OP-031,Alice Anderson,12.0,FLD-009,South Field,474.95,8.8,39.4,None,0.0,None,0.95,High
LOG-05718,2023-01-05,EQ-084,Harvester,2019-07-23,FARM-08,OP-032,James Hernandez,8.0,FLD-008,West Field,188.47,8.0,38.7,Repair,420.67,Tire,0.37,Medium
LOG-05261,2023-04-26,EQ-070,Harvester,2021-01-17,FARM-03,OP-017,Emily Lopez,18.0,FLD-013,Valley Field,169.83,10.7,74.7,Inspection,1135.73,None,0.56,Medium
LOG-05433,2024-12-11,EQ-040,Planter,2021-09-08,FARM-02,OP-023,Michael Smith,1.0,FLD-015,West Field,216.02,5.7,43.3,None,0.0,None,0.64,Medium
LOG-00112,"August 22, 2022",EQ-022,Harvester,2019-02-25,FARM-06,OP-005,Daniel Garcia,3.0,FLD-017,East Field,311.6,6.8,27.0,,0.0,None,,Medium
LOG-01392,2024/01/02,EQ-081,Harvester,2015-11-05,FARM-08,OP-026,Grace Rodriguez,1.0,FLD-020,West Field,220.65,,31.3,None,0.0,None,0.95,High
LOG-02601,2022-04-13,EQ-089,Planter,2016-09-26,FARM-04,OP-025,Michael Williams,15.0,FLD-007,Golden Field,346.56,6.2,23.2,None,0.0,None,,Medium
LOG-00221,2024-10-28,EQ-100,,2022-05-16,FARM-10,OP-004,David Hernandez,10.0,FLD-005,North Field,357.3,11.9,,None,0.0,None,0.57,Medium
LOG-06663,2024/11/02,EQ-043,Tractor,2022-08-18,FARM-02,OP-008,James Rodriguez,9.0,FLD-003,Golden Field,66.67,1.4,6.4,None,0.0,None,0.09,Low
LOG-03026,2024/01/01,EQ-028,Tractor,2017-07-27,FARM-01,OP-005,Daniel Garcia,3.0,FLD-019,North Field,158.9,9.1,,,0.0,None,0.63,Medium
LOG-04249,2023-03-21,EQ-091,Tractor,2023-05-22,FARM-06,OP-013,Laura Martinez,17.0,FLD-008,West Field,188.47,11.3,58.4,None,0.0,None,0.05,Low
LOG-00084,2022-02-13,,Plntr,2017-05-17,FARM-09,OP-006,John Davis,20.0,FLD-007,Golden Field,346.56,1.6,7.5,None,0.0,None,0.78,High
LOG-00874,2022-09-19,EQ-062,Planter,2020-10-20,FARM-08,OP-020,James Hernandez,9.0,FLD-005,North Field,357.3,8.5,38.3,None,0.0,None,0.43,Medium
LOG-06483,2022-07-14,EQ-005,Tractor,2015-05-03,FARM-02,OP-008,James Rodriguez,9.0,FLD-008,West Field,188.47,9.1,32.6,None,0.0,None,0.13,
LOG-04616,"November 11, 2024",EQ-031,Sprayer,2017-05-20,FARM-08,OP-017,Emily Lopez,18.0,FLD-007,Golden Field,346.56,11.0,59.5,None,0.0,None,0.08,Low
LOG-00462,,EQ-027,Harvester,2022-09-05,FARM-06,OP-043,Sarah Brown,1.0,FLD-007,Golden Field,346.56,10.2,41.1,None,0.0,None,0.87,High
LOG-06149,2024-08-22,EQ-034,Harvester,2023-05-10,FARM-09,OP-007,Emily Johnson,18.0,FLD-005,North Field,357.3,2.9,13.8,Inspection,975.56,None,0.57,Medium
LOG-00552,07-08-2023,EQ-089,,2016-09-26,FARM-04,OP-044,James Miller,11.0,FLD-009,South Field,474.95,8.1,45.8,None,0.0,None,0.19,Low
LOG-06508,01-12-2024,EQ-026,Planter,2018-01-10,FARM-09,OP-037,John Williams,11.0,FLD-014,River Field,281.66,4.1,29.6,None,0.0,None,0.78,High
LOG-02375,2022-11-08,EQ-006,Harvester,2017-08-10,FARM-09,OP-003,Sarah Jones,13.0,FLD-001,Sunny Field,222.94,6.3,40.4,None,0.0,None,0.07,
LOG-06434,2023-11-06,EQ-033,Harvester,2017-12-20,FARM-03,OP-050,Michael Smith,4.0,FLD-005,North Field,357.3,6.6,32.5,None,0.0,None,0.15,Low
LOG-02247,2024-09-11,EQ-006,Harvstr,2017-08-10,FARM-09,OP-002,James Hernandez,11.0,FLD-017,East Field,311.6,8.9,32.1,None,0.0,None,0.81,High
LOG-06772,"November 12, 2022",EQ-090,Sprayer,2017-06-10,FARM-01,OP-007,Emily Johnson,18.0,FLD-005,North Field,,11.8,37.5,Inspection,335.65,None,,High
LOG-06488,2023-11-09,EQ-069,Harvester,2018-02-14,FARM-08,OP-050,Michael Smith,4.0,FLD-006,North Field,264.76,5.8,38.3,None,0.0,None,0.61,Medium
LOG-02451,11-10-2024,EQ-100,Planter,2022-05-16,FARM-10,OP-007,Emily Johnson,18.0,FLD-016,Valley Field,341.89,4.5,19.4,Repair,1190.66,None,0.93,High
LOG-02330,2022-05-02,,Tractor,2017-05-14,FARM-10,OP-009,David Anderson,12.0,,North Field,,3.8,16.7,None,0.0,None,0.28,Low
LOG-05869,20-11-2023,EQ-081,Harvester,2015-11-05,FARM-08,OP-035,Sarah Wilson,6.0,FLD-010,Hill Field,315.35,7.8,44.4,None,0.0,None,0.44,Medium
LOG-02147,2024-07-13,EQ-052,Planter,2015-03-21,,OP-032,James Hernandez,8.0,FLD-019,North Field,158.9,5.1,38.1,None,0.0,None,0.07,Low
LOG-05457,2024-01-10,EQ-095,Tractor,2017-01-31,FARM-02,OP-032,James Hernandez,8.0,FLD-004,Sunny Field,103.14,8.1,54.1,Inspection,346.93,None,0.97,High
LOG-05844,06-07-2023,EQ-058,Harvester,2017-12-21,FARM-09,OP-009,David Anderson,12.0,FLD-010,Hill Field,315.35,9.6,31.2,None,0.0,None,0.8,High
LOG-06172,2022-08-13,EQ-053,Sprayer,2018-06-13,FARM-04,OP-003,Sarah Jones,13.0,FLD-009,South Field,474.95,,73.5,None,0.0,None,0.4,Medium
LOG-00651,2023-09-12,EQ-039,Tractor,2016-09-18,FARM-03,OP-014,John Hernandez,18.0,FLD-017,East Field,311.6,2.9,14.1,Routine,343.04,None,0.1,Low
LOG-00709,2024-03-12,EQ-035,Sprayer,2023-05-18,FARM-10,OP-010,Robert Anderson,8.0,FLD-011,South Field,362.68,7.3,40.7,None,0.0,None,0.49,Medium
LOG-06655,2024-06-28,EQ-056,Tractor,2023-07-13,FARM-09,OP-008,James Rodriguez,9.0,FLD-004,Sunny Field,103.14,10.9,41.6,,0.0,None,0.48,Medium
LOG-06594,05-03-2024,EQ-021,Planter,2022-02-16,FARM-06,OP-017,Emily Lopez,18.0,FLD-005,North Field,357.3,2.3,15.1,None,0.0,None,0.28,Low
LOG-05252,2023-06-10,EQ-010,Planter,2018-10-25,FARM-05,OP-050,Michael Smith,4.0,FLD-016,Valley Field,341.89,1.8,9.3,None,0.0,,0.94,High
LOG-05411,2024/01/04,EQ-050,Harvester,2021-01-18,FARM-09,OP-009,David Anderson,12.0,FLD-005,North Field,357.3,8.1,34.5,None,0.0,None,0.73,High
LOG-05426,2023-08-06,EQ-008,Plntr,2017-06-21,FARM-08,OP-021,Chloe Jones,2.0,FLD-007,Golden Field,346.56,6.5,35.4,None,0.0,None,0.09,Low
LOG-01425,2023-06-06,EQ-080,Harvester,,FARM-08,OP-050,Michael Smith,4.0,FLD-013,Valley Field,169.83,7.2,44.7,None,0.0,None,0.59,Medium
LOG-01217,2023-12-14,EQ-077,Sprayer,2023-12-24,FARM-02,OP-025,Michael Williams,15.0,FLD-007,Golden Field,346.56,3.3,13.1,None,0.0,None,0.95,High
LOG-05338,2024-01-13,EQ-065,Harvester,2021-08-07,FARM-04,OP-019,James Lopez,11.0,FLD-012,River Field,258.49,6.0,21.1,,0.0,None,0.91,High
LOG-01925,07-06-2023,EQ-016,Sprayer,2022-01-18,FARM-10,OP-046,Michael Garcia,17.0,FLD-014,,281.66,8.1,44.5,None,0.0,None,0.41,Medium
LOG-03775,2024-03-08,EQ-033,Harvester,2017-12-20,FARM-03,OP-005,Daniel Garcia,3.0,FLD-001,Sunny Field,222.94,2.1,10.4,None,0.0,None,0.01,Low
LOG-04658,29-07-2024,EQ-028,Tractor,2017-07-27,FARM-01,OP-013,Laura Martinez,17.0,,River Field,258.49,1.4,6.1,None,0.0,None,0.79,High
LOG-00315,2022-12-26,EQ-078,Harvester,2017-02-23,FARM-04,OP-004,David Hernandez,10.0,FLD-010,Hill Field,315.35,2.3,15.0,None,0.0,None,0.17,Low
LOG-03769,2022/09/21,EQ-069,Harvester,2018-02-14,,OP-050,Michael Smith,4.0,FLD-009,South Field,474.95,2.4,17.7,None,0.0,None,0.06,Low
LOG-01428,"April 20, 2023",EQ-027,Harvester,2022-09-05,FARM-06,OP-011,Sophia Jones,6.0,FLD-001,Sunny Field,222.94,11.9,41.1,None,0.0,None,0.15,Low
LOG-03904,2024/12/19,EQ-024,Tractor,,FARM-03,OP-031,Alice Anderson,12.0,,North Field,357.3,6.1,29.9,Routine,402.64,None,0.02,Low
LOG-06068,2022-03-25,EQ-076,Tractor,2015-09-06,FARM-07,OP-049,Michael Williams,19.0,,West Field,220.65,2.2,16.4,None,0.0,None,0.94,High
LOG-03905,2023-04-09,EQ-062,Planter,2020-10-20,FARM-08,OP-029,David Miller,5.0,FLD-018,River Field,208.98,10.1,52.4,Routine,1127.9,None,0.41,Medium
LOG-05658,"February 12, 2024",EQ-025,Harvester,2016-10-31,FARM-08,OP-049,,19.0,FLD-020,West Field,220.65,1.4,5.1,None,0.0,None,0.01,Low
LOG-06748,2024-10-13,EQ-091,Tractor,2023-05-22,FARM-06,OP-025,Michael Williams,15.0,FLD-014,River Field,281.66,2.0,10.0,None,0.0,None,0.9,High
LOG-01106,2022-07-22,EQ-037,Sprayer,2017-06-17,FARM-03,OP-036,,14.0,FLD-009,South Field,474.95,10.9,,None,,None,0.39,Medium
LOG-05144,2022-06-24,EQ-048,Tractor,2022-01-05,,OP-019,James Lopez,11.0,FLD-008,West Field,188.47,6.6,33.1,,0.0,None,0.6,Medium
LOG-04288,2022-12-31,EQ-010,Planter,2018-10-25,FARM-05,OP-050,Michael Smith,4.0,FLD-003,,66.67,1.9,10.7,None,0.0,,0.45,Medium
LOG-03266,2023-03-24,EQ-032,Planter,2022-03-18,FARM-08,OP-011,Sophia Jones,6.0,FLD-014,River Field,281.66,8.2,51.2,None,0.0,None,0.86,High
LOG-03493,10-10-2022,EQ-035,Sprayer,2023-05-18,FARM-10,OP-048,William Smith,4.0,FLD-013,Valley Field,169.83,6.5,21.1,None,0.0,None,0.21,Low
LOG-00685,2022-06-10,EQ-036,Planter,2021-07-18,FARM-07,OP-030,Alice Jones,12.0,FLD-017,East Field,311.6,6.8,41.1,None,0.0,None,0.63,Medium
LOG-05122,2022-01-31,EQ-014,Sprayer,2015-06-27,FARM-08,OP-031,Alice Anderson,12.0,FLD-015,West Field,216.02,4.8,21.7,None,0.0,None,0.55,Medium
LOG-02766,2022-01-24,EQ-073,Tractor,2022-05-23,FARM-07,OP-037,John Williams,11.0,FLD-006,North Field,264.76,9.7,58.5,None,0.0,,0.4,Medium
LOG-05489,2024-11-13,EQ-009,Sprayer,2015-01-27,FARM-03,OP-010,Robert Anderson,8.0,FLD-005,North Field,357.3,3.4,18.9,None,0.0,None,0.54,Medium
LOG-04241,2024-09-17,EQ-028,Tractor,2017-07-27,FARM-01,OP-014,,18.0,FLD-012,River Field,258.49,8.7,63.5,None,0.0,None,0.51,Medium
LOG-02452,"March 02, 2024",EQ-024,Tractor,2021-10-31,FARM-03,OP-017,Emily Lopez,18.0,FLD-002,Hill Field,223.83,5.0,28.5,None,0.0,None,0.91,High
LOG-06007,2022-09-03,EQ-097,,2016-05-06,FARM-10,OP-002,James Hernandez,11.0,FLD-017,East Field,311.6,12.0,53.7,None,0.0,None,0.99,High
LOG-00327,2022-08-01,,Harvester,2016-09-18,FARM-06,OP-048,William Smith,4.0,FLD-010,Hill Field,315.35,3.3,26.1,None,0.0,None,0.95,High
LOG-03932,2024-02-29,EQ-086,Tractor,2016-11-05,FARM-07,OP-009,David Anderson,12.0,FLD-016,Valley Field,341.89,9.4,69.6,None,0.0,None,0.04,Low
LOG-05934,2023/07/19,EQ-047,Sprayer,2020-08-12,FARM-03,OP-011,Sophia Jones,6.0,FLD-013,Valley Field,169.83,7.5,33.1,None,0.0,None,0.07,Low
LOG-02177,2024-06-20,EQ-067,Harvester,2015-10-04,FARM-01,OP-033,Emily Garcia,18.0,FLD-008,West Field,,11.7,57.0,None,,None,0.54,Medium
LOG-03581,2024-06-21,EQ-005,Tractor,2015-05-03,FARM-02,OP-040,Charles Wilson,2.0,FLD-015,West Field,216.02,10.8,56.1,None,,None,0.05,Low
LOG-06201,2023-01-03,EQ-091,Tractor,2023-05-22,FARM-06,OP-046,Michael Garcia,17.0,FLD-016,Valley Field,341.89,3.0,11.2,None,0.0,None,0.99,High
LOG-06055,2023-12-16,EQ-052,Planter,2015-03-21,FARM-02,OP-019,James Lopez,11.0,FLD-006,North Field,264.76,4.5,13.7,None,0.0,None,0.36,Medium
LOG-03228,2023-04-26,EQ-068,Sprayer,2015-10-18,FARM-09,OP-039,Michael Williams,4.0,FLD-019,North Field,158.9,1.7,8.9,Repair,55.15,Engine,0.85,High
LOG-02788,"March 11, 2024",EQ-035,Sprayer,2023-05-18,FARM-10,OP-012,Daniel Wilson,18.0,FLD-003,Golden Field,66.67,9.0,37.6,None,0.0,None,0.6,Medium
LOG-04759,2023-09-15,EQ-030,Tractor,2017-05-14,FARM-10,OP-026,Grace Rodriguez,1.0,FLD-020,West Field,220.65,6.3,34.9,None,0.0,,0.17,Low
LOG-02013,2024-12-16,EQ-039,Tractor,2016-09-18,FARM-03,OP-036,Jessica Anderson,14.0,FLD-001,Sunny Field,222.94,11.8,81.4,None,0.0,None,0.24,Low
LOG-01677,2024-06-28,EQ-054,Tractor,2017-09-13,,OP-030,Alice Jones,12.0,FLD-015,West Field,216.02,-11.5,61.2,None,0.0,None,0.66,Medium
LOG-00349,2023-09-25,EQ-025,Harvester,2016-10-31,FARM-08,OP-032,James Hernandez,8.0,FLD-018,River Field,208.98,2.9,9.3,Routine,922.41,None,0.03,Low
LOG-06359,2022-06-06,EQ-072,Planter,2017-02-18,FARM-02,OP-019,James Lopez,11.0,FLD-005,,357.3,3.6,21.5,None,0.0,None,0.44,
LOG-03555,,EQ-013,,2019-01-10,FARM-06,OP-013,Laura Martinez,17.0,FLD-013,Valley Field,169.83,7.4,39.4,Routine,452.04,,0.13,Low
LOG-05458,2022-05-26,EQ-058,Harvester,2017-12-21,FARM-09,OP-037,John Williams,11.0,FLD-008,West Field,188.47,9.7,39.4,None,0.0,None,0.5,Medium
LOG-01627,2022-02-15,EQ-056,Tractor,2023-07-13,FARM-09,OP-005,Daniel Garcia,3.0,FLD-006,North Field,264.76,7.2,41.7,Routine,554.02,None,0.86,High
LOG-04578,"April 26, 2024",EQ-052,Planter,2015-03-21,FARM-02,OP-024,William Gonzalez,5.0,FLD-018,River Field,208.98,2.3,8.8,None,0.0,None,0.95,High
LOG-03124,2022-03-30,EQ-035,Sprayer,2023-05-18,FARM-10,OP-024,William Gonzalez,5.0,FLD-015,West Field,216.02,1.9,8.7,None,0.0,None,0.1,Low
LOG-03408,2023/01/25,EQ-018,Tractor,2015-07-07,FARM-04,OP-038,Grace Gonzalez,8.0,FLD-012,River Field,258.49,5.9,31.3,None,0.0,None,0.82,High
LOG-00872,2022-03-24,EQ-081,Harvstr,2015-11-05,FARM-08,OP-028,Alice Wilson,12.0,FLD-003,Golden Field,66.67,6.6,51.9,None,0.0,None,0.64,Medium
LOG-04076,2022-08-26,EQ-077,Sprayer,2023-12-24,FARM-02,OP-019,James Lopez,11.0,FLD-020,West Field,220.65,3.1,15.5,None,0.0,None,0.38,Medium
LOG-03859,"June 17, 2022",EQ-080,Harvester,2018-02-14,FARM-08,OP-012,Daniel Wilson,18.0,FLD-002,Hill Field,223.83,1.1,7.0,None,0.0,None,0.88,High
LOG-03827,"February 12, 2024",,Planter,2022-03-18,FARM-08,OP-026,Grace Rodriguez,1.0,FLD-019,North Field,158.9,8.9,70.4,None,0.0,None,0.94,
LOG-02219,2024-11-23,EQ-014,Sprayer,2015-06-27,FARM-08,OP-031,Alice Anderson,12.0,FLD-019,North Field,158.9,11.8,63.8,None,0.0,None,,Medium
LOG-05486,2022-05-01,EQ-008,Planter,2017-06-21,FARM-08,OP-022,Robert Hernandez,14.0,FLD-019,North Field,158.9,4.0,14.4,None,0.0,None,0.57,Medium
LOG-02122,2023-12-17,EQ-065,Harvester,2021-08-07,FARM-04,OP-037,John Williams,11.0,FLD-015,West Field,216.02,8.5,55.0,None,0.0,None,0.87,High
LOG-05830,2023-03-29,EQ-059,Planter,,FARM-09,OP-010,Robert Anderson,8.0,FLD-017,East Field,311.6,3.9,24.5,None,0.0,None,0.81,High
LOG-03319,2022-08-27,EQ-031,Sprayer,2017-05-20,FARM-08,OP-029,David Miller,5.0,FLD-015,West Field,216.02,8.6,54.9,None,0.0,None,0.75,High
LOG-00086,2022-10-24,EQ-077,Sprayer,2023-12-24,FARM-02,OP-001,William Anderson,9.0,FLD-009,South Field,474.95,11.9,67.8,None,0.0,None,0.12,Low
LOG-03886,2024/06/09,EQ-001,Tractor,2015-04-13,FARM-05,OP-045,Michael Wilson,3.0,FLD-011,South Field,362.68,3.0,15.8,None,0.0,None,0.07,Low
LOG-01878,2024-04-01,EQ-066,Tractor,2015-10-18,FARM-01,OP-020,James Hernandez,9.0,FLD-010,Hill Field,315.35,5.6,42.9,None,0.0,None,0.84,High
LOG-02802,2024-04-29,EQ-061,Planter,2022-07-14,FARM-06,,,19.0,FLD-007,Golden Field,346.56,3.2,20.5,Inspection,796.8,None,0.62,Medium
LOG-05522,2024-06-04,EQ-095,,2017-01-31,FARM-02,OP-031,Alice Anderson,12.0,FLD-019,North Field,158.9,4.6,23.9,None,0.0,None,0.49,Medium
LOG-02641,2024-12-23,EQ-051,Tractor,,FARM-06,OP-010,Robert Anderson,8.0,FLD-002,Hill Field,223.83,4.8,35.7,None,0.0,None,0.69,Medium
LOG-06368,2022-07-24,EQ-099,Tractor,2021-12-11,FARM-02,OP-050,Michael Smith,4.0,FLD-012,River Field,258.49,9.0,52.1,None,0.0,None,0.51,Medium
LOG-02881,2022-07-17,EQ-050,Harvester,2021-01-18,FARM-09,OP-025,Michael Williams,15.0,FLD-004,Sunny Field,103.14,4.7,20.6,None,0.0,None,0.06,Low
LOG-06231,16-06-2023,EQ-011,Harvester,2017-05-31,FARM-06,OP-009,David Anderson,12.0,FLD-016,Valley Field,341.89,6.3,32.1,None,0.0,None,0.85,High
LOG-00495,2022-10-20,EQ-029,Sprayer,2019-07-02,FARM-05,OP-027,Emily Johnson,5.0,FLD-020,West Field,,9.7,68.9,Inspection,1006.49,None,0.27,Low
LOG-04082,,EQ-006,Harvester,2017-08-10,FARM-09,OP-037,John Williams,11.0,FLD-009,South Field,474.95,8.3,64.1,None,0.0,None,0.48,Medium
LOG-02526,2023-09-09,EQ-052,Planter,2015-03-21,,,William Gonzalez,5.0,FLD-006,North Field,264.76,11.3,55.2,None,0.0,None,0.13,Low
LOG-04408,2024-01-02,EQ-088,Planter,2018-03-14,FARM-07,OP-009,David Anderson,12.0,FLD-008,West Field,188.47,5.7,41.6,None,0.0,None,0.14,Low
LOG-03354,2024-12-03,EQ-061,Planter,2022-07-14,,OP-039,Michael Williams,4.0,FLD-013,Valley Field,169.83,8.3,38.9,None,,None,0.06,Low
LOG-03808,2024-05-03,EQ-087,Tractor,2019-05-19,FARM-05,OP-032,James Hernandez,8.0,FLD-011,South Field,362.68,8.3,58.0,Routine,741.58,None,0.31,Medium
LOG-01271,2022-04-11,EQ-035,Sprayer,2023-05-18,FARM-10,OP-024,William Gonzalez,5.0,FLD-004,Sunny Field,103.14,8.1,53.9,None,0.0,None,0.3,Medium
LOG-05559,2023-12-06,EQ-073,Tractor,2022-05-23,FARM-07,OP-007,Emily Johnson,18.0,FLD-001,Sunny Field,222.94,3.5,26.8,Routine,1353.36,None,0.08,Low
LOG-04186,2023-10-06,EQ-091,Tractor,2023-05-22,FARM-06,OP-017,Emily Lopez,18.0,FLD-001,Sunny Field,222.94,2.1,14.7,None,0.0,None,0.41,Medium
LOG-02896,2023-08-28,EQ-060,Harvester,2022-12-30,FARM-05,OP-023,Michael Smith,1.0,FLD-016,Valley Field,341.89,8.3,35.6,None,0.0,None,0.63,Medium
LOG-05684,2023-02-10,EQ-045,Tractor,2018-04-17,FARM-07,OP-029,David Miller,5.0,FLD-017,East Field,311.6,5.9,19.9,None,0.0,None,0.12,Low
LOG-05784,2024-02-18,EQ-013,Tractor,2019-01-10,FARM-06,OP-040,Charles Wilson,2.0,FLD-020,West Field,220.65,9.0,55.4,None,0.0,None,0.23,Low
LOG-00619,2024-07-26,EQ-063,Tractor,2017-10-12,FARM-04,OP-045,Michael Wilson,3.0,FLD-011,South Field,362.68,10.8,55.5,None,0.0,None,0.61,Medium
LOG-06021,2024/01/11,EQ-068,Sprayer,2015-10-18,FARM-09,OP-011,Sophia Jones,6.0,FLD-015,West Field,216.02,9.2,49.4,Routine,610.89,None,,Low
LOG-03631,,EQ-043,Tractor,2022-08-18,FARM-02,OP-040,Charles Wilson,2.0,FLD-017,East Field,311.6,5.9,26.7,Inspection,831.12,None,0.25,Low
LOG-04055,2024-08-18,EQ-072,Planter,2017-02-18,FARM-02,OP-037,John Williams,11.0,FLD-007,Golden Field,,6.7,40.7,None,0.0,None,0.28,Low
LOG-05762,2024-01-29,EQ-087,Tractor,2019-05-19,FARM-05,OP-028,Alice Wilson,12.0,,South Field,362.68,6.0,28.9,,0.0,None,0.88,High
LOG-03078,2023-07-15,EQ-062,Planter,2020-10-20,FARM-08,OP-043,Sarah Brown,1.0,FLD-007,Golden Field,346.56,6.9,24.2,Routine,866.86,None,0.79,High
LOG-04153,2024-02-10,EQ-072,Planter,2017-02-18,FARM-02,OP-046,Michael Garcia,17.0,FLD-008,West Field,188.47,3.8,29.4,Routine,1049.48,None,0.72,High
LOG-01414,2024-04-12,EQ-020,Tractor,2019-04-06,FARM-05,OP-003,Sarah Jones,13.0,FLD-011,South Field,362.68,10.6,46.0,None,0.0,None,0.56,Medium
LOG-02202,21-03-2024,EQ-032,Planter,2022-03-18,FARM-08,OP-045,Michael Wilson,3.0,FLD-019,North Field,158.9,8.7,50.0,None,0.0,None,0.51,Medium
LOG-02002,"April 08, 2023",EQ-014,Sprayer,2015-06-27,FARM-08,OP-035,Sarah Wilson,6.0,FLD-010,Hill Field,315.35,3.5,19.8,None,0.0,None,0.04,Low
LOG-05428,2023/12/05,EQ-071,Planter,2017-09-22,FARM-08,OP-035,Sarah Wilson,6.0,FLD-016,Valley Field,341.89,5.0,31.0,None,0.0,None,0.91,High
LOG-00870,2024-01-06,EQ-088,Planter,2018-03-14,FARM-07,OP-039,Michael Williams,4.0,FLD-005,North Field,357.3,8.3,59.4,None,0.0,None,0.49,Medium
LOG-02359,2023-12-04,EQ-017,Sprayer,2021-06-22,FARM-04,OP-006,John Davis,20.0,FLD-006,North Field,264.76,4.1,12.8,None,0.0,None,0.02,Low
LOG-02007,2022-08-27,EQ-006,,2017-08-10,FARM-09,OP-034,Grace Martinez,5.0,FLD-004,Sunny Field,103.14,9.2,47.2,None,0.0,None,0.93,High
LOG-03607,2024-10-07,EQ-074,Sprayr,2019-10-01,FARM-07,OP-024,William Gonzalez,5.0,FLD-017,East Field,311.6,,10.9,None,0.0,None,0.4,Medium
LOG-04843,2024-02-08,EQ-050,Harvester,2021-01-18,FARM-09,OP-027,Emily Johnson,5.0,FLD-008,West Field,188.47,5.7,45.2,None,0.0,None,0.52,Medium
LOG-00357,19-11-2023,EQ-041,Planter,2019-04-13,FARM-10,OP-011,Sophia Jones,6.0,FLD-003,Golden Field,66.67,5.9,25.5,None,0.0,None,0.08,Low
LOG-01163,2022-11-13,EQ-040,Planter,2021-09-08,FARM-02,OP-022,Robert Hernandez,14.0,FLD-016,Valley Field,341.89,3.7,21.2,None,0.0,None,0.54,Medium
LOG-05994,"March 21, 2023",EQ-065,Harvester,2021-08-07,FARM-04,OP-026,Grace Rodriguez,1.0,FLD-009,South Field,474.95,10.3,65.3,None,0.0,None,0.28,Low
LOG-03090,"June 03, 2022",EQ-041,Planter,2019-04-13,FARM-10,OP-009,David Anderson,12.0,FLD-016,Valley Field,341.89,9.5,57.4,None,0.0,None,0.48,Medium
LOG-06180,2022-03-06,EQ-012,Tractor,2016-01-15,FARM-07,OP-006,John Davis,20.0,FLD-019,,158.9,11.0,50.6,None,0.0,None,0.24,Low
LOG-05584,,EQ-063,Tractor,2017-10-12,,OP-025,Michael Williams,15.0,FLD-010,Hill Field,315.35,3.8,26.3,None,0.0,None,0.71,High
LOG-04086,2023-10-14,EQ-048,Tractor,2022-01-05,FARM-05,OP-005,Daniel Garcia,3.0,,River Field,281.66,6.4,22.2,Repair,853.83,Filter,0.82,High
LOG-00688,"September 15, 2023",EQ-005,Tractor,2015-05-03,FARM-02,OP-045,Michael Wilson,3.0,FLD-020,West Field,220.65,9.0,52.4,Routine,736.08,None,0.18,Low
LOG-01891,2023-08-06,EQ-097,Planter,2016-05-06,FARM-10,OP-030,Alice Jones,12.0,FLD-002,Hill Field,223.83,4.7,23.7,None,0.0,None,0.79,High
LOG-00580,2024-06-26,EQ-021,Planter,2022-02-16,FARM-06,OP-035,Sarah Wilson,6.0,FLD-020,West Field,220.65,11.3,84.9,None,0.0,None,0.99,High
LOG-02320,2022-09-16,EQ-004,Tractor,2021-08-15,FARM-07,OP-045,Michael Wilson,3.0,FLD-020,West Field,,1.0,5.2,Routine,549.17,None,0.17,Low
LOG-03533,2024-08-22,EQ-086,Tractor,2016-11-05,,OP-027,Emily Johnson,5.0,FLD-008,West Field,188.47,9.9,76.5,None,0.0,None,0.79,
LOG-01692,2023-11-27,EQ-086,Tractor,2016-11-05,FARM-07,OP-037,John Williams,11.0,FLD-012,River Field,258.49,11.9,88.4,Routine,245.67,None,0.3,Medium
LOG-00863,2024-10-17,EQ-054,Tractor,2017-09-13,FARM-10,OP-005,Daniel Garcia,3.0,FLD-008,West Field,188.47,8.4,62.5,Routine,1037.9,None,0.68,Medium
LOG-04735,2024-09-26,EQ-062,,2020-10-20,,OP-021,Chloe Jones,2.0,FLD-006,North Field,264.76,4.8,29.9,None,0.0,None,0.71,High
LOG-03817,05-10-2023,EQ-032,,2022-03-18,FARM-08,OP-046,Michael Garcia,17.0,,River Field,258.49,5.0,32.4,None,0.0,None,0.05,Low
LOG-02381,2024-06-25,EQ-019,Sprayer,,FARM-04,OP-011,Sophia Jones,6.0,FLD-005,North Field,357.3,3.5,21.3,None,0.0,None,0.6,Medium
LOG-02379,2023-01-17,EQ-093,Plntr,2020-08-21,FARM-09,OP-002,James Hernandez,11.0,FLD-020,West Field,220.65,7.3,44.9,None,0.0,None,0.25,Low
LOG-04929,2023-01-27,EQ-038,Planter,2016-01-08,,OP-006,John Davis,20.0,FLD-005,North Field,357.3,4.8,30.6,None,0.0,None,0.84,High
LOG-06044,"December 06, 2024",EQ-051,Tractor,2021-09-19,FARM-06,OP-040,Charles Wilson,2.0,FLD-018,River Field,208.98,9.0,55.9,None,0.0,None,0.87,High
LOG-03559,2023-04-18,EQ-026,Planter,2018-01-10,FARM-09,OP-050,Michael Smith,4.0,FLD-012,River Field,258.49,9.3,66.4,Inspection,1266.83,None,0.64,Medium
LOG-01117,2022-06-03,EQ-068,Sprayer,2015-10-18,FARM-09,OP-015,Laura Anderson,4.0,FLD-006,North Field,264.76,5.0,18.3,None,0.0,None,0.06,Low
LOG-01542,2024/06/20,EQ-028,Tractor,2017-07-27,FARM-01,OP-040,Charles Wilson,2.0,FLD-017,East Field,311.6,10.4,36.8,None,0.0,None,0.33,Medium
LOG-03793,,EQ-085,,2017-05-25,FARM-07,OP-011,Sophia Jones,6.0,FLD-006,North Field,264.76,,38.1,None,0.0,None,0.59,Medium
LOG-05381,2024-08-08,EQ-050,Harvester,2021-01-18,FARM-09,OP-003,Sarah Jones,13.0,FLD-006,North Field,264.76,4.5,30.0,None,0.0,None,0.94,High
LOG-06437,2022/10/18,EQ-092,Tractr,2015-07-25,FARM-10,OP-006,John Davis,20.0,FLD-017,East Field,311.6,11.1,,None,0.0,None,0.52,Medium
LOG-04595,2023-09-26,EQ-029,Sprayer,2019-07-02,FARM-05,OP-028,Alice Wilson,12.0,FLD-001,Sunny Field,222.94,3.3,16.6,Inspection,1039.3,None,0.36,Medium
LOG-06022,05-10-2024,EQ-051,Tractor,2021-09-19,FARM-06,OP-002,James Hernandez,11.0,FLD-003,Golden Field,,8.4,57.4,None,0.0,None,0.31,
LOG-05588,2023-06-05,EQ-018,Tractor,2015-07-07,FARM-04,OP-029,David Miller,5.0,FLD-005,North Field,357.3,3.2,19.7,Routine,1185.82,None,0.03,Low
LOG-03259,2022-07-08,EQ-090,Sprayer,2017-06-10,FARM-01,OP-021,Chloe Jones,2.0,FLD-016,Valley Field,341.89,9.9,67.5,None,0.0,None,0.94,High
LOG-05323,2022-11-03,EQ-065,Harvester,,FARM-04,OP-022,Robert Hernandez,14.0,FLD-013,Valley Field,169.83,4.5,21.4,None,0.0,None,0.18,Low
LOG-04553,2023/10/04,EQ-083,Tractor,2016-01-18,FARM-04,,James Hernandez,8.0,FLD-011,,362.68,11.4,68.1,,0.0,None,,Low
LOG-02501,2024-06-29,EQ-080,,2018-02-14,FARM-08,OP-009,David Anderson,12.0,FLD-015,West Field,216.02,11.5,41.2,None,0.0,None,0.69,Medium
LOG-06181,"September 20, 2024",EQ-024,Tractor,2021-10-31,FARM-03,OP-044,James Miller,11.0,FLD-013,Valley Field,169.83,7.7,52.4,Routine,,None,0.34,Medium
LOG-04246,2022-03-15,,Tractor,2016-11-05,FARM-07,OP-044,James Miller,11.0,FLD-014,River Field,281.66,6.8,5290.0,None,0.0,None,0.97,High
LOG-06200,2023-06-15,EQ-024,Tractor,2021-10-31,FARM-03,OP-031,Alice Anderson,12.0,FLD-012,River Field,258.49,2.5,13.6,None,0.0,None,0.69,Medium
LOG-06208,2022-06-28,EQ-074,Sprayer,2019-10-01,FARM-07,OP-008,James Rodriguez,9.0,FLD-019,North Field,158.9,6.9,54.3,None,0.0,None,0.37,Medium
LOG-02891,29-06-2022,EQ-017,Sprayer,2021-06-22,FARM-04,OP-047,Charles Hernandez,18.0,FLD-017,East Field,311.6,8.1,41.7,None,,None,0.62,Medium
LOG-03318,2024-03-20,EQ-078,Harvester,2017-02-23,FARM-04,OP-031,Alice Anderson,12.0,FLD-005,North Field,357.3,4.8,23.7,Repair,319.79,Tire,0.5,Medium
LOG-05266,2022-06-17,EQ-052,Planter,2015-03-21,FARM-02,OP-049,Michael Williams,19.0,FLD-002,Hill Field,223.83,7.5,45.1,None,0.0,None,0.17,Low
LOG-06166,2023-01-30,EQ-077,Sprayer,2023-12-24,FARM-02,OP-022,Robert Hernandez,,FLD-017,,311.6,9.1,49.4,None,0.0,None,0.54,Medium
LOG-06670,"February 01, 2022",EQ-063,Tractor,2017-10-12,FARM-04,OP-033,Emily Garcia,18.0,FLD-003,Golden Field,66.67,7.8,42.4,None,0.0,None,0.48,Medium
LOG-04987,2024/02/16,EQ-087,Tractor,2019-05-19,FARM-05,OP-013,Laura Martinez,17.0,,East Field,311.6,10.7,51.0,None,0.0,None,0.56,Medium
LOG-04106,"April 25, 2024",EQ-035,Sprayer,2023-05-18,,OP-026,Grace Rodriguez,1.0,FLD-018,,208.98,6.3,20.3,None,0.0,None,0.38,Medium
LOG-05197,2024-03-17,EQ-066,Tractor,2015-10-18,FARM-01,OP-035,Sarah Wilson,6.0,FLD-002,Hill Field,223.83,6.5,26.0,,0.0,None,0.16,Low
LOG-01898,2022-07-23,EQ-032,Planter,2022-03-18,FARM-08,OP-031,Alice Anderson,12.0,FLD-001,Sunny Field,222.94,2.4,16.2,None,0.0,None,0.65,
LOG-06712,2024-05-29,EQ-024,Tractor,2021-10-31,FARM-03,OP-014,John Hernandez,18.0,FLD-011,South Field,362.68,4.1,32.5,None,0.0,None,0.02,Low
LOG-02053,2023-04-20,EQ-030,,2017-05-14,FARM-10,OP-049,Michael Williams,19.0,FLD-014,River Field,281.66,10.6,60.4,,0.0,None,0.84,High
LOG-01777,2023-03-01,EQ-004,Tractor,2021-08-15,FARM-07,OP-019,James Lopez,11.0,FLD-004,Sunny Field,103.14,3.0,20.6,Routine,417.48,None,0.94,High
LOG-03456,2024-10-07,EQ-072,Planter,2017-02-18,FARM-02,OP-022,Robert Hernandez,14.0,FLD-020,West Field,220.65,9.1,38.9,Inspection,721.47,None,0.13,Low
LOG-04276,2022-06-08,EQ-052,Planter,2015-03-21,FARM-02,OP-003,Sarah Jones,13.0,FLD-017,East Field,311.6,9.1,49.6,Routine,269.1,None,0.6,Medium
LOG-02537,2023-09-24,EQ-082,Tractor,2015-07-27,FARM-09,OP-004,David Hernandez,10.0,FLD-012,River Field,258.49,,32.6,None,0.0,None,0.27,Low
LOG-05022,2023-11-20,EQ-056,Tractor,2023-07-13,FARM-09,OP-043,Sarah Brown,1.0,FLD-012,River Field,258.49,7.1,26.9,None,0.0,None,0.37,Medium
LOG-04751,2024-10-01,,Tractor,2016-01-18,FARM-04,OP-048,William Smith,4.0,FLD-012,River Field,258.49,6.0,29.7,None,0.0,None,0.17,Low
LOG-01593,04-03-2023,EQ-091,Tractor,2023-05-22,FARM-06,OP-036,Jessica Anderson,14.0,FLD-010,Hill Field,315.35,11.2,67.9,None,0.0,None,0.07,Low
LOG-01724,2024-08-27,EQ-089,Planter,2016-09-26,FARM-04,OP-009,David Anderson,12.0,FLD-012,River Field,258.49,1.7,8.9,None,0.0,None,0.22,Low
LOG-05475,2024-04-04,EQ-010,Planter,2018-10-25,,,Charles Wilson,2.0,FLD-014,River Field,281.66,9.0,57.9,None,0.0,None,0.96,High
LOG-02612,11-07-2023,EQ-094,Harvester,2015-08-21,FARM-09,OP-002,James Hernandez,11.0,FLD-019,North Field,158.9,4.4,31.3,None,0.0,None,0.47,Medium
LOG-06606,2022-05-03,EQ-059,Plntr,2017-05-17,FARM-09,OP-050,Michael Smith,4.0,,River Field,258.49,,56.0,None,0.0,None,0.87,High
LOG-00491,2024-09-08,EQ-015,Tractor,2019-03-31,FARM-02,OP-031,Alice Anderson,12.0,FLD-016,Valley Field,341.89,3.3,12.6,,0.0,None,0.03,Low
LOG-06694,06-10-2024,EQ-083,Tractor,2016-01-18,FARM-04,OP-049,Michael Williams,19.0,FLD-017,East Field,,4.9,19.9,None,0.0,None,0.78,High
LOG-02911,2024-10-10,EQ-042,Planter,2020-12-07,FARM-05,OP-046,Michael Garcia,17.0,FLD-020,West Field,220.65,3.9,24.8,None,0.0,None,0.55,Medium
LOG-01007,2022-05-12,EQ-001,Tractor,2015-04-13,,OP-010,Robert Anderson,8.0,FLD-015,West Field,216.02,10.1,60.8,None,0.0,None,0.33,Medium
LOG-06030,2023-05-01,EQ-080,Harvester,2018-02-14,FARM-08,OP-023,Michael Smith,1.0,FLD-011,South Field,362.68,5.4,24.3,None,0.0,None,0.19,Low
LOG-02504,"December 26, 2023",EQ-069,Harvester,2018-02-14,FARM-08,OP-025,Michael Williams,,FLD-006,North Field,264.76,7.3,25.3,None,0.0,None,0.21,Low
LOG-04640,2022-02-21,EQ-033,Harvester,2017-12-20,FARM-03,OP-004,David Hernandez,10.0,FLD-015,West Field,216.02,4.4,19.8,None,0.0,None,0.93,High
LOG-02315,2023-05-13,EQ-053,Sprayer,2018-06-13,FARM-04,,Emily Garcia,18.0,FLD-009,South Field,474.95,1.2,,Repair,606.84,Tire,0.23,Low
LOG-02555,2023-12-15,EQ-100,Plntr,2022-05-16,FARM-10,OP-032,James Hernandez,8.0,FLD-011,South Field,362.68,9.3,33.8,None,0.0,None,0.12,Low
LOG-01418,2024-03-28,EQ-096,Tractor,2022-07-28,FARM-04,OP-036,Jessica Anderson,14.0,FLD-014,River Field,281.66,1.1,3.9,None,0.0,None,0.72,High
LOG-03097,2023-07-20,EQ-093,Planter,2020-08-21,,OP-005,Daniel Garcia,3.0,FLD-015,West Field,216.02,6.7,50.7,None,0.0,None,0.39,Medium
LOG-00026,2023-05-15,EQ-012,Tractor,2016-01-15,FARM-07,OP-018,David Jones,10.0,FLD-015,West Field,216.02,9.3,54.4,None,0.0,None,0.34,Medium
LOG-02410,2023-08-03,EQ-063,Tractr,2017-10-12,FARM-04,OP-025,Michael Williams,15.0,FLD-009,South Field,474.95,7.2,38.0,None,0.0,None,0.48,Medium
LOG-01114,2022-01-29,EQ-090,,2017-06-10,FARM-01,OP-008,James Rodriguez,9.0,FLD-013,Valley Field,169.83,7.8,58.9,None,0.0,None,0.71,High
LOG-04149,2023-12-23,EQ-051,Tractor,2021-09-19,FARM-06,OP-003,Sarah Jones,13.0,FLD-009,South Field,474.95,11.9,41.3,None,0.0,None,0.65,Medium
LOG-01553,,EQ-100,Planter,2022-05-16,FARM-10,OP-008,James Rodriguez,9.0,FLD-018,River Field,208.98,9.8,70.9,Routine,1387.62,None,0.61,Medium
LOG-05979,2022-02-17,EQ-057,Harvester,2016-06-09,FARM-08,OP-022,Robert Hernandez,14.0,FLD-012,River Field,258.49,11.7,93.4,None,0.0,None,,Low
LOG-05225,2022-05-24,EQ-046,Harvester,2020-02-02,FARM-01,OP-015,Laura Anderson,4.0,FLD-015,West Field,216.02,11.9,61.1,None,0.0,None,0.32,Medium
LOG-05514,2022-10-02,EQ-030,Tractor,2017-05-14,FARM-10,OP-014,John Hernandez,18.0,FLD-009,South Field,474.95,11.8,61.5,None,0.0,None,0.69,Medium
LOG-00434,2023-12-01,EQ-085,Planter,2017-05-25,FARM-07,OP-015,Laura Anderson,4.0,FLD-001,Sunny Field,222.94,4.9,30.2,None,0.0,None,,Medium
LOG-06797,2022-07-14,EQ-007,Tractor,2021-04-17,FARM-04,OP-010,Robert Anderson,8.0,FLD-015,West Field,216.02,5.4,31.9,None,0.0,None,0.89,High
LOG-02656,2022-11-09,EQ-050,Harvester,2021-01-18,FARM-09,OP-023,Michael Smith,1.0,FLD-013,Valley Field,169.83,10.4,45.6,Routine,1393.57,None,0.87,High
LOG-03876,2022-03-23,EQ-089,Planter,2016-09-26,FARM-04,OP-035,Sarah Wilson,6.0,FLD-001,Sunny Field,222.94,10.7,40.0,None,0.0,None,0.27,Low
LOG-04741,2023-03-01,EQ-015,Tractor,2019-03-31,FARM-02,OP-005,Daniel Garcia,3.0,FLD-008,West Field,188.47,7.5,38.1,Inspection,240.96,None,0.9,High
LOG-04078,2024-06-16,EQ-074,Sprayr,2019-10-01,,OP-027,Emily Johnson,5.0,FLD-018,River Field,208.98,1.9,,None,,None,0.09,Low
LOG-01128,2024-10-24,EQ-017,Sprayer,2021-06-22,FARM-04,OP-021,Chloe Jones,2.0,FLD-013,Valley Field,169.83,9.0,60.4,None,0.0,None,0.14,Low
LOG-04421,2023-02-08,EQ-082,Tractor,2015-07-27,FARM-09,OP-005,Daniel Garcia,3.0,,River Field,258.49,6.0,37.7,Inspection,1045.84,None,0.35,Medium
LOG-05190,2022-04-10,EQ-090,Sprayer,2017-06-10,FARM-01,OP-031,Alice Anderson,12.0,FLD-011,South Field,362.68,3.8,11.5,None,0.0,None,0.47,Medium
LOG-04123,2022-11-02,EQ-026,Planter,2018-01-10,FARM-09,OP-048,,4.0,FLD-016,Valley Field,341.89,4.5,20.1,Inspection,977.12,None,0.21,Low
LOG-02519,2023-12-08,EQ-001,Tractor,2015-04-13,FARM-05,OP-014,John Hernandez,18.0,FLD-002,Hill Field,223.83,8.9,60.5,None,0.0,,0.59,Medium
LOG-06728,2022-08-25,EQ-093,Planter,,FARM-09,OP-047,Charles Hernandez,18.0,FLD-020,West Field,220.65,4.5,31.5,None,0.0,None,0.11,Low
LOG-01103,2023-11-06,EQ-071,Planter,2017-09-22,FARM-08,OP-027,Emily Johnson,5.0,FLD-003,Golden Field,66.67,8.0,,None,0.0,None,0.28,Low
LOG-05108,2023-10-29,,,2016-10-31,FARM-08,OP-019,James Lopez,11.0,FLD-005,North Field,357.3,4.9,2410.0,None,0.0,None,0.15,
LOG-04742,2024-02-04,EQ-010,Planter,2018-10-25,FARM-05,OP-033,Emily Garcia,18.0,FLD-005,North Field,357.3,5.3,26.6,None,0.0,None,0.09,Low
LOG-04221,2024-12-13,EQ-088,Planter,2018-03-14,FARM-07,OP-021,Chloe Jones,2.0,FLD-008,West Field,188.47,10.1,49.2,Routine,277.38,None,0.15,Low
LOG-05185,2024-05-27,EQ-088,Planter,2018-03-14,FARM-07,OP-003,Sarah Jones,13.0,FLD-016,Valley Field,341.89,7.3,46.9,None,0.0,None,0.74,
LOG-05712,2022-01-30,,Planter,2019-04-13,FARM-10,OP-009,David Anderson,12.0,FLD-010,Hill Field,315.35,11.4,85.1,Repair,504.23,Tire,0.33,Medium
LOG-00195,2023-05-06,EQ-014,Sprayer,2015-06-27,FARM-08,OP-040,Charles Wilson,2.0,FLD-019,North Field,158.9,3.7,23.5,None,0.0,None,,Medium
LOG-00616,2024-08-18,EQ-018,Tractor,2015-07-07,,OP-033,Emily Garcia,18.0,FLD-020,West Field,220.65,8.8,42.9,None,0.0,None,0.49,Medium
LOG-00644,01-12-2023,EQ-001,Tractor,2015-04-13,FARM-05,OP-008,James Rodriguez,9.0,FLD-011,,362.68,5.4,31.6,None,0.0,None,0.83,High
LOG-06554,2022-03-29,EQ-067,Harvester,2015-10-04,FARM-01,OP-050,Michael Smith,4.0,FLD-011,South Field,362.68,4.4,34.6,Routine,304.29,None,0.11,Low
LOG-03117,2023-03-31,EQ-029,Sprayr,2019-07-02,FARM-05,OP-002,James Hernandez,11.0,FLD-013,Valley Field,169.83,9.3,51.0,None,0.0,None,0.64,Medium
LOG-03371,2022-12-10,EQ-055,Tractor,2015-12-17,FARM-08,OP-039,Michael Williams,4.0,FLD-006,North Field,264.76,7.3,30.4,None,0.0,None,0.1,Low
LOG-02777,2024-03-07,EQ-026,Planter,2018-01-10,FARM-09,OP-046,Michael Garcia,17.0,FLD-004,Sunny Field,103.14,4.8,36.0,None,0.0,,0.91,High
LOG-05738,2024-10-30,EQ-088,Planter,2018-03-14,FARM-07,OP-023,Michael Smith,,FLD-003,Golden Field,66.67,6.6,44.9,None,0.0,None,0.53,Medium
LOG-05914,2024-01-28,EQ-076,Tractor,2015-09-06,FARM-07,OP-010,Robert Anderson,8.0,FLD-009,South Field,474.95,5.3,33.8,None,0.0,None,0.82,High
LOG-06566,2022-01-03,EQ-049,,2016-09-18,FARM-06,OP-047,Charles Hernandez,18.0,FLD-016,Valley Field,341.89,8.3,56.1,None,0.0,None,0.02,Low
LOG-00331,2024-07-16,EQ-095,Tractor,2017-01-31,,OP-021,Chloe Jones,2.0,,South Field,362.68,4.0,13.5,None,0.0,None,0.77,High
LOG-02208,09-09-2023,EQ-004,Tractor,2021-08-15,FARM-07,OP-039,Michael Williams,4.0,FLD-019,North Field,158.9,9.9,,None,0.0,None,0.26,
LOG-03808,2024-05-03,EQ-087,Tractor,2019-05-19,FARM-05,OP-032,James Hernandez,8.0,FLD-011,South Field,362.68,8.3,58.0,Routine,741.58,None,0.31,Medium
LOG-05037,2022-01-08,EQ-038,Planter,2016-01-08,FARM-01,,William Anderson,9.0,FLD-011,South Field,362.68,3.8,13.9,None,0.0,None,0.62,Medium
LOG-02671,2022-04-12,EQ-077,Sprayer,2023-12-24,FARM-02,OP-029,David Miller,5.0,FLD-018,River Field,208.98,1.9,13.4,Routine,69.15,None,0.3,Medium
LOG-00973,2024-08-13,EQ-082,Tractor,,FARM-09,OP-015,Laura Anderson,4.0,FLD-008,West Field,188.47,7.9,33.1,None,0.0,None,0.94,High
LOG-00484,2024-01-05,EQ-019,Sprayer,2015-11-23,FARM-04,OP-048,William Smith,4.0,FLD-016,Valley Field,341.89,1.4,9.5,None,0.0,,0.27,Low
LOG-02421,,EQ-091,Tractor,2023-05-22,FARM-06,OP-017,Emily Lopez,18.0,FLD-003,Golden Field,66.67,7.7,38.3,None,0.0,None,0.59,Medium
LOG-02603,2022-05-24,EQ-054,Tractor,2017-09-13,FARM-10,OP-047,Charles Hernandez,18.0,FLD-005,,357.3,7.3,29.1,None,0.0,None,0.58,Medium
LOG-00720,2022-05-10,EQ-077,Sprayer,2023-12-24,FARM-02,OP-040,Charles Wilson,2.0,FLD-008,West Field,188.47,9.8,50.3,None,0.0,None,0.97,High
LOG-03415,2024-04-22,EQ-026,Planter,2018-01-10,,OP-044,James Miller,11.0,FLD-005,North Field,357.3,5.7,18.0,None,0.0,None,0.91,High
LOG-02060,,EQ-074,Sprayer,2019-10-01,FARM-07,OP-009,David Anderson,12.0,FLD-011,South Field,362.68,11.7,79.3,None,0.0,None,0.56,Medium
LOG-02804,2022/10/10,EQ-003,Tractor,2022-08-03,FARM-09,OP-043,Sarah Brown,1.0,FLD-010,Hill Field,315.35,2.5,9.0,None,0.0,,0.27,Low
LOG-02567,2024-12-26,EQ-011,Harvester,2017-05-31,FARM-06,OP-001,William Anderson,9.0,FLD-008,West Field,188.47,2.4,14.1,None,0.0,None,0.14,Low
LOG-06579,2024-10-03,EQ-019,Sprayer,2015-11-23,FARM-04,,Sarah Brown,1.0,FLD-009,South Field,474.95,5.8,17.5,None,0.0,None,0.16,Low
LOG-00033,2023-08-03,EQ-098,Harvester,2021-06-29,FARM-10,OP-034,Grace Martinez,5.0,FLD-020,West Field,220.65,11.8,84.5,None,0.0,None,0.36,Medium
LOG-00665,2024-09-07,EQ-061,Planter,2022-07-14,FARM-06,OP-008,James Rodriguez,9.0,FLD-012,River Field,258.49,6.1,23.5,None,0.0,None,0.6,Medium
LOG-06800,2023-06-08,EQ-045,Tractor,2018-04-17,FARM-07,OP-006,John Davis,20.0,FLD-001,Sunny Field,222.94,6.2,49.3,None,0.0,None,0.55,Medium
LOG-04422,2023/11/21,EQ-088,Planter,2018-03-14,FARM-07,OP-042,Daniel Garcia,10.0,FLD-012,River Field,258.49,9.3,59.2,None,0.0,None,0.93,High
LOG-01445,2023-12-01,EQ-072,Plntr,2017-02-18,FARM-02,OP-023,Michael Smith,1.0,FLD-004,Sunny Field,103.14,6.1,43.8,Routine,1398.9,None,0.1,Low
LOG-03317,2023-06-27,EQ-100,Planter,2022-05-16,FARM-10,OP-038,Grace Gonzalez,8.0,FLD-003,Golden Field,66.67,9.8,44.3,None,0.0,None,0.37,Medium
LOG-02793,2023-09-01,EQ-071,Planter,2017-09-22,FARM-08,OP-005,Daniel Garcia,3.0,FLD-012,River Field,258.49,10.7,36.8,None,0.0,None,0.52,Medium
LOG-05441,"June 19, 2023",EQ-012,Tractor,2016-01-15,FARM-07,OP-024,William Gonzalez,5.0,FLD-017,East Field,311.6,3.5,22.4,None,0.0,None,,Medium
LOG-02020,2023-05-24,EQ-050,Harvester,2021-01-18,FARM-09,OP-041,Chloe Brown,,FLD-019,North Field,158.9,2.6,15.1,None,0.0,None,0.77,High
LOG-01706,2023-02-09,EQ-068,,2015-10-18,FARM-09,OP-013,Laura Martinez,17.0,FLD-016,Valley Field,341.89,8.8,4820.0,None,0.0,None,0.47,Medium
LOG-03306,2023-09-02,EQ-089,Planter,2016-09-26,FARM-04,OP-030,Alice Jones,12.0,FLD-012,River Field,258.49,7.9,44.9,None,0.0,None,0.25,Low
LOG-05284,2024-10-02,EQ-033,,2017-12-20,FARM-03,OP-009,,12.0,FLD-009,South Field,474.95,2.2,17.5,None,0.0,None,0.07,Low
LOG-04575,2024-09-14,EQ-058,Harvester,2017-12-21,FARM-09,OP-035,Sarah Wilson,6.0,FLD-011,South Field,362.68,2.2,13.2,None,0.0,None,,Medium
LOG-04723,2022-08-17,EQ-027,Harvester,2022-09-05,FARM-06,OP-030,Alice Jones,12.0,FLD-015,,216.02,2.8,16.0,None,0.0,None,0.53,Medium
LOG-05911,2023-02-08,EQ-026,Planter,2018-01-10,FARM-09,OP-034,,5.0,FLD-003,Golden Field,66.67,6.5,49.7,Inspection,286.84,None,0.34,
LOG-00119,2024-10-30,EQ-044,Sprayr,2023-08-15,FARM-06,OP-046,Michael Garcia,17.0,FLD-003,Golden Field,66.67,8.1,25.9,None,0.0,None,0.98,High
LOG-02278,2022-10-06,EQ-030,Tractor,2017-05-14,FARM-10,OP-029,David Miller,5.0,FLD-002,Hill Field,223.83,3.2,10.1,Routine,673.77,None,0.32,Medium
LOG-02906,2023-06-08,EQ-048,Tractor,2022-01-05,FARM-05,OP-009,David Anderson,12.0,FLD-006,North Field,264.76,4.3,17.4,None,0.0,None,0.31,Medium
LOG-01402,2022-01-28,EQ-071,Planter,2017-09-22,FARM-08,OP-047,Charles Hernandez,18.0,FLD-008,West Field,188.47,-1.4,4.3,None,0.0,None,0.11,Low
LOG-00740,2022/03/10,EQ-061,Planter,2022-07-14,FARM-06,OP-047,Charles Hernandez,18.0,FLD-017,East Field,311.6,5.7,28.3,None,0.0,None,0.69,Medium
LOG-02457,2024-05-01,EQ-090,Sprayer,2017-06-10,FARM-01,OP-023,Michael Smith,1.0,,River Field,208.98,9.9,66.5,Routine,1378.68,,0.97,High
LOG-00171,2023-10-03,EQ-044,Sprayer,2023-08-15,FARM-06,OP-039,Michael Williams,4.0,FLD-005,North Field,357.3,10.5,48.3,None,0.0,None,0.35,Medium
LOG-00541,2023-03-08,EQ-085,Planter,2017-05-25,,OP-017,Emily Lopez,18.0,FLD-003,Golden Field,66.67,2.8,9.8,Routine,,None,0.55,Medium
LOG-00884,2023-09-09,EQ-069,Harvester,2018-02-14,FARM-08,OP-013,Laura Martinez,17.0,FLD-003,Golden Field,66.67,9.5,35.5,None,0.0,None,0.12,Low
LOG-05243,2023-06-12,EQ-004,Tractor,2021-08-15,FARM-07,OP-005,Daniel Garcia,3.0,FLD-008,West Field,188.47,10.5,35.6,None,0.0,None,0.35,Medium
LOG-04042,2024/04/09,EQ-095,Tractor,2017-01-31,FARM-02,OP-042,Daniel Garcia,10.0,FLD-017,East Field,311.6,8.0,54.7,None,0.0,None,0.46,Medium
LOG-03403,2023-04-01,EQ-087,Tractor,2019-05-19,,OP-010,Robert Anderson,8.0,FLD-007,Golden Field,346.56,5.1,32.6,Routine,1085.39,,0.74,High
LOG-03752,2022-12-08,EQ-008,,2017-06-21,FARM-08,OP-050,Michael Smith,4.0,FLD-013,Valley Field,169.83,9.6,54.3,None,0.0,None,0.06,Low
LOG-00675,2022-07-02,EQ-056,Tractor,2023-07-13,FARM-09,OP-046,Michael Garcia,17.0,FLD-012,River Field,258.49,7.4,44.8,None,0.0,None,0.84,High
LOG-04016,2023-11-28,EQ-061,Planter,2022-07-14,FARM-06,OP-019,,11.0,FLD-009,South Field,474.95,5.3,27.6,None,0.0,None,0.4,Medium
LOG-02916,2023-01-17,EQ-038,Planter,2016-01-08,FARM-01,OP-017,Emily Lopez,18.0,FLD-002,Hill Field,223.83,10.6,80.6,None,0.0,None,,High
LOG-04852,2023-02-04,EQ-100,Planter,2022-05-16,FARM-10,OP-034,Grace Martinez,5.0,FLD-019,North Field,158.9,4.8,32.2,None,0.0,None,0.02,Low
LOG-01816,2024-11-12,EQ-071,Planter,2017-09-22,FARM-08,OP-038,Grace Gonzalez,8.0,FLD-009,South Field,474.95,7.2,28.8,Routine,670.18,None,0.97,High
LOG-03520,2024-10-19,EQ-067,Harvester,2015-10-04,FARM-01,OP-046,Michael Garcia,17.0,FLD-007,Golden Field,346.56,11.3,55.0,None,0.0,None,0.05,Low
LOG-03535,2023-06-25,EQ-026,Planter,2018-01-10,FARM-09,OP-011,Sophia Jones,,FLD-003,Golden Field,66.67,7.9,30.3,None,0.0,None,0.8,High
LOG-02101,2024-01-26,EQ-095,Tractor,2017-01-31,FARM-02,OP-046,Michael Garcia,17.0,FLD-006,North Field,264.76,4.2,32.5,Routine,366.74,None,0.81,High
LOG-01538,2023-12-26,EQ-019,Sprayer,2015-11-23,FARM-04,OP-020,James Hernandez,9.0,FLD-011,South Field,362.68,10.1,46.2,None,0.0,None,0.56,Medium
LOG-05091,2024-10-12,EQ-098,Harvester,2021-06-29,FARM-10,OP-035,Sarah Wilson,6.0,FLD-014,River Field,281.66,8.0,57.7,Repair,,None,0.38,Medium
LOG-06702,2022-10-14,EQ-021,Planter,2022-02-16,FARM-06,OP-012,Daniel Wilson,18.0,FLD-004,Sunny Field,103.14,3.3,15.5,None,0.0,None,0.19,Low
LOG-02102,2022-10-01,EQ-091,Tractor,2023-05-22,FARM-06,OP-035,,6.0,FLD-004,Sunny Field,103.14,3.1,10.3,None,0.0,None,0.15,Low
LOG-05930,2023/08/28,EQ-053,Sprayer,2018-06-13,FARM-04,OP-041,Chloe Brown,7.0,FLD-003,Golden Field,66.67,11.9,53.5,Routine,1015.34,None,0.89,High
LOG-03871,2024-06-13,EQ-080,Harvester,,FARM-08,,John Williams,11.0,FLD-018,River Field,208.98,3.3,14.2,None,0.0,None,0.32,Medium
LOG-01549,2024-01-12,EQ-060,Harvester,2022-12-30,FARM-05,OP-015,Laura Anderson,,FLD-015,West Field,,4.7,30.0,None,0.0,None,0.26,Low
LOG-04088,2023-03-30,EQ-030,Tractor,2017-05-14,FARM-10,OP-044,James Miller,11.0,FLD-020,West Field,220.65,3.2,12.5,None,0.0,None,,High
LOG-05452,2024-11-25,EQ-031,Sprayer,2017-05-20,FARM-08,OP-029,David Miller,5.0,FLD-020,West Field,220.65,6.5,41.1,Inspection,1457.26,None,0.2,Low
LOG-00356,02-08-2022,EQ-041,Planter,2019-04-13,FARM-10,OP-040,Charles Wilson,2.0,FLD-008,West Field,188.47,11.3,41.8,None,0.0,None,0.24,
LOG-03780,2023-05-16,EQ-043,Tractor,2022-08-18,FARM-02,OP-024,William Gonzalez,5.0,FLD-006,North Field,264.76,8.7,31.9,None,0.0,None,0.55,Medium
LOG-05640,2024-12-22,EQ-053,Sprayer,2018-06-13,FARM-04,OP-045,Michael Wilson,3.0,FLD-009,South Field,474.95,6.6,19.9,None,0.0,None,0.25,Low
LOG-04845,2023-12-22,EQ-049,Harvester,2016-09-18,FARM-06,OP-010,Robert Anderson,8.0,FLD-006,North Field,264.76,1.8,12.9,None,0.0,None,0.51,Medium
LOG-02536,2024-01-25,EQ-065,Harvester,2021-08-07,FARM-04,OP-021,Chloe Jones,2.0,FLD-016,Valley Field,341.89,7.8,40.9,Routine,1378.54,None,0.53,Medium
LOG-06195,2024-03-20,EQ-079,Planter,2016-07-28,FARM-07,OP-016,David Jones,4.0,FLD-008,West Field,188.47,9.0,66.2,,0.0,None,0.15,Low
LOG-03221,12-10-2022,EQ-027,Harvester,2022-09-05,FARM-06,OP-006,John Davis,20.0,FLD-016,Valley Field,341.89,10.0,50.4,None,0.0,None,0.77,High
LOG-04986,2023-07-30,EQ-081,Harvester,2015-11-05,FARM-08,OP-004,David Hernandez,10.0,FLD-003,Golden Field,66.67,6.1,33.4,None,0.0,None,0.14,Low
LOG-02374,2022-05-09,EQ-020,Tractor,2019-04-06,FARM-05,,David Miller,5.0,FLD-018,River Field,208.98,1.3,10.0,None,0.0,None,0.52,Medium
LOG-01052,2022-12-11,EQ-090,Sprayer,2017-06-10,FARM-01,OP-020,James Hernandez,9.0,FLD-001,Sunny Field,222.94,10.0,30.1,Routine,1059.66,None,0.52,Medium
LOG-03075,2022-08-03,EQ-077,Sprayer,2023-12-24,FARM-02,OP-008,James Rodriguez,9.0,FLD-002,Hill Field,223.83,11.5,40.7,None,0.0,None,0.77,High
LOG-02322,2022-05-19,EQ-078,Harvester,2017-02-23,FARM-04,OP-047,Charles Hernandez,18.0,FLD-006,North Field,264.76,4.9,37.0,None,0.0,None,0.52,Medium
LOG-04467,2024-12-19,EQ-019,Sprayer,2015-11-23,FARM-04,,David Miller,5.0,FLD-004,Sunny Field,103.14,3.5,25.4,None,0.0,None,0.28,Low
LOG-04510,05-04-2022,EQ-053,Sprayer,2018-06-13,FARM-04,OP-042,Daniel Garcia,10.0,FLD-020,West Field,220.65,,35.0,None,0.0,None,0.9,High
LOG-01752,2023-04-16,EQ-047,Sprayer,2020-08-12,FARM-03,OP-030,Alice Jones,12.0,FLD-002,,223.83,7.2,53.4,None,0.0,None,0.51,Medium
LOG-03410,2024-05-12,EQ-020,Tractor,2019-04-06,FARM-05,OP-002,James Hernandez,11.0,FLD-016,Valley Field,341.89,6.1,20.8,None,0.0,None,0.35,Medium
LOG-01773,"March 19, 2024",EQ-042,Planter,2020-12-07,,OP-047,Charles Hernandez,18.0,FLD-012,River Field,258.49,6.8,48.3,None,0.0,None,0.35,Medium
LOG-01197,"October 18, 2024",EQ-040,Planter,2021-09-08,FARM-02,OP-036,Jessica Anderson,14.0,FLD-003,Golden Field,66.67,2.0,9.1,None,0.0,None,0.17,Low
LOG-01879,08-05-2023,EQ-086,Tractor,2016-11-05,FARM-07,OP-021,Chloe Jones,2.0,FLD-007,Golden Field,346.56,6.1,39.7,Routine,135.18,None,0.87,High
LOG-02669,2024-12-17,EQ-052,Planter,2015-03-21,FARM-02,OP-004,David Hernandez,10.0,FLD-010,Hill Field,315.35,5.7,40.6,None,0.0,,0.15,Low
LOG-05088,2023/06/18,EQ-099,Tractor,2021-12-11,FARM-02,OP-019,James Lopez,11.0,FLD-006,North Field,264.76,4.0,24.7,None,0.0,None,0.63,Medium
LOG-02017,2024-04-05,EQ-033,Harvester,2017-12-20,FARM-03,OP-038,Grace Gonzalez,8.0,FLD-006,North Field,264.76,9.3,60.7,None,0.0,None,0.62,Medium
LOG-02006,2023-05-02,EQ-081,Harvester,2015-11-05,FARM-08,OP-002,James Hernandez,11.0,FLD-011,South Field,362.68,6.4,31.9,None,0.0,None,0.78,High
LOG-05547,13-11-2024,EQ-004,,2021-08-15,,OP-016,,4.0,FLD-014,River Field,281.66,1.3,8.1,None,0.0,None,0.66,Medium
LOG-01483,2022-06-12,EQ-024,Tractor,2021-10-31,FARM-03,OP-048,William Smith,4.0,,,474.95,10.2,52.7,Repair,327.88,Engine,0.99,High
LOG-03238,2024-04-10,EQ-083,Tractor,2016-01-18,FARM-04,OP-002,James Hernandez,11.0,FLD-004,Sunny Field,103.14,9.9,50.8,None,0.0,None,0.11,
LOG-00329,2022-07-15,EQ-048,Tractor,2022-01-05,FARM-05,OP-030,,12.0,FLD-003,Golden Field,66.67,6.6,40.8,None,0.0,None,0.59,Medium
LOG-00649,2024-03-08,EQ-022,Harvester,2019-02-25,FARM-06,OP-037,John Williams,11.0,FLD-020,West Field,220.65,3.1,11.1,None,0.0,None,,Medium
LOG-02946,2023-10-27,EQ-035,Sprayr,2023-05-18,FARM-10,OP-026,Grace Rodriguez,1.0,FLD-001,Sunny Field,222.94,6.7,43.1,None,0.0,None,0.57,Medium
LOG-03379,,EQ-067,Harvester,2015-10-04,FARM-01,OP-040,Charles Wilson,2.0,FLD-012,River Field,258.49,10.7,81.4,None,0.0,None,0.86,High
LOG-01124,2023-01-09,EQ-039,Tractor,2016-09-18,FARM-03,OP-024,William Gonzalez,5.0,FLD-014,River Field,281.66,6.9,30.0,None,0.0,None,0.65,Medium
LOG-03838,,,Tractr,2022-07-28,FARM-04,OP-048,William Smith,4.0,FLD-001,Sunny Field,222.94,11.8,45.3,None,0.0,None,0.55,Medium
LOG-02789,03-09-2024,EQ-005,Tractor,2015-05-03,FARM-02,OP-038,Grace Gonzalez,8.0,FLD-008,West Field,188.47,6.9,29.7,None,0.0,None,0.31,Medium
LOG-04073,2022-02-23,EQ-041,Planter,2019-04-13,FARM-10,OP-048,William Smith,4.0,FLD-001,Sunny Field,222.94,2.8,13.1,None,0.0,None,0.2,Low
LOG-03405,2022-10-06,EQ-055,Tractor,2015-12-17,FARM-08,OP-012,Daniel Wilson,18.0,FLD-014,River Field,281.66,5.3,40.9,None,0.0,None,0.32,Medium
LOG-04621,2022-02-21,,Tractor,2016-11-05,FARM-07,OP-044,James Miller,11.0,FLD-001,,222.94,5.1,30.6,None,0.0,None,0.18,Low
LOG-06567,2024-05-18,EQ-017,Sprayer,2021-06-22,FARM-04,OP-011,Sophia Jones,6.0,FLD-015,West Field,216.02,9.5,63.5,None,0.0,None,0.19,Low
LOG-05860,2024-07-31,EQ-010,Planter,2018-10-25,FARM-05,OP-040,Charles Wilson,2.0,FLD-020,West Field,220.65,10.3,76.8,None,0.0,None,0.09,Low
LOG-01260,2023-07-07,EQ-089,Planter,2016-09-26,FARM-04,OP-040,Charles Wilson,2.0,FLD-013,Valley Field,169.83,8.7,66.3,None,0.0,None,0.13,
LOG-04140,2023-04-15,EQ-021,Planter,2022-02-16,FARM-06,OP-011,Sophia Jones,6.0,FLD-006,North Field,264.76,10.6,48.8,None,0.0,None,0.92,
LOG-05832,"April 18, 2024",EQ-003,Tractor,2022-08-03,FARM-09,OP-045,Michael Wilson,3.0,FLD-005,North Field,357.3,1.9,12.5,None,0.0,None,0.75,High
LOG-06684,2022-02-22,EQ-082,Tractor,2015-07-27,FARM-09,OP-025,Michael Williams,15.0,FLD-002,Hill Field,223.83,7.7,47.1,,0.0,None,0.47,Medium
LOG-01520,2024-01-01,EQ-016,Sprayer,2022-01-18,FARM-10,OP-042,Daniel Garcia,10.0,FLD-007,Golden Field,346.56,6.5,38.0,None,0.0,None,0.02,Low
LOG-01379,2022-08-31,EQ-045,Tractor,2018-04-17,FARM-07,OP-019,James Lopez,11.0,FLD-006,North Field,264.76,4.2,22.8,None,0.0,None,0.18,Low
LOG-05107,2023-07-08,EQ-040,Planter,2021-09-08,,OP-028,Alice Wilson,12.0,,South Field,474.95,1.0,3.9,None,,None,0.2,Low
LOG-01024,2023-10-10,EQ-023,Harvester,2022-07-08,FARM-05,OP-001,,9.0,FLD-013,Valley Field,169.83,1.1,4.5,None,,None,0.65,Medium
LOG-04051,2022-12-15,EQ-060,Harvester,2022-12-30,FARM-05,OP-014,John Hernandez,18.0,FLD-006,North Field,264.76,11.4,45.9,None,0.0,None,0.45,Medium
LOG-02919,2022-01-01,EQ-074,Sprayer,2019-10-01,FARM-07,OP-007,Emily Johnson,18.0,FLD-009,South Field,474.95,1.7,10.3,None,0.0,None,0.79,High
LOG-05166,"July 11, 2022",EQ-014,Sprayr,2015-06-27,FARM-08,OP-021,,2.0,,Sunny Field,103.14,1.7,6.5,None,0.0,None,0.16,Low
LOG-06129,2024-09-17,EQ-013,Tractor,2019-01-10,FARM-06,OP-005,Daniel Garcia,3.0,FLD-005,North Field,357.3,10.0,78.7,None,0.0,,0.15,Low
LOG-03291,2022-08-08,EQ-023,Harvester,2022-07-08,FARM-05,OP-047,Charles Hernandez,18.0,FLD-008,West Field,188.47,3.7,13.6,None,0.0,None,0.37,Medium
LOG-00913,2022-09-13,EQ-046,Harvester,2020-02-02,FARM-01,OP-008,James Rodriguez,9.0,FLD-002,Hill Field,223.83,5.9,34.6,Routine,541.52,None,0.24,Low
LOG-02858,2022-01-14,EQ-083,Tractor,2016-01-18,FARM-04,OP-050,Michael Smith,4.0,FLD-010,Hill Field,315.35,4.4,30.7,None,0.0,None,0.26,Low
LOG-06494,2023-02-25,,Sprayer,2017-06-17,FARM-03,OP-037,John Williams,11.0,FLD-008,West Field,188.47,,15.8,Routine,603.21,None,0.63,Medium
LOG-01676,2022-09-14,EQ-070,,2021-01-17,FARM-03,OP-015,Laura Anderson,4.0,FLD-013,Valley Field,169.83,10.2,48.6,None,0.0,None,0.42,Medium
LOG-01747,2024-01-24,EQ-001,Tractr,2015-04-13,FARM-05,OP-023,Michael Smith,1.0,,Golden Field,66.67,6.6,47.2,None,0.0,None,0.16,Low
LOG-03027,2023-01-10,EQ-046,Harvester,2020-02-02,FARM-01,OP-038,Grace Gonzalez,8.0,FLD-006,North Field,264.76,6.3,32.7,None,0.0,None,0.27,Low
LOG-04089,2022/10/05,EQ-066,Tractor,2015-10-18,FARM-01,OP-050,Michael Smith,,FLD-016,Valley Field,,1.7,11.8,None,0.0,None,0.78,High
LOG-01737,2024-01-26,EQ-042,Planter,2020-12-07,FARM-05,OP-036,Jessica Anderson,14.0,FLD-016,Valley Field,341.89,2.6,18.6,None,0.0,None,0.03,Low
LOG-01630,2023-11-08,EQ-069,Harvester,2018-02-14,FARM-08,OP-045,Michael Wilson,3.0,FLD-010,Hill Field,315.35,3.6,25.2,None,0.0,None,0.41,Medium
LOG-06148,2023/11/22,EQ-008,Planter,2017-06-21,FARM-08,OP-020,James Hernandez,9.0,FLD-012,River Field,258.49,11.7,36.7,Routine,753.15,None,0.11,Low
LOG-00431,2022-01-01,EQ-053,Sprayer,,FARM-04,OP-003,Sarah Jones,13.0,FLD-018,River Field,208.98,10.1,70.3,None,0.0,None,0.63,Medium
LOG-01809,2023-05-06,EQ-030,Tractor,2017-05-14,FARM-10,OP-021,Chloe Jones,2.0,FLD-011,South Field,362.68,7.2,34.1,None,0.0,None,0.82,High
LOG-04448,2022-09-18,EQ-020,Tractor,2019-04-06,FARM-05,OP-026,Grace Rodriguez,1.0,FLD-017,East Field,311.6,8.9,54.5,Routine,204.38,None,0.84,High
LOG-03300,2024-11-18,EQ-004,Tractor,2021-08-15,FARM-07,OP-023,Michael Smith,1.0,FLD-005,North Field,357.3,8.5,46.2,None,0.0,None,0.3,Medium
LOG-06117,"June 05, 2022",EQ-003,Tractor,2022-08-03,FARM-09,OP-010,Robert Anderson,8.0,,West Field,220.65,8.1,42.9,Inspection,505.82,None,0.11,Low
LOG-04547,2024-10-09,EQ-012,Tractor,2016-01-15,FARM-07,,William Anderson,9.0,FLD-005,North Field,357.3,,59.7,Routine,1190.61,None,0.62,Medium
LOG-00235,23-12-2023,EQ-063,Tractor,2017-10-12,FARM-04,OP-030,Alice Jones,12.0,FLD-006,North Field,264.76,2.9,19.1,None,0.0,None,,High
LOG-04396,2022-09-03,EQ-096,Tractor,2022-07-28,FARM-04,OP-021,Chloe Jones,2.0,FLD-005,North Field,357.3,1.8,6.9,None,0.0,None,0.94,High
LOG-02223,2024/08/02,EQ-097,Planter,2016-05-06,FARM-10,OP-035,Sarah Wilson,6.0,FLD-002,Hill Field,223.83,7.1,,None,0.0,None,0.37,Medium
LOG-05548,2023-03-05,EQ-037,Sprayer,2017-06-17,FARM-03,OP-017,Emily Lopez,18.0,FLD-009,South Field,474.95,9.8,,None,0.0,None,0.83,High
LOG-04725,2022-06-19,EQ-039,Tractor,2016-09-18,,OP-039,Michael Williams,4.0,FLD-012,River Field,258.49,5.2,34.5,None,0.0,None,0.08,Low
LOG-05587,2023-09-17,EQ-093,Planter,2020-08-21,FARM-09,OP-038,,8.0,FLD-012,River Field,258.49,6.2,48.8,None,0.0,None,0.91,High
LOG-04308,15-08-2022,EQ-093,Planter,2020-08-21,FARM-09,OP-012,Daniel Wilson,18.0,FLD-015,West Field,216.02,7.4,52.5,None,0.0,None,0.75,
LOG-06595,2024-10-17,EQ-072,Planter,2017-02-18,FARM-02,OP-045,Michael Wilson,3.0,FLD-016,Valley Field,341.89,3.1,14.7,None,0.0,None,0.28,Low
LOG-01949,2023-11-09,EQ-063,Tractr,2017-10-12,FARM-04,OP-014,John Hernandez,18.0,FLD-014,River Field,281.66,,11.6,None,0.0,None,0.57,Medium
LOG-06228,2022-07-24,EQ-094,Harvester,2015-08-21,FARM-09,OP-027,Emily Johnson,5.0,FLD-011,South Field,362.68,3.2,24.3,None,0.0,None,0.12,Low
LOG-06211,2024-02-16,EQ-075,Planter,2023-03-06,FARM-01,OP-005,Daniel Garcia,3.0,FLD-020,West Field,220.65,,60.7,None,0.0,None,0.07,
LOG-06541,2024-05-03,,Planter,2017-05-17,FARM-09,OP-039,Michael Williams,4.0,FLD-010,Hill Field,315.35,1.7,12.5,Routine,594.58,None,0.7,High
LOG-06406,15-12-2024,EQ-066,Tractor,2015-10-18,FARM-01,OP-016,David Jones,4.0,FLD-011,South Field,362.68,,43.1,None,0.0,None,0.5,Medium
LOG-01996,2024-08-03,EQ-042,Planter,2020-12-07,FARM-05,OP-025,Michael Williams,15.0,FLD-004,Sunny Field,,11.6,84.6,None,0.0,None,0.72,High
LOG-02672,2022-08-08,EQ-061,Planter,2022-07-14,FARM-06,,James Rodriguez,9.0,FLD-008,West Field,188.47,9.3,51.0,,1242.82,None,0.76,High
LOG-05825,2024/07/01,EQ-075,Planter,2023-03-06,FARM-01,OP-036,Jessica Anderson,14.0,FLD-002,Hill Field,223.83,1.0,6.9,None,0.0,None,0.46,Medium
LOG-02225,2023-07-04,EQ-042,Planter,2020-12-07,FARM-05,OP-017,,18.0,FLD-012,River Field,258.49,,9.6,None,0.0,None,0.31,Medium
LOG-01107,2024-04-04,EQ-045,Tractor,2018-04-17,FARM-07,OP-048,William Smith,4.0,FLD-018,River Field,208.98,6.2,22.6,Routine,794.67,None,0.16,Low
LOG-05769,2024-05-19,EQ-038,Planter,2016-01-08,FARM-01,OP-046,Michael Garcia,17.0,FLD-003,Golden Field,66.67,3.3,12.2,Routine,733.1,None,0.81,High
LOG-00819,2022-07-14,EQ-080,Harvester,2018-02-14,FARM-08,OP-048,William Smith,,FLD-003,Golden Field,66.67,7.5,32.8,None,0.0,None,0.53,Medium
LOG-06597,2023-06-26,EQ-047,Sprayer,2020-08-12,FARM-03,OP-031,Alice Anderson,12.0,FLD-006,North Field,264.76,6.1,44.2,None,0.0,None,0.35,Medium
LOG-04059,2022-04-27,EQ-030,Tractor,2017-05-14,FARM-10,OP-035,Sarah Wilson,6.0,FLD-015,West Field,216.02,9.2,63.8,None,0.0,None,,Medium
LOG-05239,"June 12, 2022",EQ-096,Tractor,2022-07-28,FARM-04,OP-045,,3.0,FLD-018,River Field,208.98,10.1,52.9,None,0.0,None,0.19,Low
LOG-05660,2022-05-27,EQ-043,Tractor,2022-08-18,FARM-02,OP-038,Grace Gonzalez,8.0,FLD-018,River Field,208.98,,74.7,None,0.0,None,0.95,High
LOG-01698,2023-09-12,EQ-095,Tractr,2017-01-31,FARM-02,OP-037,John Williams,11.0,FLD-001,Sunny Field,222.94,5.2,39.1,None,0.0,None,0.05,Low
LOG-03514,2023-09-10,EQ-045,Tractor,2018-04-17,FARM-07,OP-032,James Hernandez,8.0,FLD-020,West Field,220.65,10.2,49.1,None,0.0,None,,Medium
LOG-00137,2024-05-16,EQ-094,Harvester,2015-08-21,FARM-09,,Michael Williams,4.0,FLD-017,East Field,311.6,2.2,9.8,None,0.0,None,0.06,Low
LOG-01643,2024-07-20,EQ-020,Tractor,,FARM-05,OP-040,Charles Wilson,2.0,FLD-011,South Field,,11.2,64.3,None,0.0,None,0.45,Medium
LOG-05383,2022-10-29,EQ-072,Planter,2017-02-18,FARM-02,OP-050,Michael Smith,4.0,FLD-017,East Field,311.6,3.2,23.7,Routine,,None,0.1,Low
LOG-04021,2022-03-09,EQ-031,Sprayer,2017-05-20,FARM-08,OP-001,William Anderson,9.0,FLD-020,West Field,220.65,12.0,63.7,None,0.0,None,0.26,Low
LOG-06203,2023-06-04,EQ-024,Tractor,2021-10-31,FARM-03,OP-037,John Williams,11.0,FLD-015,West Field,216.02,,17.1,None,0.0,None,0.34,Medium
LOG-01181,2024-06-28,EQ-053,,2018-06-13,FARM-04,OP-047,Charles Hernandez,18.0,FLD-011,South Field,362.68,9.6,62.2,None,0.0,None,0.16,Low
LOG-04387,2023-07-27,EQ-010,Planter,2018-10-25,FARM-05,OP-040,Charles Wilson,2.0,FLD-009,South Field,474.95,9.1,39.9,,1355.33,None,,Medium
LOG-00889,2022-08-28,EQ-083,Tractor,2016-01-18,FARM-04,OP-027,Emily Johnson,5.0,FLD-016,Valley Field,341.89,6.4,49.2,None,0.0,None,0.69,Medium
LOG-02988,2024-12-07,EQ-020,Tractor,2019-04-06,FARM-05,OP-037,John Williams,,FLD-018,River Field,,8.1,58.6,,0.0,None,0.11,Low
LOG-05036,2024-10-18,EQ-038,Planter,2016-01-08,FARM-01,OP-014,John Hernandez,18.0,FLD-018,River Field,208.98,3.7,29.4,Routine,1447.26,None,0.12,Low
LOG-02438,2023-07-29,EQ-091,Tractor,2023-05-22,FARM-06,OP-046,Michael Garcia,17.0,FLD-005,North Field,357.3,5.2,30.7,Routine,1334.88,None,0.65,Medium
LOG-03536,2024-09-28,EQ-011,Harvester,2017-05-31,FARM-06,OP-007,Emily Johnson,18.0,FLD-019,North Field,158.9,9.7,55.6,None,0.0,None,0.15,Low
LOG-03990,2023-01-13,EQ-090,Sprayer,2017-06-10,FARM-01,OP-049,Michael Williams,19.0,FLD-011,South Field,362.68,3.6,22.9,None,0.0,None,0.71,High
LOG-00818,2023-08-12,EQ-010,Planter,2018-10-25,FARM-05,OP-035,Sarah Wilson,6.0,FLD-007,,,3.9,17.5,None,0.0,None,0.8,High
LOG-01112,2022-04-28,EQ-031,Sprayer,2017-05-20,FARM-08,OP-006,John Davis,20.0,FLD-006,North Field,264.76,1.9,8.4,None,0.0,None,0.8,High
LOG-04371,2023-02-10,EQ-040,Planter,2021-09-08,FARM-02,OP-050,Michael Smith,4.0,,North Field,357.3,,50.6,None,0.0,None,0.59,Medium
LOG-02342,2024-10-23,EQ-054,Tractor,2017-09-13,FARM-10,OP-032,James Hernandez,8.0,FLD-001,Sunny Field,222.94,1.6,8.0,,0.0,None,0.96,High
LOG-03168,2022-09-26,EQ-035,Sprayer,2023-05-18,FARM-10,OP-009,David Anderson,12.0,FLD-003,Golden Field,66.67,7.3,32.9,None,0.0,None,0.65,Medium
LOG-05157,2022-01-24,EQ-071,Planter,2017-09-22,FARM-08,OP-005,,3.0,FLD-020,West Field,220.65,1.1,7.9,None,0.0,None,0.41,Medium
LOG-04754,2024-02-20,EQ-091,Tractor,2023-05-22,FARM-06,OP-029,David Miller,5.0,FLD-010,Hill Field,315.35,3.3,23.0,Repair,1100.71,Blade,0.34,Medium
LOG-05407,2022-04-23,EQ-079,Planter,2016-07-28,FARM-07,OP-012,Daniel Wilson,18.0,FLD-019,North Field,158.9,11.9,45.3,None,0.0,None,0.42,Medium
LOG-03066,2024-02-17,EQ-027,Harvester,2022-09-05,FARM-06,OP-031,Alice Anderson,12.0,FLD-005,North Field,357.3,1.6,10.3,None,0.0,None,0.77,High
LOG-01265,2023-11-29,EQ-025,Harvester,2016-10-31,FARM-08,OP-032,James Hernandez,8.0,FLD-004,Sunny Field,103.14,3.3,19.6,None,0.0,None,0.85,High
LOG-00991,27-05-2022,EQ-030,Tractor,2017-05-14,FARM-10,OP-007,Emily Johnson,18.0,FLD-004,Sunny Field,103.14,-5.0,28.7,None,0.0,None,0.67,Medium
LOG-01465,2024-03-04,EQ-091,Tractor,2023-05-22,FARM-06,OP-016,David Jones,4.0,FLD-004,Sunny Field,103.14,2.4,16.4,Repair,1171.23,Engine,0.81,High
LOG-01740,2022-11-07,EQ-009,Sprayer,2015-01-27,FARM-03,OP-005,Daniel Garcia,3.0,FLD-005,North Field,357.3,2.1,8.0,None,0.0,None,0.1,Low
LOG-05031,2024-09-23,EQ-072,Planter,2017-02-18,FARM-02,OP-044,James Miller,11.0,FLD-014,River Field,281.66,7.5,52.6,None,0.0,None,0.5,
LOG-04481,2024-09-02,EQ-030,Tractor,2017-05-14,FARM-10,OP-007,Emily Johnson,18.0,FLD-005,North Field,357.3,11.9,88.6,None,0.0,None,0.09,Low
LOG-00354,2022/12/26,EQ-046,Harvester,2020-02-02,FARM-01,OP-015,Laura Anderson,4.0,FLD-019,North Field,158.9,5.2,34.7,None,0.0,None,0.18,Low
LOG-05333,2024-02-22,EQ-020,Tractor,2019-04-06,FARM-05,OP-001,William Anderson,9.0,FLD-015,West Field,216.02,8.3,28.2,None,0.0,None,,Low
LOG-05352,2023/07/04,EQ-071,Planter,2017-09-22,FARM-08,OP-002,James Hernandez,11.0,FLD-013,Valley Field,169.83,1.2,6.2,None,0.0,None,0.46,Medium
LOG-06639,2024-03-01,EQ-002,Harvester,2017-07-03,FARM-03,OP-014,John Hernandez,18.0,FLD-010,Hill Field,315.35,3.4,13.5,None,0.0,None,0.51,Medium
LOG-01490,2024-03-09,EQ-069,Harvester,2018-02-14,FARM-08,OP-045,Michael Wilson,3.0,FLD-006,North Field,264.76,3.8,12.0,None,0.0,None,0.96,High
LOG-04702,"May 22, 2022",EQ-089,Planter,2016-09-26,FARM-04,OP-035,Sarah Wilson,6.0,FLD-011,South Field,362.68,8.8,35.3,None,0.0,None,0.86,High
LOG-04688,2024-05-08,EQ-050,Harvester,2021-01-18,,OP-028,Alice Wilson,12.0,FLD-001,Sunny Field,222.94,3.3,15.0,None,0.0,None,0.91,High
LOG-03131,2024-10-18,EQ-004,,2021-08-15,FARM-07,OP-025,Michael Williams,15.0,FLD-006,,264.76,7.2,,Inspection,,None,0.45,Medium
LOG-01229,"March 10, 2024",EQ-074,Sprayer,2019-10-01,,OP-028,Alice Wilson,12.0,FLD-005,North Field,357.3,11.8,45.6,None,0.0,None,0.52,Medium
LOG-04163,2023-05-28,EQ-051,Tractor,2021-09-19,FARM-06,OP-007,Emily Johnson,18.0,FLD-013,Valley Field,169.83,10.1,65.9,Routine,1266.91,None,0.97,High
LOG-04946,2022-08-05,EQ-005,Tractor,2015-05-03,FARM-02,OP-041,Chloe Brown,7.0,FLD-006,North Field,264.76,9.6,76.8,Routine,1067.4,None,0.57,Medium
LOG-03716,2022-03-16,EQ-098,Harvester,2021-06-29,FARM-10,OP-028,Alice Wilson,12.0,FLD-002,Hill Field,223.83,4.1,12.8,None,0.0,None,0.27,Low
LOG-06624,2023-05-11,EQ-035,Sprayer,2023-05-18,FARM-10,OP-018,David Jones,10.0,FLD-001,Sunny Field,222.94,7.0,53.9,None,0.0,None,0.98,High
LOG-03707,2023-04-05,EQ-001,Tractor,2015-04-13,FARM-05,OP-025,Michael Williams,15.0,,Sunny Field,222.94,2.8,19.0,None,0.0,None,0.24,Low
LOG-06720,,EQ-069,Harvester,2018-02-14,FARM-08,OP-024,William Gonzalez,5.0,FLD-018,River Field,208.98,3.3,11.4,Inspection,147.19,None,0.71,High
LOG-00053,2022-11-12,EQ-015,Tractor,2019-03-31,FARM-02,OP-030,Alice Jones,12.0,FLD-004,Sunny Field,103.14,,42.8,None,0.0,None,0.28,Low
LOG-04190,2022-08-17,EQ-080,Harvester,2018-02-14,,OP-031,Alice Anderson,12.0,FLD-009,South Field,474.95,4.7,17.5,Routine,,None,0.57,Medium
LOG-04032,2024-09-24,EQ-011,,2017-05-31,FARM-06,OP-009,David Anderson,12.0,,River Field,258.49,10.8,66.2,Routine,723.87,None,0.44,Medium
LOG-04901,09-09-2022,EQ-006,Harvester,2017-08-10,FARM-09,OP-010,Robert Anderson,8.0,FLD-008,West Field,188.47,1.6,8.2,None,0.0,None,0.05,Low
LOG-03086,2024-02-22,EQ-076,Tractor,2015-09-06,FARM-07,OP-007,Emily Johnson,18.0,FLD-007,Golden Field,,1.6,7.4,None,0.0,None,0.85,High
LOG-00160,,EQ-082,Tractor,2015-07-27,FARM-09,OP-012,Daniel Wilson,18.0,FLD-012,River Field,258.49,3.5,27.7,None,0.0,None,0.24,Low
LOG-04413,2022-03-21,EQ-065,Harvester,2021-08-07,FARM-04,OP-031,Alice Anderson,12.0,FLD-008,West Field,188.47,4.0,14.3,None,0.0,None,0.34,Medium
LOG-01588,2023-03-31,EQ-066,Tractor,2015-10-18,FARM-01,OP-013,Laura Martinez,17.0,FLD-005,North Field,357.3,9.5,,None,0.0,None,0.53,Medium
LOG-01590,2022-11-22,,Sprayer,2015-10-18,FARM-09,OP-011,Sophia Jones,6.0,FLD-012,River Field,258.49,2.1,8.0,None,0.0,None,0.62,Medium
LOG-01480,2023-05-15,EQ-059,Plntr,2017-05-17,FARM-09,OP-045,Michael Wilson,3.0,FLD-020,West Field,,11.1,83.4,None,0.0,None,0.81,High
LOG-04384,2024-10-12,EQ-001,Tractor,2015-04-13,FARM-05,OP-031,,12.0,FLD-001,,222.94,6.3,19.1,None,0.0,None,0.91,High
LOG-03146,2023/08/07,EQ-069,Harvester,2018-02-14,FARM-08,OP-050,Michael Smith,4.0,FLD-003,Golden Field,66.67,4.6,20.5,None,0.0,None,0.83,High
LOG-01470,2022-12-01,EQ-034,Harvester,2023-05-10,FARM-09,OP-027,Emily Johnson,5.0,FLD-006,North Field,264.76,5.4,30.2,Repair,1219.03,Engine,0.68,Medium
LOG-04160,2024/01/15,EQ-063,Tractor,2017-10-12,,OP-026,Grace Rodriguez,1.0,FLD-004,Sunny Field,103.14,10.5,33.2,Routine,374.72,None,0.11,Low
LOG-03095,2022-05-17,EQ-085,Planter,2017-05-25,FARM-07,OP-012,Daniel Wilson,18.0,FLD-013,Valley Field,169.83,5.5,23.5,None,0.0,None,0.17,Low
LOG-04860,"May 30, 2024",EQ-021,,2022-02-16,,OP-027,Emily Johnson,5.0,FLD-020,West Field,220.65,2.8,21.9,None,,None,0.75,High
LOG-05881,2023-10-01,EQ-047,Sprayer,2020-08-12,FARM-03,OP-003,Sarah Jones,13.0,FLD-009,South Field,474.95,6.9,26.5,Routine,1331.25,None,0.15,Low
LOG-02079,"October 30, 2024",EQ-048,Tractor,2022-01-05,FARM-05,OP-007,Emily Johnson,18.0,FLD-008,West Field,188.47,2.2,14.4,None,0.0,None,0.04,Low
LOG-05167,17-01-2024,EQ-090,Sprayer,2017-06-10,FARM-01,OP-033,Emily Garcia,18.0,FLD-010,Hill Field,315.35,10.8,84.6,None,0.0,None,0.08,Low
LOG-04394,2022-08-18,EQ-087,Tractor,2019-05-19,FARM-05,OP-012,Daniel Wilson,18.0,FLD-007,Golden Field,346.56,2.5,8.5,Routine,1199.06,None,0.53,Medium
LOG-02141,2022-09-24,EQ-047,Sprayer,2020-08-12,FARM-03,OP-025,Michael Williams,15.0,FLD-010,Hill Field,315.35,3.3,10.3,None,0.0,None,0.88,High
LOG-04405,2024-04-22,EQ-017,,,FARM-04,OP-007,Emily Johnson,18.0,FLD-002,Hill Field,223.83,5.0,,None,0.0,None,0.3,Medium
LOG-02829,,EQ-033,Harvester,2017-12-20,FARM-03,OP-022,Robert Hernandez,14.0,FLD-017,East Field,311.6,10.9,37.1,Routine,,None,0.8,High
LOG-00437,2022-08-09,EQ-025,Harvester,2016-10-31,FARM-08,,Michael Garcia,17.0,FLD-011,South Field,362.68,9.3,30.1,None,0.0,None,0.67,Medium
LOG-06380,2023-07-30,EQ-023,Harvester,,,OP-031,Alice Anderson,12.0,FLD-006,North Field,264.76,4.2,25.7,Inspection,104.11,None,0.39,Medium
LOG-06796,12-05-2023,EQ-069,Harvester,2018-02-14,FARM-08,OP-008,James Rodriguez,9.0,FLD-005,North Field,357.3,4.7,19.5,Routine,768.01,None,0.38,Medium
LOG-02961,2022-11-10,EQ-018,Tractor,2015-07-07,FARM-04,OP-018,David Jones,10.0,FLD-011,South Field,362.68,7.1,25.2,None,0.0,None,0.61,Medium
LOG-04662,2022/08/16,EQ-047,Sprayer,2020-08-12,,OP-005,Daniel Garcia,3.0,FLD-006,North Field,264.76,2.4,18.1,None,,None,0.49,Medium
LOG-01589,2024-12-22,EQ-100,,2022-05-16,FARM-10,OP-010,Robert Anderson,8.0,FLD-019,North Field,158.9,6.8,47.6,None,0.0,None,0.24,Low
LOG-04561,2022-08-07,EQ-042,Planter,2020-12-07,FARM-05,OP-020,James Hernandez,9.0,FLD-018,River Field,208.98,4.2,32.3,Inspection,614.97,,0.43,Medium
LOG-02781,2022/06/27,EQ-071,Planter,2017-09-22,FARM-08,OP-029,David Miller,5.0,FLD-001,Sunny Field,222.94,,55.8,None,0.0,None,0.2,Low
LOG-04401,,EQ-065,Harvester,2021-08-07,FARM-04,OP-010,Robert Anderson,8.0,FLD-010,Hill Field,315.35,8.8,27.4,,116.03,None,0.52,Medium
LOG-01591,2024-05-18,EQ-097,Planter,2016-05-06,FARM-10,OP-046,Michael Garcia,17.0,FLD-005,North Field,357.3,10.4,45.7,None,0.0,None,0.94,High
LOG-04265,2024-12-02,EQ-053,Sprayer,2018-06-13,FARM-04,OP-032,James Hernandez,8.0,FLD-010,Hill Field,315.35,11.6,63.6,None,0.0,None,0.92,High
LOG-00974,2023-02-25,EQ-043,Tractor,2022-08-18,FARM-02,OP-048,William Smith,4.0,FLD-013,Valley Field,169.83,5.4,38.5,Routine,64.34,None,0.36,Medium
LOG-01239,,EQ-044,Sprayer,2023-08-15,FARM-06,OP-023,,1.0,FLD-016,Valley Field,341.89,2.7,18.1,None,0.0,None,0.2,Low
LOG-02952,2024-12-08,EQ-001,,2015-04-13,FARM-05,OP-004,David Hernandez,10.0,FLD-013,Valley Field,169.83,5.9,33.1,None,0.0,None,0.8,
LOG-02343,2022-03-25,EQ-054,Tractor,2017-09-13,FARM-10,OP-026,Grace Rodriguez,1.0,FLD-015,West Field,216.02,5.2,33.8,None,0.0,None,0.09,Low
LOG-06125,2022-06-09,EQ-056,Tractor,2023-07-13,FARM-09,,Daniel Garcia,10.0,FLD-010,Hill Field,315.35,1.7,8.1,None,0.0,None,0.69,Medium
LOG-06674,2024-11-28,EQ-033,Harvester,2017-12-20,FARM-03,OP-016,David Jones,4.0,FLD-017,East Field,311.6,10.7,52.6,None,0.0,None,,Medium
LOG-04490,2024-06-27,EQ-029,Sprayer,2019-07-02,FARM-05,OP-002,James Hernandez,11.0,FLD-002,Hill Field,223.83,6.6,37.8,None,0.0,None,,Medium
LOG-05976,2022-03-28,EQ-097,Planter,2016-05-06,FARM-10,,Grace Gonzalez,8.0,FLD-020,West Field,220.65,5.8,20.1,Repair,964.0,Filter,0.74,High
LOG-02232,2023-10-28,EQ-050,Harvester,2021-01-18,,OP-039,Michael Williams,4.0,FLD-008,West Field,188.47,8.9,49.1,Repair,954.99,Belt,0.33,Medium
LOG-03483,2023-04-04,EQ-055,Tractor,2015-12-17,FARM-08,,Emily Lopez,18.0,FLD-011,South Field,362.68,4.0,20.1,None,0.0,None,0.08,Low
LOG-01498,2022-12-19,EQ-043,Tractor,2022-08-18,FARM-02,OP-049,Michael Williams,19.0,FLD-015,West Field,216.02,8.5,29.7,None,0.0,None,0.42,Medium
LOG-00450,2024-03-04,EQ-086,Tractor,2016-11-05,FARM-07,OP-004,David Hernandez,10.0,FLD-013,Valley Field,169.83,5.6,38.9,None,0.0,None,0.96,High
LOG-02370,2023-02-02,EQ-007,Tractor,2021-04-17,FARM-04,OP-008,James Rodriguez,9.0,FLD-016,Valley Field,341.89,8.1,30.9,None,0.0,None,0.81,High
LOG-04996,2023-02-26,EQ-084,Harvester,2019-07-23,FARM-08,OP-014,John Hernandez,18.0,FLD-009,South Field,474.95,9.3,38.8,None,0.0,,0.43,Medium
LOG-04340,2024-08-28,EQ-039,Tractor,2016-09-18,FARM-03,OP-010,Robert Anderson,8.0,FLD-016,Valley Field,341.89,3.9,15.5,None,0.0,None,0.58,Medium
LOG-02423,2024-12-12,EQ-053,Sprayer,2018-06-13,FARM-04,OP-017,Emily Lopez,18.0,FLD-001,Sunny Field,222.94,9.3,66.8,None,0.0,None,0.18,Low
LOG-06281,2022-04-18,EQ-041,Planter,2019-04-13,FARM-10,OP-014,John Hernandez,18.0,FLD-010,Hill Field,315.35,10.5,67.8,None,0.0,None,0.39,Medium
LOG-05002,2022-11-07,EQ-086,Tractor,2016-11-05,FARM-07,OP-018,David Jones,10.0,FLD-016,Valley Field,341.89,9.7,72.6,None,0.0,None,0.46,Medium
LOG-04632,2023-04-11,EQ-007,Tractor,2021-04-17,FARM-04,OP-047,Charles Hernandez,18.0,FLD-001,Sunny Field,222.94,12.0,75.0,None,0.0,None,0.66,Medium
LOG-01552,15-11-2023,EQ-069,Harvester,2018-02-14,FARM-08,OP-032,James Hernandez,8.0,,Hill Field,315.35,8.0,53.4,None,0.0,None,0.96,High
LOG-06205,2023-04-06,EQ-076,Tractor,2015-09-06,FARM-07,OP-021,Chloe Jones,2.0,FLD-004,Sunny Field,103.14,,16.4,None,0.0,None,0.01,Low
LOG-01147,2024-02-26,EQ-057,Harvester,2016-06-09,FARM-08,OP-049,Michael Williams,19.0,FLD-017,East Field,311.6,7.2,35.6,None,0.0,None,0.21,Low
LOG-06506,2022/10/06,EQ-048,Tractor,2022-01-05,FARM-05,OP-023,Michael Smith,1.0,FLD-007,Golden Field,346.56,-5.2,41.0,None,0.0,None,0.86,High
LOG-02093,2024-05-14,EQ-081,Harvester,2015-11-05,FARM-08,OP-022,Robert Hernandez,14.0,FLD-019,North Field,158.9,11.6,81.0,None,0.0,None,0.71,High
LOG-01314,2023-07-25,EQ-059,Planter,2017-05-17,FARM-09,OP-046,Michael Garcia,17.0,FLD-005,North Field,,9.6,60.4,None,0.0,None,0.08,Low
LOG-02016,2022-05-13,EQ-048,Tractor,2022-01-05,FARM-05,OP-037,John Williams,11.0,FLD-019,North Field,158.9,9.8,43.4,Inspection,72.87,,0.99,High
LOG-00188,"November 28, 2024",EQ-094,,2015-08-21,FARM-09,,David Hernandez,10.0,FLD-005,North Field,357.3,3.3,15.3,None,0.0,None,0.52,Medium
LOG-03768,2022/02/07,EQ-043,Tractor,2022-08-18,FARM-02,OP-006,John Davis,20.0,FLD-001,Sunny Field,222.94,11.5,85.4,Routine,216.49,None,0.31,Medium
LOG-05172,2022-09-15,EQ-005,Tractor,2015-05-03,FARM-02,OP-008,James Rodriguez,9.0,FLD-004,Sunny Field,103.14,6.0,34.0,None,0.0,None,0.66,Medium
LOG-01382,,EQ-004,,2021-08-15,FARM-07,OP-024,,5.0,FLD-007,Golden Field,346.56,11.4,66.8,None,0.0,None,0.52,Medium
LOG-04261,2024/02/08,EQ-098,Harvester,2021-06-29,FARM-10,OP-001,William Anderson,9.0,FLD-018,River Field,208.98,4.0,31.1,None,0.0,None,0.42,Medium
LOG-00414,2023-02-14,EQ-064,Tractor,2018-10-16,FARM-01,OP-013,Laura Martinez,17.0,FLD-020,West Field,220.65,9.6,68.7,None,0.0,None,0.36,Medium
LOG-06727,2024-11-14,EQ-055,Tractor,2015-12-17,FARM-08,OP-009,David Anderson,12.0,FLD-001,,222.94,2.2,7.1,None,0.0,None,0.65,Medium
LOG-00942,2022-04-04,EQ-075,Planter,2023-03-06,FARM-01,OP-033,Emily Garcia,18.0,,Hill Field,315.35,2.8,15.9,Routine,,None,0.69,Medium
LOG-00802,2024-09-01,EQ-083,Tractor,2016-01-18,FARM-04,OP-026,Grace Rodriguez,1.0,FLD-012,River Field,258.49,8.3,64.3,None,0.0,None,0.51,
LOG-03337,2023-12-30,EQ-053,Sprayer,2018-06-13,FARM-04,OP-022,Robert Hernandez,14.0,FLD-014,River Field,281.66,6.7,23.3,None,0.0,None,0.66,Medium
LOG-06556,2022-06-08,EQ-093,Planter,2020-08-21,FARM-09,OP-016,David Jones,4.0,FLD-007,Golden Field,346.56,3.3,23.4,Repair,140.78,Hydraulics,0.44,Medium
LOG-02751,2023-07-08,EQ-035,Sprayer,2023-05-18,FARM-10,OP-021,Chloe Jones,2.0,FLD-005,North Field,357.3,1.7,6.5,Repair,563.06,Belt,0.85,High
LOG-03465,,EQ-010,,2018-10-25,,OP-014,,18.0,FLD-013,Valley Field,169.83,5.6,20.4,None,0.0,None,0.84,High
LOG-04289,2023-01-05,EQ-089,Planter,2016-09-26,FARM-04,OP-039,Michael Williams,4.0,FLD-007,,346.56,11.7,56.5,None,0.0,None,0.57,Medium
LOG-00257,2024-05-12,EQ-022,Harvester,2019-02-25,FARM-06,OP-028,,12.0,FLD-009,South Field,474.95,4.3,29.7,None,0.0,None,0.94,High
LOG-03983,2024-04-12,EQ-078,Harvester,2017-02-23,FARM-04,OP-037,John Williams,11.0,FLD-003,,,8.5,64.0,Routine,214.58,None,0.2,Low
LOG-04686,2023-07-29,,Sprayer,2015-06-27,FARM-08,OP-021,Chloe Jones,2.0,FLD-001,Sunny Field,222.94,10.0,41.5,Routine,392.75,None,0.96,High
LOG-03200,2023/03/31,EQ-050,Harvester,2021-01-18,FARM-09,OP-028,Alice Wilson,12.0,FLD-019,North Field,,3.8,12.7,None,0.0,None,,High
LOG-02236,2024-12-31,EQ-007,Tractor,2021-04-17,FARM-04,OP-035,Sarah Wilson,6.0,FLD-007,Golden Field,346.56,10.7,68.9,None,0.0,None,0.62,Medium
LOG-00648,2023-07-29,EQ-046,Harvester,2020-02-02,FARM-01,OP-005,Daniel Garcia,3.0,FLD-005,North Field,357.3,10.2,47.9,None,0.0,None,0.53,Medium
LOG-01768,2022-06-27,EQ-053,Sprayer,2018-06-13,FARM-04,OP-024,William Gonzalez,5.0,FLD-014,River Field,281.66,7.6,56.4,None,0.0,None,0.36,Medium
LOG-04794,2023-10-14,EQ-014,Sprayer,2015-06-27,FARM-08,OP-037,John Williams,11.0,FLD-017,East Field,311.6,-11.4,55.7,Routine,367.6,None,0.12,Low
LOG-06625,2023-01-18,EQ-059,Planter,2017-05-17,FARM-09,OP-005,Daniel Garcia,3.0,FLD-020,West Field,220.65,10.9,67.7,None,0.0,None,,Medium
LOG-06469,2023-03-29,EQ-038,Planter,2016-01-08,FARM-01,,David Anderson,12.0,FLD-019,North Field,158.9,1.3,,None,0.0,None,0.26,Low
LOG-05910,2022-11-24,EQ-056,Tractor,2023-07-13,FARM-09,OP-011,Sophia Jones,6.0,FLD-020,West Field,220.65,2.8,22.3,None,0.0,None,0.85,High
LOG-03830,2023-11-29,EQ-060,Harvstr,2022-12-30,FARM-05,OP-002,James Hernandez,11.0,FLD-003,Golden Field,66.67,8.5,32.8,Routine,896.83,None,0.21,Low
LOG-00025,2024-08-10,EQ-069,Harvester,2018-02-14,FARM-08,OP-050,Michael Smith,4.0,FLD-016,Valley Field,341.89,5.8,38.6,None,0.0,None,0.84,High
LOG-06789,2023-07-03,EQ-094,Harvstr,2015-08-21,FARM-09,OP-022,Robert Hernandez,14.0,FLD-020,West Field,220.65,2.3,10.7,None,0.0,None,0.87,High
LOG-01089,2024-09-09,EQ-003,Tractor,2022-08-03,FARM-09,OP-038,Grace Gonzalez,8.0,FLD-019,North Field,158.9,4.0,26.9,None,0.0,None,0.19,Low
LOG-06400,2023-04-15,EQ-007,Tractor,2021-04-17,FARM-04,OP-025,Michael Williams,15.0,FLD-009,South Field,474.95,6.3,38.3,,0.0,,0.65,Medium
LOG-02695,2024-05-11,EQ-098,Harvester,2021-06-29,FARM-10,OP-018,David Jones,10.0,FLD-016,Valley Field,341.89,3.9,31.1,None,0.0,None,0.81,High
LOG-05147,2022-02-04,,Tractor,2018-04-17,FARM-07,OP-024,William Gonzalez,5.0,FLD-012,River Field,258.49,,31.1,None,0.0,None,0.54,
LOG-05877,2023-07-15,EQ-050,Harvester,,FARM-09,OP-015,,4.0,FLD-010,Hill Field,,3.3,14.5,None,0.0,None,0.19,
LOG-00113,30-07-2022,EQ-083,Tractor,2016-01-18,FARM-04,OP-010,Robert Anderson,8.0,FLD-008,West Field,188.47,2.6,10.4,None,0.0,None,0.76,High
LOG-02842,2023-12-08,EQ-053,Sprayr,,FARM-04,OP-012,Daniel Wilson,18.0,FLD-007,Golden Field,346.56,5.1,40.4,None,0.0,None,0.94,High
LOG-02312,2023-01-18,EQ-024,Tractor,2021-10-31,FARM-03,OP-038,Grace Gonzalez,8.0,FLD-002,Hill Field,223.83,8.3,48.7,None,0.0,None,0.22,Low
LOG-03442,2024-04-02,EQ-012,Tractor,2016-01-15,FARM-07,OP-006,John Davis,20.0,FLD-010,Hill Field,315.35,2.0,8.5,None,0.0,None,0.64,Medium
LOG-03825,2023-03-20,EQ-069,Harvester,2018-02-14,FARM-08,OP-039,Michael Williams,4.0,FLD-010,Hill Field,315.35,3.6,13.3,None,0.0,None,0.98,High
LOG-06648,2024-03-11,EQ-054,Tractr,2017-09-13,FARM-10,OP-010,Robert Anderson,8.0,FLD-013,Valley Field,,5.7,32.9,None,0.0,None,0.78,High
LOG-04681,2024-12-28,EQ-063,Tractor,2017-10-12,FARM-04,OP-011,Sophia Jones,6.0,FLD-008,West Field,188.47,11.1,37.1,None,0.0,None,0.58,Medium
LOG-00057,2024-07-21,EQ-098,,2021-06-29,FARM-10,OP-035,Sarah Wilson,6.0,FLD-013,Valley Field,169.83,11.3,83.0,None,0.0,None,0.24,Low
LOG-01310,2024-07-25,EQ-019,Sprayer,2015-11-23,FARM-04,OP-002,James Hernandez,11.0,FLD-010,Hill Field,315.35,2.3,11.4,None,0.0,None,0.04,Low
LOG-00696,,EQ-056,Tractor,2023-07-13,FARM-09,OP-001,William Anderson,9.0,FLD-010,Hill Field,315.35,5.2,23.8,None,0.0,None,0.95,High
LOG-05092,2024-10-25,EQ-095,Tractor,2017-01-31,FARM-02,OP-029,David Miller,5.0,FLD-002,Hill Field,,11.4,46.2,None,0.0,None,0.02,Low
LOG-01228,2024-03-12,EQ-056,Tractor,2023-07-13,FARM-09,OP-016,David Jones,4.0,FLD-018,River Field,,3.1,19.3,None,0.0,None,0.8,High
LOG-02000,2022-01-07,EQ-077,Sprayer,2023-12-24,FARM-02,OP-008,James Rodriguez,9.0,FLD-014,River Field,281.66,10.7,68.5,None,0.0,None,0.61,Medium
LOG-00277,2024-12-16,EQ-015,Tractor,2019-03-31,,OP-017,Emily Lopez,18.0,FLD-016,Valley Field,341.89,11.6,53.0,None,,None,0.39,Medium
LOG-03672,2024-06-17,EQ-012,Tractor,2016-01-15,FARM-07,OP-033,Emily Garcia,18.0,FLD-002,,223.83,3.3,25.3,Routine,96.94,None,0.35,Medium
LOG-06325,2023-02-24,EQ-070,Harvester,2021-01-17,FARM-03,OP-017,Emily Lopez,,FLD-018,River Field,208.98,5.2,31.2,None,0.0,None,0.78,High
LOG-01834,2022/11/22,EQ-098,Harvester,2021-06-29,FARM-10,OP-015,Laura Anderson,4.0,FLD-003,Golden Field,66.67,,13.0,Routine,164.92,None,0.92,High
LOG-05545,2024-11-19,EQ-001,Tractor,2015-04-13,FARM-05,OP-044,James Miller,11.0,FLD-018,River Field,208.98,9.4,52.6,None,0.0,None,0.04,Low
LOG-00683,2024-01-22,EQ-053,Sprayer,2018-06-13,FARM-04,OP-035,Sarah Wilson,6.0,FLD-019,North Field,158.9,1.4,4.5,None,0.0,None,0.37,Medium
LOG-05669,2024/12/07,EQ-041,Planter,2019-04-13,FARM-10,OP-031,Alice Anderson,12.0,FLD-007,Golden Field,346.56,8.9,60.7,None,0.0,None,0.12,Low
LOG-06591,14-04-2023,EQ-069,Harvester,2018-02-14,FARM-08,OP-027,,5.0,FLD-015,West Field,216.02,8.7,47.1,None,0.0,None,0.08,Low
LOG-05060,2024-04-08,EQ-024,Tractor,2021-10-31,FARM-03,OP-045,Michael Wilson,3.0,FLD-005,,357.3,4.9,25.7,Inspection,469.99,None,0.24,Low
LOG-03949,2023-03-22,EQ-062,Planter,2020-10-20,FARM-08,OP-006,John Davis,20.0,FLD-001,Sunny Field,222.94,8.6,64.6,Routine,216.97,None,0.51,Medium
LOG-01138,14-01-2023,EQ-078,Harvester,2017-02-23,FARM-04,OP-007,Emily Johnson,18.0,FLD-014,,281.66,3.8,20.7,None,,None,0.12,Low
LOG-02768,2024-05-31,EQ-007,Tractor,2021-04-17,FARM-04,OP-038,Grace Gonzalez,,FLD-012,River Field,258.49,3.1,10.3,None,0.0,,0.64,Medium
LOG-05235,27-02-2024,EQ-043,,2022-08-18,FARM-02,OP-046,Michael Garcia,17.0,FLD-008,West Field,188.47,9.9,76.2,None,0.0,None,0.13,Low
LOG-04403,2024-09-06,EQ-009,Sprayr,2015-01-27,FARM-03,OP-019,James Lopez,11.0,FLD-019,North Field,158.9,10.5,76.3,None,0.0,,0.14,Low
LOG-00943,2023-07-27,EQ-018,Tractor,2015-07-07,FARM-04,OP-047,Charles Hernandez,18.0,FLD-018,River Field,208.98,10.7,43.4,None,0.0,None,0.8,High
LOG-01037,2022-12-28,EQ-026,Planter,2018-01-10,FARM-09,OP-016,David Jones,4.0,FLD-014,River Field,281.66,7.7,34.8,None,,None,0.96,
LOG-03654,2024-05-31,EQ-053,,2018-06-13,FARM-04,OP-016,David Jones,4.0,FLD-001,Sunny Field,222.94,2.3,11.6,None,0.0,None,0.08,Low
LOG-05969,2023-03-20,EQ-062,Planter,2020-10-20,FARM-08,OP-026,Grace Rodriguez,1.0,FLD-016,Valley Field,341.89,9.3,28.9,None,0.0,None,0.23,Low
LOG-01347,2023-06-22,EQ-078,Harvester,2017-02-23,FARM-04,OP-049,Michael Williams,19.0,,South Field,362.68,9.9,59.0,None,0.0,None,0.34,Medium
LOG-06046,2024-10-08,EQ-024,Tractor,2021-10-31,FARM-03,OP-009,David Anderson,12.0,FLD-009,South Field,474.95,5.5,,None,0.0,None,0.43,Medium
LOG-04057,2022-08-09,EQ-099,Tractor,2021-12-11,FARM-02,OP-046,Michael Garcia,17.0,FLD-012,River Field,258.49,1.2,5.7,None,0.0,None,0.25,Low
LOG-02785,2024-02-15,,,2018-02-14,FARM-08,OP-024,William Gonzalez,5.0,FLD-008,West Field,188.47,10.3,37.9,None,0.0,None,0.05,Low
LOG-04415,2022-03-04,EQ-015,Tractor,2019-03-31,FARM-02,OP-035,Sarah Wilson,6.0,FLD-018,River Field,208.98,6.5,51.2,None,0.0,None,0.77,
LOG-02385,2022/11/21,EQ-064,Tractor,2018-10-16,FARM-01,OP-008,James Rodriguez,9.0,FLD-017,East Field,311.6,10.1,40.4,Routine,70.53,None,0.13,Low
LOG-02989,27-09-2024,EQ-099,Tractor,2021-12-11,FARM-02,OP-009,David Anderson,12.0,FLD-001,Sunny Field,222.94,1.1,,None,0.0,None,0.84,High
LOG-00116,26-04-2022,EQ-039,Tractor,2016-09-18,FARM-03,OP-018,David Jones,10.0,FLD-019,North Field,158.9,4.9,16.5,None,0.0,,0.05,Low
LOG-04875,2023-12-30,EQ-065,Harvester,2021-08-07,,OP-041,Chloe Brown,7.0,FLD-005,North Field,357.3,10.2,37.4,None,0.0,None,0.94,High
LOG-03401,2024-05-15,,,2015-11-23,FARM-04,OP-004,,10.0,FLD-007,Golden Field,346.56,3.4,15.4,,0.0,None,0.63,Medium
LOG-05959,2024-06-14,EQ-081,Harvester,2015-11-05,FARM-08,OP-039,,4.0,FLD-013,Valley Field,169.83,10.8,62.0,None,0.0,None,0.05,Low
LOG-03120,"November 11, 2023",EQ-074,Sprayer,2019-10-01,FARM-07,OP-001,William Anderson,,FLD-011,South Field,362.68,7.1,55.3,None,0.0,None,0.78,High
LOG-06095,2023-12-16,EQ-003,Tractor,2022-08-03,FARM-09,OP-047,Charles Hernandez,18.0,FLD-019,North Field,158.9,8.6,30.9,None,0.0,None,0.32,Medium
LOG-03602,"June 18, 2022",EQ-084,,2019-07-23,FARM-08,OP-049,Michael Williams,19.0,FLD-001,Sunny Field,222.94,9.0,49.0,None,0.0,None,0.94,High
LOG-05024,2022/10/30,EQ-025,Harvester,2016-10-31,FARM-08,OP-001,William Anderson,9.0,FLD-005,North Field,357.3,7.0,51.4,Inspection,1396.16,None,0.79,High
LOG-02820,2022-11-16,EQ-015,Tractor,2019-03-31,FARM-02,OP-031,Alice Anderson,12.0,FLD-002,Hill Field,223.83,5.5,24.7,None,0.0,None,0.06,Low
LOG-03552,2024/03/03,EQ-030,Tractor,2017-05-14,FARM-10,OP-039,,4.0,,Sunny Field,222.94,9.6,40.8,None,0.0,None,0.04,Low
LOG-05747,30-05-2023,EQ-052,Planter,2015-03-21,FARM-02,OP-017,Emily Lopez,18.0,FLD-018,River Field,208.98,6.3,34.5,None,0.0,None,0.05,Low
LOG-05826,2023-09-24,EQ-018,Tractor,2015-07-07,FARM-04,OP-040,Charles Wilson,2.0,,North Field,264.76,10.3,78.9,None,0.0,None,0.41,Medium
LOG-05754,2022-07-05,EQ-068,,2015-10-18,FARM-09,,Laura Anderson,4.0,FLD-006,North Field,264.76,4.6,36.6,None,0.0,None,0.07,Low
LOG-00082,2023-03-21,EQ-036,Planter,2021-07-18,FARM-07,OP-003,Sarah Jones,13.0,FLD-012,River Field,258.49,5.9,45.7,None,0.0,None,0.11,Low
LOG-03022,2024-01-04,EQ-029,Sprayer,2019-07-02,FARM-05,OP-027,Emily Johnson,5.0,FLD-016,Valley Field,341.89,7.8,24.0,None,0.0,None,0.45,Medium
LOG-01973,2023-12-09,EQ-034,Harvester,2023-05-10,FARM-09,OP-016,David Jones,4.0,FLD-013,Valley Field,,8.0,27.5,None,0.0,None,0.28,Low
LOG-01715,2023-12-24,EQ-076,Tractor,2015-09-06,FARM-07,OP-011,Sophia Jones,6.0,FLD-002,Hill Field,223.83,5.5,40.7,None,0.0,None,0.79,High
LOG-04487,,EQ-080,Harvester,2018-02-14,FARM-08,OP-034,Grace Martinez,,FLD-015,West Field,216.02,2.3,11.0,None,0.0,None,0.04,Low
LOG-05262,2022-02-07,,Harvester,2021-08-07,FARM-04,OP-032,James Hernandez,8.0,,River Field,208.98,8.1,43.6,None,0.0,None,,Medium
LOG-03857,2022-08-06,EQ-087,Tractor,2019-05-19,FARM-05,OP-031,Alice Anderson,12.0,FLD-002,Hill Field,223.83,6.5,43.4,Routine,306.09,None,0.37,Medium
LOG-04512,2024-06-27,EQ-069,Harvester,2018-02-14,FARM-08,OP-018,David Jones,10.0,FLD-020,West Field,220.65,,73.6,None,0.0,None,0.04,Low
LOG-01947,"April 30, 2023",EQ-027,Harvester,2022-09-05,,,John Davis,20.0,FLD-011,South Field,362.68,7.7,26.7,None,0.0,None,0.6,
LOG-04307,"January 26, 2022",EQ-034,Harvester,2023-05-10,FARM-09,OP-026,Grace Rodriguez,1.0,FLD-006,,264.76,6.2,45.9,None,0.0,None,0.15,Low
LOG-06026,2023-01-31,EQ-037,Sprayer,2017-06-17,FARM-03,OP-023,Michael Smith,,FLD-004,Sunny Field,103.14,6.0,37.8,Routine,235.19,None,0.64,Medium
LOG-04907,2022-05-18,EQ-032,Planter,2022-03-18,FARM-08,OP-043,Sarah Brown,1.0,FLD-016,Valley Field,341.89,11.0,79.2,None,0.0,None,0.96,High
LOG-03489,"June 19, 2022",EQ-056,Tractor,2023-07-13,FARM-09,OP-042,Daniel Garcia,10.0,FLD-002,Hill Field,223.83,9.8,72.2,None,0.0,None,0.28,Low
LOG-01611,2023-03-05,EQ-082,Tractor,2015-07-27,FARM-09,OP-017,Emily Lopez,18.0,FLD-006,North Field,264.76,7.1,52.0,,0.0,None,0.74,High
LOG-04856,2023-10-11,EQ-033,Harvester,2017-12-20,FARM-03,OP-030,,12.0,FLD-019,North Field,158.9,4.9,32.7,Routine,866.21,None,0.79,High
LOG-01252,06-04-2022,EQ-007,Tractor,2021-04-17,FARM-04,OP-032,James Hernandez,8.0,FLD-016,Valley Field,341.89,11.9,60.8,Repair,298.15,,0.59,Medium
LOG-03981,2023-04-20,EQ-027,Harvester,2022-09-05,FARM-06,OP-025,Michael Williams,15.0,FLD-017,East Field,311.6,6.9,43.4,None,0.0,None,0.93,High
LOG-03071,2024-07-31,EQ-025,,2016-10-31,FARM-08,OP-039,,4.0,FLD-004,Sunny Field,103.14,2.5,19.1,None,,None,0.59,Medium
LOG-04258,"June 11, 2023",EQ-085,Planter,2017-05-25,,OP-006,John Davis,20.0,FLD-010,Hill Field,315.35,5.2,31.5,None,0.0,None,0.57,Medium
LOG-01236,2024-03-11,EQ-064,Tractor,2018-10-16,FARM-01,OP-024,William Gonzalez,5.0,FLD-007,Golden Field,346.56,2.1,14.7,None,,None,0.49,Medium
LOG-04003,2024-07-25,EQ-065,Harvester,2021-08-07,FARM-04,OP-016,David Jones,4.0,FLD-002,,223.83,5.0,22.6,None,0.0,None,0.31,Medium
LOG-06564,2024-02-01,EQ-028,Tractor,2017-07-27,FARM-01,OP-029,David Miller,5.0,FLD-017,East Field,311.6,8.7,45.6,Routine,1332.17,None,0.46,Medium
LOG-05429,2022-05-02,EQ-073,Tractor,2022-05-23,FARM-07,OP-048,William Smith,4.0,FLD-006,North Field,264.76,3.9,13.1,None,0.0,None,0.33,Medium
LOG-03376,2024-11-05,EQ-079,Planter,2016-07-28,FARM-07,OP-017,Emily Lopez,18.0,FLD-002,Hill Field,223.83,5.8,40.8,None,0.0,None,0.18,Low
LOG-00666,2024-04-10,EQ-017,,2021-06-22,FARM-04,OP-033,Emily Garcia,18.0,FLD-004,Sunny Field,103.14,10.0,69.8,,0.0,None,0.65,Medium
LOG-02195,08-01-2024,EQ-090,Sprayer,2017-06-10,FARM-01,OP-002,James Hernandez,11.0,FLD-006,North Field,264.76,11.0,48.3,None,,None,0.15,Low
LOG-04988,2022-06-25,EQ-080,Harvester,2018-02-14,FARM-08,OP-032,James Hernandez,8.0,FLD-015,West Field,216.02,8.8,50.8,,0.0,None,0.8,High
LOG-05954,2022-05-01,EQ-099,Tractor,2021-12-11,FARM-02,OP-046,Michael Garcia,17.0,FLD-009,South Field,474.95,1.3,,None,0.0,None,0.12,Low
LOG-01018,2022-03-12,EQ-046,Harvester,2020-02-02,FARM-01,OP-012,Daniel Wilson,18.0,FLD-007,Golden Field,346.56,10.8,61.1,None,0.0,None,,Low
LOG-00558,2023-05-25,EQ-049,Harvester,2016-09-18,FARM-06,OP-001,William Anderson,9.0,FLD-004,,103.14,5.2,40.9,None,0.0,None,0.98,High
LOG-04607,2022-05-20,EQ-061,Planter,2022-07-14,FARM-06,,Emily Johnson,5.0,FLD-019,North Field,158.9,,61.0,None,0.0,None,0.21,Low
LOG-04360,2023-01-24,EQ-091,Tractor,2023-05-22,FARM-06,OP-026,Grace Rodriguez,1.0,FLD-019,North Field,158.9,,32.7,Inspection,516.1,None,0.02,Low
LOG-01208,2022-02-16,EQ-028,Tractor,2017-07-27,FARM-01,OP-004,David Hernandez,10.0,FLD-007,Golden Field,346.56,11.5,73.8,None,0.0,None,0.63,Medium
LOG-03952,2023-12-08,EQ-067,Harvester,2015-10-04,FARM-01,OP-031,Alice Anderson,12.0,FLD-013,Valley Field,169.83,1.6,10.5,None,0.0,None,0.75,High
LOG-04886,2024-07-12,EQ-044,Sprayer,2023-08-15,FARM-06,OP-037,John Williams,11.0,FLD-016,Valley Field,341.89,3.6,17.7,None,0.0,None,0.04,Low
LOG-01511,2024-07-27,EQ-083,Tractor,2016-01-18,FARM-04,,Michael Wilson,3.0,FLD-003,Golden Field,66.67,,59.5,None,0.0,None,0.26,Low
LOG-04238,2023-02-18,EQ-037,Sprayer,2017-06-17,FARM-03,OP-024,William Gonzalez,5.0,FLD-004,Sunny Field,103.14,4.0,21.9,None,0.0,None,0.81,High
LOG-05711,20-03-2022,EQ-054,Tractor,,FARM-10,OP-039,Michael Williams,4.0,FLD-002,Hill Field,223.83,11.2,67.3,None,0.0,None,0.19,Low
LOG-03212,2024-01-17,EQ-037,Sprayer,2017-06-17,FARM-03,OP-009,David Anderson,12.0,FLD-013,Valley Field,169.83,3.2,16.9,None,0.0,None,0.69,Medium
LOG-04766,2022-11-24,EQ-010,Planter,2018-10-25,FARM-05,,Emily Garcia,18.0,FLD-012,River Field,258.49,9.8,58.8,None,0.0,None,0.51,Medium
LOG-04768,2024/03/30,EQ-074,Sprayer,2019-10-01,FARM-07,OP-006,John Davis,20.0,FLD-008,West Field,188.47,9.0,45.4,None,0.0,None,0.42,Medium
LOG-00267,2023-12-29,EQ-014,Sprayer,2015-06-27,FARM-08,OP-050,Michael Smith,4.0,FLD-008,West Field,188.47,2.8,17.0,None,0.0,None,0.64,Medium
LOG-06305,2022-07-29,EQ-048,Tractor,,FARM-05,OP-003,Sarah Jones,13.0,FLD-010,Hill Field,315.35,5.6,38.2,None,0.0,None,0.85,High
LOG-01141,2022-09-04,EQ-017,Sprayer,2021-06-22,FARM-04,OP-041,Chloe Brown,7.0,FLD-020,West Field,220.65,1.5,11.8,None,0.0,None,0.81,High
LOG-03163,2024-11-13,EQ-034,Harvester,2023-05-10,FARM-09,OP-034,Grace Martinez,5.0,FLD-015,West Field,216.02,4.2,21.5,Inspection,1230.51,None,0.58,Medium
LOG-02112,"June 04, 2022",EQ-042,Planter,2020-12-07,FARM-05,OP-043,Sarah Brown,1.0,FLD-019,North Field,158.9,8.0,,None,0.0,None,0.24,Low
LOG-04052,2022-05-14,EQ-073,Tractor,2022-05-23,FARM-07,OP-014,John Hernandez,18.0,FLD-020,West Field,220.65,5.7,28.3,None,0.0,,0.58,Medium
LOG-01910,2024-10-09,EQ-076,Tractor,2015-09-06,FARM-07,OP-009,David Anderson,12.0,FLD-016,Valley Field,341.89,7.1,40.9,None,0.0,None,0.13,Low
LOG-04181,2023-06-14,EQ-030,Tractor,2017-05-14,FARM-10,OP-042,Daniel Garcia,10.0,FLD-020,West Field,,4.7,14.7,None,0.0,None,0.81,High
LOG-05970,2023-12-11,EQ-027,Harvstr,2022-09-05,FARM-06,OP-014,John Hernandez,18.0,FLD-019,North Field,158.9,1.5,7.4,None,0.0,None,0.99,High
LOG-00657,2023-07-13,EQ-057,Harvester,2016-06-09,FARM-08,OP-043,Sarah Brown,1.0,FLD-004,Sunny Field,103.14,2.6,11.4,Routine,953.27,None,0.51,Medium
LOG-04706,2023-12-17,EQ-067,Harvester,2015-10-04,FARM-01,OP-012,Daniel Wilson,18.0,FLD-013,Valley Field,169.83,12.0,89.6,Inspection,366.84,None,,Medium
LOG-04942,2024-12-03,EQ-032,Plntr,2022-03-18,FARM-08,OP-001,William Anderson,9.0,FLD-001,Sunny Field,222.94,10.4,48.0,None,0.0,None,0.59,Medium
LOG-04480,2022-04-16,EQ-086,Tractor,2016-11-05,FARM-07,OP-037,John Williams,11.0,FLD-012,River Field,258.49,6.2,25.1,None,0.0,None,0.45,Medium
LOG-00999,2022-02-17,EQ-069,Harvester,2018-02-14,FARM-08,OP-020,James Hernandez,9.0,,South Field,362.68,7.2,22.8,Repair,1467.0,Engine,0.57,Medium
LOG-05953,2023-05-02,EQ-013,Tractor,2019-01-10,FARM-06,OP-044,James Miller,11.0,FLD-001,Sunny Field,222.94,9.6,68.8,None,0.0,None,0.11,Low
LOG-02835,2022-02-03,EQ-048,Tractor,2022-01-05,FARM-05,OP-050,Michael Smith,4.0,FLD-009,South Field,474.95,11.7,86.2,None,0.0,None,0.28,Low
LOG-02810,2022-12-18,EQ-040,Planter,2021-09-08,FARM-02,OP-040,Charles Wilson,2.0,FLD-009,South Field,474.95,5.5,24.5,Routine,,None,0.59,Medium
LOG-01785,2024-11-02,EQ-087,Tractor,2019-05-19,FARM-05,OP-050,Michael Smith,4.0,FLD-001,Sunny Field,222.94,5.9,32.5,None,0.0,None,0.69,Medium
LOG-01238,2023-01-01,EQ-024,Tractor,2021-10-31,FARM-03,OP-020,James Hernandez,9.0,,Sunny Field,222.94,8.3,51.1,None,0.0,None,0.12,Low
LOG-05829,2023/04/16,EQ-007,,2021-04-17,FARM-04,OP-040,Charles Wilson,2.0,FLD-005,North Field,357.3,11.3,54.2,None,0.0,None,0.5,Medium
LOG-05340,2023-09-06,EQ-023,Harvester,2022-07-08,FARM-05,OP-036,Jessica Anderson,14.0,FLD-008,West Field,,7.4,26.5,None,0.0,None,0.94,High
LOG-04588,28-04-2022,EQ-055,Tractor,2015-12-17,FARM-08,OP-020,James Hernandez,9.0,FLD-007,Golden Field,346.56,3.0,21.7,Routine,162.34,None,0.78,High
LOG-04651,2024/12/18,EQ-086,Tractor,2016-11-05,FARM-07,OP-028,Alice Wilson,12.0,FLD-007,Golden Field,346.56,4.4,21.7,None,0.0,None,0.27,Low
LOG-05677,2024-11-18,EQ-093,Planter,2020-08-21,FARM-09,OP-044,James Miller,11.0,FLD-004,Sunny Field,103.14,6.1,28.1,None,0.0,None,0.29,Low
LOG-03286,2024-10-08,,Sprayr,2023-08-15,FARM-06,OP-005,,3.0,FLD-014,River Field,281.66,11.4,51.9,Routine,528.4,None,0.61,Medium
LOG-02187,2024-11-13,EQ-004,Tractor,2021-08-15,FARM-07,OP-018,David Jones,10.0,FLD-015,West Field,216.02,4.4,14.6,Routine,863.21,None,0.11,Low
LOG-02914,2024-01-08,EQ-021,,2022-02-16,FARM-06,OP-002,James Hernandez,11.0,FLD-020,West Field,220.65,5.8,24.4,Inspection,1235.2,None,0.69,Medium
LOG-01135,2023-11-20,EQ-082,Tractor,2015-07-27,FARM-09,OP-015,Laura Anderson,4.0,FLD-008,West Field,188.47,5.7,18.8,None,0.0,None,0.06,Low
LOG-00909,09-02-2023,EQ-045,Tractor,2018-04-17,FARM-07,OP-042,Daniel Garcia,10.0,FLD-013,Valley Field,169.83,10.7,36.6,None,0.0,None,0.39,Medium
LOG-04608,2022-01-05,EQ-064,Tractor,2018-10-16,FARM-01,OP-039,Michael Williams,4.0,FLD-008,West Field,188.47,2.0,12.7,Inspection,1399.05,None,0.04,Low
LOG-01304,14-01-2022,EQ-039,Tractor,2016-09-18,FARM-03,OP-041,Chloe Brown,7.0,FLD-010,,315.35,9.9,60.6,None,0.0,None,0.08,Low
LOG-06755,2023-11-16,EQ-027,Harvester,2022-09-05,FARM-06,OP-001,William Anderson,9.0,FLD-015,West Field,216.02,1.2,6.0,Repair,969.87,Belt,0.65,Medium
LOG-01628,2022-05-14,EQ-019,Sprayer,2015-11-23,FARM-04,OP-005,Daniel Garcia,3.0,FLD-012,River Field,258.49,,50.4,None,0.0,None,0.89,High
LOG-04499,2024-07-03,EQ-047,Sprayer,2020-08-12,FARM-03,OP-035,Sarah Wilson,6.0,FLD-011,South Field,362.68,4.0,13.5,None,0.0,None,0.06,Low
LOG-01523,2023-06-09,EQ-067,Harvester,2015-10-04,FARM-01,OP-016,David Jones,4.0,FLD-008,West Field,188.47,,38.4,None,0.0,None,0.85,High
LOG-00836,2023-04-30,EQ-088,Planter,2018-03-14,FARM-07,OP-008,James Rodriguez,,FLD-018,River Field,208.98,10.4,51.4,None,0.0,None,0.4,Medium
LOG-00359,2024-02-08,EQ-064,Tractor,2018-10-16,FARM-01,OP-025,Michael Williams,15.0,FLD-012,River Field,258.49,2.1,11.3,None,0.0,None,0.65,Medium
LOG-00139,2023-05-11,EQ-081,Harvester,2015-11-05,FARM-08,OP-033,Emily Garcia,18.0,FLD-019,North Field,158.9,8.9,39.7,Routine,561.58,None,0.57,Medium
LOG-00300,14-07-2022,EQ-055,Tractor,2015-12-17,FARM-08,OP-042,Daniel Garcia,10.0,FLD-003,Golden Field,66.67,1.0,5.4,Repair,377.98,Hydraulics,0.45,Medium
LOG-01557,05-11-2022,EQ-029,Sprayer,2019-07-02,FARM-05,OP-021,Chloe Jones,2.0,FLD-014,River Field,281.66,3.8,15.6,None,0.0,None,0.33,Medium
LOG-01004,2024-03-11,EQ-022,Harvester,2019-02-25,FARM-06,OP-021,Chloe Jones,2.0,FLD-014,River Field,281.66,2.7,9.6,None,0.0,None,0.48,Medium
LOG-00383,2024-04-06,EQ-040,Planter,2021-09-08,FARM-02,OP-046,Michael Garcia,17.0,FLD-017,East Field,311.6,2.5,18.1,None,0.0,None,0.04,Low
LOG-04825,2022-02-20,EQ-028,Tractor,2017-07-27,FARM-01,OP-041,Chloe Brown,7.0,FLD-016,Valley Field,341.89,3.3,19.1,None,0.0,None,0.28,Low
LOG-03860,2024/08/27,EQ-047,Sprayer,2020-08-12,FARM-03,OP-040,Charles Wilson,2.0,FLD-020,West Field,220.65,4.0,21.2,None,0.0,None,0.66,Medium
LOG-04830,24-01-2024,EQ-047,Sprayer,2020-08-12,FARM-03,OP-018,David Jones,10.0,FLD-011,South Field,362.68,4.1,29.6,None,0.0,None,0.32,Medium
LOG-00762,2024-10-19,EQ-016,Sprayer,2022-01-18,FARM-10,OP-002,James Hernandez,11.0,FLD-013,Valley Field,169.83,9.5,73.5,None,0.0,None,0.16,Low
LOG-05567,14-01-2024,EQ-063,Tractor,2017-10-12,FARM-04,OP-016,David Jones,4.0,FLD-002,Hill Field,223.83,8.3,58.5,None,0.0,None,0.11,Low
LOG-05076,2024/10/25,EQ-096,Tractor,2022-07-28,FARM-04,OP-035,Sarah Wilson,6.0,,West Field,220.65,7.0,21.9,None,0.0,None,0.32,Medium
LOG-04064,"March 09, 2024",EQ-006,Harvester,,FARM-09,OP-033,Emily Garcia,18.0,FLD-019,North Field,158.9,4.1,28.7,None,0.0,None,0.17,Low
LOG-04191,2022-02-13,EQ-009,Sprayer,2015-01-27,FARM-03,OP-004,David Hernandez,10.0,FLD-003,Golden Field,66.67,3.0,16.3,Routine,1216.08,None,0.12,Low
LOG-04035,2024-01-23,EQ-089,Planter,2016-09-26,FARM-04,OP-010,Robert Anderson,8.0,FLD-004,Sunny Field,103.14,6.4,41.5,None,0.0,None,0.46,Medium
LOG-05656,2022-10-10,EQ-064,Tractor,2018-10-16,FARM-01,,Grace Martinez,5.0,FLD-012,River Field,258.49,8.6,37.7,None,0.0,None,0.24,Low
LOG-05776,2022-11-08,EQ-017,Sprayer,2021-06-22,FARM-04,OP-006,John Davis,20.0,FLD-011,South Field,362.68,11.3,61.2,None,0.0,None,0.45,Medium
LOG-01403,2022-11-18,EQ-051,Tractor,2021-09-19,FARM-06,OP-032,James Hernandez,8.0,FLD-002,Hill Field,223.83,4.1,,None,0.0,None,0.68,
LOG-06634,2022-02-07,EQ-073,Tractor,2022-05-23,FARM-07,OP-047,Charles Hernandez,18.0,FLD-013,Valley Field,169.83,7.5,23.5,None,0.0,None,0.9,High
LOG-06008,2023-11-09,EQ-018,Tractor,2015-07-07,FARM-04,OP-039,,4.0,,Valley Field,169.83,11.9,46.6,None,0.0,None,0.88,High
LOG-02722,21-02-2022,EQ-010,,2018-10-25,FARM-05,OP-004,David Hernandez,10.0,FLD-014,River Field,281.66,10.6,55.7,None,0.0,None,0.75,High
LOG-01933,2024-12-09,EQ-008,Planter,2017-06-21,FARM-08,OP-048,William Smith,4.0,FLD-015,West Field,216.02,4.2,21.3,None,0.0,None,0.15,Low
LOG-04236,2024-06-01,EQ-022,Harvester,2019-02-25,FARM-06,OP-050,Michael Smith,4.0,FLD-015,West Field,216.02,5.9,36.1,None,0.0,None,0.38,Medium
LOG-03561,2023-03-22,EQ-044,Sprayer,2023-08-15,FARM-06,OP-017,Emily Lopez,18.0,FLD-013,Valley Field,169.83,9.5,62.0,,1320.32,Hydraulics,0.09,Low
LOG-06290,01-12-2023,EQ-077,Sprayer,,FARM-02,OP-030,Alice Jones,12.0,FLD-006,North Field,264.76,10.0,52.4,None,0.0,None,0.88,High
LOG-06324,2023-07-19,EQ-086,Tractor,2016-11-05,FARM-07,OP-028,Alice Wilson,12.0,FLD-019,North Field,158.9,,15.0,None,0.0,None,0.18,Low
LOG-03208,2024/08/19,EQ-089,Planter,2016-09-26,FARM-04,OP-043,Sarah Brown,1.0,FLD-015,West Field,216.02,2.0,12.2,None,0.0,None,0.71,High
LOG-05572,2023-09-04,EQ-002,Harvester,2017-07-03,FARM-03,OP-002,James Hernandez,11.0,FLD-018,River Field,208.98,2.1,7.8,None,0.0,None,0.36,Medium
LOG-03056,2024-05-03,EQ-066,Tractor,2015-10-18,FARM-01,OP-004,David Hernandez,10.0,FLD-020,West Field,220.65,5.6,19.7,None,0.0,None,0.98,High
LOG-06267,2024-01-20,EQ-075,Planter,2023-03-06,FARM-01,OP-003,Sarah Jones,13.0,FLD-007,Golden Field,346.56,8.0,46.6,None,0.0,None,0.29,Low
LOG-04491,2023-11-29,EQ-090,Sprayer,2017-06-10,FARM-01,OP-032,James Hernandez,8.0,FLD-011,South Field,362.68,8.5,39.9,None,0.0,None,0.59,Medium
LOG-04653,2022-06-08,EQ-091,Tractor,2023-05-22,FARM-06,OP-016,David Jones,4.0,FLD-020,West Field,220.65,7.1,40.9,None,0.0,None,0.41,Medium
LOG-02686,2022-08-31,EQ-046,Harvester,2020-02-02,FARM-01,OP-005,Daniel Garcia,3.0,FLD-014,River Field,281.66,3.7,26.8,None,0.0,None,0.37,Medium
LOG-03801,2024-08-21,EQ-002,Harvester,2017-07-03,FARM-03,OP-042,Daniel Garcia,10.0,FLD-001,Sunny Field,222.94,3.6,21.4,None,0.0,None,0.97,High
LOG-00059,2024-10-11,EQ-085,Planter,2017-05-25,FARM-07,OP-042,Daniel Garcia,10.0,FLD-005,North Field,357.3,11.6,42.1,None,0.0,None,0.34,Medium
LOG-00077,2024-02-20,EQ-048,Tractor,2022-01-05,FARM-05,OP-044,James Miller,11.0,FLD-009,South Field,474.95,10.0,77.0,Repair,389.04,Filter,0.62,Medium
LOG-00797,2023-10-01,EQ-037,Sprayer,2017-06-17,FARM-03,OP-030,Alice Jones,12.0,FLD-020,West Field,220.65,8.6,62.0,None,0.0,None,0.41,Medium
LOG-02417,2024-08-12,EQ-089,Planter,2016-09-26,FARM-04,OP-024,William Gonzalez,,FLD-019,North Field,158.9,8.9,34.7,None,0.0,None,0.17,Low
LOG-02249,2022/06/24,EQ-041,Planter,2019-04-13,FARM-10,OP-042,Daniel Garcia,10.0,FLD-008,West Field,188.47,7.5,50.8,None,0.0,None,0.28,Low
LOG-05113,2022-03-08,EQ-025,Harvester,2016-10-31,FARM-08,OP-014,John Hernandez,18.0,FLD-010,Hill Field,,8.6,33.7,None,0.0,None,0.49,Medium
LOG-00786,19-12-2022,EQ-077,Sprayer,2023-12-24,FARM-02,OP-034,Grace Martinez,5.0,FLD-011,South Field,362.68,8.8,27.7,None,0.0,None,0.23,Low
LOG-03993,2023-08-05,EQ-017,Sprayer,2021-06-22,FARM-04,OP-044,James Miller,11.0,FLD-020,West Field,220.65,8.0,37.5,None,0.0,None,0.08,Low
LOG-02264,,EQ-016,Sprayer,2022-01-18,FARM-10,OP-030,Alice Jones,12.0,FLD-016,Valley Field,341.89,4.2,,,0.0,None,,Medium
LOG-03159,2023-11-30,EQ-044,Sprayer,2023-08-15,FARM-06,OP-037,John Williams,11.0,FLD-003,Golden Field,66.67,10.9,82.8,Repair,186.66,Blade,0.28,Low
LOG-03107,2022-01-27,EQ-072,Planter,2017-02-18,FARM-02,OP-010,Robert Anderson,8.0,FLD-010,Hill Field,315.35,6.9,37.0,None,0.0,None,0.53,Medium
LOG-00124,2022-07-11,EQ-086,Tractr,2016-11-05,FARM-07,OP-045,Michael Wilson,3.0,FLD-017,East Field,311.6,8.1,41.4,None,0.0,,0.37,Medium
LOG-02218,2024/03/06,EQ-033,Harvester,2017-12-20,FARM-03,OP-035,Sarah Wilson,6.0,FLD-017,East Field,311.6,11.9,36.1,None,0.0,,0.54,Medium
LOG-04824,2024-08-05,EQ-089,Planter,2016-09-26,FARM-04,OP-033,Emily Garcia,18.0,FLD-013,Valley Field,169.83,11.5,,None,0.0,None,0.8,High
LOG-06141,"May 26, 2024",EQ-027,Harvester,2022-09-05,FARM-06,OP-026,Grace Rodriguez,1.0,FLD-013,Valley Field,169.83,11.5,51.0,None,0.0,None,0.4,Medium
LOG-05317,2024-05-23,EQ-035,Sprayer,2023-05-18,FARM-10,OP-045,Michael Wilson,3.0,FLD-019,North Field,158.9,11.2,36.6,None,0.0,None,0.32,Medium
LOG-03788,2023-01-06,EQ-085,Planter,2017-05-25,FARM-07,OP-047,Charles Hernandez,18.0,FLD-012,River Field,258.49,1.5,10.0,None,0.0,None,0.41,Medium
LOG-04418,2022-10-15,EQ-031,Sprayer,2017-05-20,FARM-08,OP-043,Sarah Brown,1.0,FLD-013,Valley Field,169.83,1.4,10.5,None,0.0,None,0.6,Medium
LOG-05396,2024-09-02,EQ-082,Tractor,2015-07-27,FARM-09,OP-039,,4.0,FLD-019,North Field,158.9,8.0,36.1,None,0.0,None,0.53,Medium
LOG-00911,2022-02-17,EQ-097,Planter,2016-05-06,FARM-10,OP-041,Chloe Brown,7.0,FLD-006,North Field,264.76,1.3,9.1,None,0.0,None,0.25,Low
LOG-02173,2024-11-16,EQ-011,Harvester,2017-05-31,FARM-06,OP-016,David Jones,4.0,FLD-012,River Field,258.49,,56.4,None,0.0,None,0.45,Medium
LOG-01851,2024-03-02,EQ-007,Tractor,,FARM-04,OP-023,Michael Smith,1.0,FLD-015,West Field,216.02,10.8,79.5,Routine,476.23,None,0.81,High
LOG-02310,2023-11-03,EQ-098,Harvester,2021-06-29,FARM-10,OP-011,Sophia Jones,6.0,FLD-011,South Field,362.68,1.1,4.2,None,0.0,None,0.02,Low
LOG-06549,,EQ-022,Harvester,2019-02-25,FARM-06,OP-049,Michael Williams,19.0,FLD-019,North Field,158.9,,11.0,None,0.0,None,0.95,High
LOG-03635,2022-04-24,EQ-003,Tractor,2022-08-03,FARM-09,OP-037,John Williams,11.0,FLD-002,,223.83,5.8,41.8,None,0.0,None,0.86,High
LOG-01258,"June 11, 2024",EQ-018,Tractor,2015-07-07,FARM-04,OP-007,Emily Johnson,18.0,FLD-011,South Field,362.68,3.5,12.0,None,0.0,None,0.81,High
LOG-02496,2022-06-02,EQ-100,Planter,2022-05-16,FARM-10,OP-007,Emily Johnson,18.0,FLD-001,Sunny Field,222.94,3.1,19.6,None,0.0,None,0.21,Low
LOG-05272,2022-06-25,EQ-018,Tractor,,FARM-04,OP-024,William Gonzalez,5.0,,Sunny Field,222.94,,39.1,None,0.0,None,0.29,Low
LOG-04551,2023-03-11,EQ-028,Tractor,2017-07-27,FARM-01,OP-041,Chloe Brown,7.0,FLD-008,West Field,188.47,11.8,56.2,None,0.0,None,0.29,Low
LOG-03502,2023-05-16,EQ-070,Harvester,2021-01-17,FARM-03,OP-012,Daniel Wilson,18.0,FLD-017,East Field,311.6,-6.7,41.7,None,0.0,None,0.48,Medium
LOG-01179,2022-03-03,EQ-062,Planter,2020-10-20,FARM-08,OP-039,Michael Williams,4.0,FLD-006,North Field,264.76,2.6,9.6,None,0.0,None,0.02,Low
LOG-05264,2023-05-24,EQ-068,Sprayer,2015-10-18,FARM-09,,Sarah Jones,13.0,FLD-011,South Field,362.68,4.0,15.0,Repair,194.44,None,0.46,Medium
LOG-05721,2022-12-21,EQ-097,Planter,2016-05-06,,OP-033,Emily Garcia,18.0,FLD-020,West Field,220.65,8.8,48.8,None,0.0,None,0.88,High
LOG-00443,2023-02-16,EQ-071,Planter,2017-09-22,FARM-08,OP-041,Chloe Brown,7.0,FLD-007,Golden Field,346.56,3.3,21.7,None,0.0,None,0.91,High
LOG-05360,31-08-2022,EQ-042,Planter,2020-12-07,FARM-05,OP-041,Chloe Brown,7.0,FLD-002,Hill Field,223.83,10.8,61.9,None,0.0,None,0.91,High
LOG-01400,"May 10, 2022",,Tractr,2021-12-11,FARM-02,OP-050,Michael Smith,4.0,FLD-018,River Field,208.98,8.2,45.9,None,0.0,None,0.2,Low
LOG-02974,2023-01-30,EQ-027,Harvester,2022-09-05,FARM-06,OP-007,Emily Johnson,18.0,FLD-015,West Field,216.02,8.7,42.8,Inspection,906.02,None,0.65,Medium
LOG-02885,2023-02-07,EQ-008,,2017-06-21,FARM-08,OP-035,Sarah Wilson,6.0,FLD-005,North Field,357.3,1.9,12.8,None,0.0,None,0.74,High
LOG-01458,2024-04-01,EQ-077,Sprayr,2023-12-24,FARM-02,OP-022,Robert Hernandez,14.0,FLD-016,Valley Field,341.89,4.3,,None,0.0,None,0.76,High
LOG-04293,2022-08-15,,Sprayer,2015-10-18,FARM-09,OP-022,Robert Hernandez,14.0,FLD-011,South Field,362.68,7.3,,Routine,149.79,None,0.77,
LOG-06666,2023-05-31,EQ-084,Harvester,2019-07-23,FARM-08,OP-043,,1.0,FLD-013,Valley Field,169.83,7.7,27.6,None,0.0,None,0.22,
LOG-03460,2024-07-12,EQ-039,Tractor,2016-09-18,FARM-03,OP-031,Alice Anderson,12.0,FLD-009,South Field,474.95,11.5,57.5,None,0.0,None,0.96,High
LOG-01055,2022-08-12,EQ-053,Sprayer,2018-06-13,FARM-04,OP-029,David Miller,5.0,FLD-020,West Field,220.65,10.6,40.6,None,0.0,None,0.38,Medium
LOG-03686,2024-01-26,EQ-024,Tractor,2021-10-31,FARM-03,OP-024,William Gonzalez,5.0,FLD-003,Golden Field,66.67,6.7,44.8,None,0.0,None,0.11,Low
LOG-06036,2023-10-14,EQ-092,Tractor,2015-07-25,FARM-10,OP-016,David Jones,4.0,FLD-018,River Field,208.98,4.4,32.4,Inspection,456.43,None,0.16,Low
LOG-03276,2023-01-14,EQ-022,Harvester,2019-02-25,FARM-06,OP-026,Grace Rodriguez,1.0,FLD-012,River Field,,10.7,75.8,,679.49,Hydraulics,0.38,Medium
LOG-05361,2023-03-06,EQ-043,Tractor,2022-08-18,FARM-02,OP-020,James Hernandez,9.0,FLD-016,Valley Field,341.89,10.9,60.4,Routine,459.99,None,0.49,Medium
LOG-00930,2023-07-18,EQ-069,Harvester,2018-02-14,FARM-08,OP-012,Daniel Wilson,18.0,FLD-001,Sunny Field,222.94,9.7,41.0,None,0.0,None,0.88,High
LOG-01416,2022-08-04,EQ-072,Planter,2017-02-18,FARM-02,OP-048,William Smith,4.0,FLD-003,Golden Field,66.67,5.7,19.3,Repair,69.76,None,0.74,High
LOG-02373,2023-07-25,EQ-060,Harvester,2022-12-30,FARM-05,OP-001,William Anderson,9.0,FLD-004,Sunny Field,103.14,11.0,68.5,Routine,1156.63,None,0.7,High
LOG-04943,2022-03-27,EQ-002,Harvester,2017-07-03,FARM-03,OP-022,Robert Hernandez,14.0,FLD-017,East Field,,7.0,,Inspection,459.8,None,0.83,
LOG-04092,2023-12-06,EQ-037,Sprayer,2017-06-17,,OP-023,Michael Smith,1.0,FLD-001,Sunny Field,222.94,2.8,9.3,None,0.0,None,0.84,High
LOG-04579,2023-08-16,,Harvester,2019-07-23,FARM-08,OP-002,James Hernandez,11.0,FLD-008,West Field,188.47,4.0,20.4,None,0.0,None,0.19,Low
LOG-06539,2024-08-14,EQ-066,Tractor,2015-10-18,FARM-01,OP-032,James Hernandez,8.0,FLD-020,West Field,220.65,6.8,37.8,None,0.0,None,0.85,High
LOG-04538,2024-07-20,EQ-059,Planter,2017-05-17,FARM-09,OP-017,Emily Lopez,18.0,FLD-012,River Field,258.49,8.8,49.4,None,0.0,None,0.93,High
LOG-04906,2024-08-03,EQ-094,Harvester,2015-08-21,FARM-09,OP-024,William Gonzalez,5.0,FLD-017,East Field,311.6,10.2,66.4,None,0.0,None,0.96,High
LOG-06415,2023-03-20,EQ-060,Harvester,2022-12-30,FARM-05,OP-022,Robert Hernandez,14.0,FLD-006,North Field,264.76,5.8,20.5,None,0.0,None,0.72,High
LOG-01503,2024-08-02,EQ-004,Tractor,2021-08-15,FARM-07,OP-014,John Hernandez,18.0,FLD-019,North Field,158.9,6.1,39.2,None,0.0,None,0.25,Low
LOG-05633,18-08-2022,EQ-095,Tractor,2017-01-31,FARM-02,OP-015,Laura Anderson,4.0,FLD-009,South Field,474.95,8.2,41.1,None,0.0,None,0.26,Low
LOG-01451,29-02-2024,EQ-022,Harvester,2019-02-25,FARM-06,OP-003,Sarah Jones,13.0,FLD-019,North Field,158.9,2.7,15.8,None,0.0,None,0.44,Medium
LOG-06088,2022-02-24,EQ-052,Planter,2015-03-21,FARM-02,OP-032,,8.0,FLD-015,West Field,216.02,7.9,50.5,None,0.0,None,0.08,Low
LOG-02012,2024-12-10,EQ-019,,2015-11-23,FARM-04,OP-040,Charles Wilson,2.0,FLD-007,Golden Field,346.56,10.1,45.0,None,0.0,None,0.12,Low
LOG-05706,2024-07-15,EQ-036,,2021-07-18,FARM-07,OP-037,John Williams,11.0,FLD-016,,341.89,1.3,5.9,None,0.0,None,0.27,Low
LOG-03516,2023/03/14,EQ-053,Sprayer,2018-06-13,FARM-04,OP-011,Sophia Jones,6.0,FLD-008,West Field,188.47,9.2,57.7,None,0.0,None,0.31,Medium
LOG-05909,2023-01-09,,Planter,2017-05-17,FARM-09,OP-013,Laura Martinez,17.0,FLD-018,River Field,208.98,8.6,34.2,None,0.0,None,0.07,Low
LOG-00148,2024-10-13,EQ-050,Harvester,2021-01-18,FARM-09,OP-022,Robert Hernandez,14.0,FLD-006,North Field,264.76,8.6,41.6,None,0.0,None,0.27,Low
LOG-06715,2022-08-10,EQ-028,Tractor,2017-07-27,FARM-01,OP-043,Sarah Brown,1.0,FLD-017,East Field,311.6,12.0,95.9,Repair,1347.23,None,0.29,Low
LOG-03938,2023-06-02,EQ-037,Sprayer,2017-06-17,FARM-03,OP-031,Alice Anderson,12.0,FLD-020,West Field,220.65,2.0,14.0,None,0.0,None,0.9,High
LOG-03265,2024-08-01,EQ-031,Sprayer,2017-05-20,FARM-08,OP-010,Robert Anderson,8.0,FLD-001,Sunny Field,222.94,6.2,34.9,Routine,786.44,None,0.61,Medium
LOG-05641,2022-06-02,EQ-012,Tractor,2016-01-15,FARM-07,OP-027,Emily Johnson,5.0,FLD-016,,341.89,2.9,16.1,None,0.0,None,0.61,Medium
LOG-05283,2023-12-28,EQ-051,Tractor,2021-09-19,FARM-06,OP-007,Emily Johnson,18.0,FLD-014,River Field,281.66,3.5,19.2,None,0.0,None,0.68,Medium
LOG-04898,2024-12-20,EQ-054,Tractor,2017-09-13,FARM-10,OP-014,John Hernandez,18.0,FLD-004,Sunny Field,103.14,4.5,26.2,None,0.0,None,0.03,Low
LOG-04641,2022-09-04,EQ-070,,2021-01-17,FARM-03,OP-043,Sarah Brown,1.0,FLD-017,East Field,311.6,7.4,56.0,Routine,1141.94,None,0.84,High
LOG-00007,2023-10-12,EQ-060,Harvester,2022-12-30,FARM-05,OP-043,Sarah Brown,1.0,FLD-017,East Field,311.6,11.5,85.8,None,0.0,None,0.71,High
LOG-02981,2023/06/16,EQ-058,Harvester,2017-12-21,FARM-09,OP-038,Grace Gonzalez,8.0,FLD-011,South Field,,1.8,12.5,None,0.0,None,0.32,Medium
LOG-02488,2023-03-26,EQ-071,Planter,2017-09-22,FARM-08,OP-002,James Hernandez,,FLD-002,Hill Field,223.83,10.6,54.2,Routine,1047.87,None,0.17,Low
LOG-03362,2022-12-11,EQ-040,Plntr,2021-09-08,,OP-019,James Lopez,11.0,FLD-009,South Field,474.95,4.3,33.8,None,0.0,None,0.28,Low
LOG-00679,2022-09-15,EQ-054,Tractor,2017-09-13,FARM-10,OP-010,Robert Anderson,8.0,FLD-010,Hill Field,315.35,2.5,8.4,Routine,1095.94,None,0.49,Medium
LOG-01944,"October 08, 2022",EQ-089,Planter,2016-09-26,,OP-005,Daniel Garcia,3.0,FLD-004,Sunny Field,103.14,3.5,25.7,None,0.0,None,0.41,Medium
LOG-04568,2023-08-13,,Harvester,2022-12-30,FARM-05,OP-043,,1.0,FLD-003,Golden Field,66.67,9.8,33.5,None,0.0,None,0.42,Medium
LOG-06439,2024-05-07,EQ-033,Harvester,2017-12-20,FARM-03,OP-042,Daniel Garcia,10.0,FLD-005,North Field,357.3,3.4,26.6,Inspection,217.28,,,Medium
LOG-05917,2023-04-25,EQ-026,Planter,2018-01-10,FARM-09,OP-022,Robert Hernandez,14.0,FLD-018,River Field,208.98,3.3,,None,0.0,None,0.93,High
LOG-05368,2023-03-12,EQ-009,,2015-01-27,FARM-03,OP-022,Robert Hernandez,14.0,FLD-014,River Field,281.66,3.4,23.3,None,0.0,None,0.7,High
LOG-04591,2022-09-30,EQ-040,Planter,2021-09-08,FARM-02,OP-037,John Williams,11.0,FLD-013,Valley Field,169.83,7.1,22.2,None,0.0,,0.67,Medium
LOG-02608,2024-04-14,EQ-091,Tractor,2023-05-22,FARM-06,OP-050,Michael Smith,4.0,FLD-009,South Field,474.95,9.7,77.5,Repair,292.42,Blade,0.98,High
LOG-04008,2024-04-23,EQ-079,Planter,2016-07-28,FARM-07,OP-027,Emily Johnson,5.0,FLD-013,Valley Field,169.83,9.0,33.7,None,0.0,None,0.9,High
LOG-04473,2024-10-01,EQ-018,Tractor,2015-07-07,FARM-04,OP-029,David Miller,5.0,FLD-014,River Field,281.66,6.3,27.5,None,0.0,None,0.22,Low
LOG-06435,2022-11-16,EQ-009,Sprayer,2015-01-27,FARM-03,OP-032,James Hernandez,8.0,FLD-001,Sunny Field,222.94,9.9,42.2,None,0.0,None,,High
LOG-04026,2023-12-28,EQ-017,Sprayer,2021-06-22,FARM-04,OP-010,Robert Anderson,8.0,FLD-018,River Field,208.98,8.7,33.0,None,0.0,None,0.52,Medium
LOG-01065,2022-09-19,EQ-092,Tractor,2015-07-25,FARM-10,OP-033,Emily Garcia,18.0,FLD-002,Hill Field,223.83,6.5,22.3,None,0.0,None,0.99,High
LOG-02895,2024-03-14,EQ-074,Sprayer,,FARM-07,OP-042,Daniel Garcia,10.0,FLD-006,North Field,264.76,1.5,9.2,None,0.0,None,0.05,Low
LOG-04635,29-04-2023,EQ-016,Sprayer,2022-01-18,FARM-10,OP-045,,3.0,FLD-018,River Field,208.98,2.4,11.5,Routine,278.59,None,0.82,High
LOG-06005,2023-08-27,EQ-082,Tractor,2015-07-27,FARM-09,OP-003,Sarah Jones,13.0,FLD-010,Hill Field,315.35,7.9,24.4,None,0.0,None,0.57,Medium
LOG-02243,2024-12-03,EQ-076,Tractor,2015-09-06,FARM-07,OP-029,David Miller,5.0,FLD-006,North Field,264.76,3.6,21.0,Repair,1464.89,Hydraulics,0.66,Medium
LOG-01475,2023-02-09,EQ-091,Tractor,2023-05-22,FARM-06,OP-038,Grace Gonzalez,8.0,FLD-009,South Field,474.95,6.7,40.7,None,0.0,None,0.44,Medium
LOG-06758,2023-08-07,EQ-034,Harvester,2023-05-10,FARM-09,OP-044,James Miller,11.0,FLD-011,South Field,362.68,3.2,17.4,None,0.0,None,0.94,High
LOG-01890,2022-03-22,,Planter,2016-07-28,FARM-07,OP-013,Laura Martinez,17.0,FLD-014,River Field,281.66,6.0,39.6,None,0.0,None,0.54,Medium
LOG-03436,2023-11-08,EQ-022,Harvester,2019-02-25,FARM-06,OP-036,Jessica Anderson,14.0,FLD-013,Valley Field,169.83,5.0,28.0,,0.0,None,0.86,High
LOG-06642,2023-12-18,EQ-007,Tractor,2021-04-17,FARM-04,,Michael Garcia,17.0,FLD-012,River Field,258.49,11.1,,None,0.0,None,0.12,
LOG-01054,2023-01-16,EQ-058,Harvstr,2017-12-21,,OP-037,John Williams,11.0,FLD-007,Golden Field,,3.2,21.6,None,0.0,None,0.2,Low
LOG-03706,2023-08-15,EQ-091,Tractor,2023-05-22,FARM-06,OP-015,Laura Anderson,4.0,FLD-013,,169.83,2.0,14.2,None,0.0,None,0.3,
LOG-02022,2024-05-30,,Planter,2016-01-08,FARM-01,OP-050,Michael Smith,4.0,FLD-005,North Field,357.3,5.4,31.3,None,0.0,None,0.41,Medium
LOG-05504,2024-10-22,EQ-077,Sprayer,2023-12-24,FARM-02,OP-004,David Hernandez,10.0,FLD-001,,222.94,10.3,52.8,None,0.0,None,0.64,Medium
LOG-04983,2024-11-24,EQ-009,Sprayer,2015-01-27,FARM-03,OP-034,Grace Martinez,5.0,FLD-019,North Field,158.9,9.7,39.5,None,0.0,None,0.91,High
LOG-05380,2024-05-28,EQ-070,Harvester,2021-01-17,FARM-03,,Alice Wilson,12.0,FLD-013,Valley Field,169.83,6.7,35.8,None,0.0,None,0.65,Medium
LOG-02659,2024-09-16,,Tractor,2015-10-18,FARM-01,OP-020,James Hernandez,9.0,FLD-017,,311.6,11.9,93.6,Repair,504.15,Engine,0.81,High
LOG-02468,28-04-2024,EQ-077,Sprayer,2023-12-24,FARM-02,OP-048,William Smith,4.0,FLD-011,South Field,362.68,3.6,14.1,None,0.0,None,0.47,Medium
LOG-03795,2024-11-23,EQ-086,Tractor,2016-11-05,FARM-07,OP-033,Emily Garcia,18.0,FLD-019,North Field,158.9,7.5,49.6,Routine,1483.16,None,0.5,Medium
LOG-01131,2024-11-13,EQ-032,Planter,2022-03-18,FARM-08,OP-040,Charles Wilson,2.0,FLD-005,North Field,357.3,3.1,13.7,Repair,432.12,Hydraulics,0.25,Low
LOG-01462,"February 15, 2023",EQ-059,Planter,2017-05-17,FARM-09,OP-001,,9.0,FLD-005,North Field,357.3,10.7,48.2,Routine,392.47,None,0.21,Low
LOG-04205,2022-01-15,EQ-043,Tractor,2022-08-18,FARM-02,OP-043,Sarah Brown,1.0,FLD-010,Hill Field,315.35,10.5,77.6,None,0.0,None,0.48,Medium
LOG-00670,2024-08-06,EQ-063,Tractor,2017-10-12,FARM-04,OP-008,James Rodriguez,9.0,FLD-019,North Field,158.9,4.6,16.0,None,0.0,None,0.31,Medium
LOG-03366,2023-09-25,EQ-074,Sprayer,,FARM-07,OP-019,James Lopez,11.0,FLD-004,Sunny Field,103.14,6.4,25.4,None,0.0,None,0.7,High
LOG-06378,"June 21, 2022",EQ-063,Tractor,2017-10-12,FARM-04,OP-008,James Rodriguez,9.0,FLD-005,North Field,357.3,11.0,42.2,None,0.0,None,0.8,High
LOG-04274,2024-10-22,EQ-025,Harvester,2016-10-31,FARM-08,OP-012,Daniel Wilson,18.0,FLD-006,North Field,264.76,10.5,56.5,None,0.0,None,0.71,High
LOG-03351,2024-04-11,EQ-091,Tractor,2023-05-22,FARM-06,OP-012,Daniel Wilson,18.0,FLD-007,,346.56,9.9,35.7,None,0.0,None,,Low
LOG-02969,2022-05-17,EQ-015,Tractor,2019-03-31,FARM-02,OP-043,Sarah Brown,1.0,FLD-010,Hill Field,315.35,6.6,33.8,None,0.0,None,0.9,High
LOG-00223,2022-12-25,EQ-039,Tractor,2016-09-18,FARM-03,OP-018,David Jones,10.0,FLD-002,Hill Field,,7.9,40.6,None,0.0,None,0.96,High
LOG-06482,2024-01-05,EQ-028,Tractor,2017-07-27,FARM-01,OP-007,Emily Johnson,18.0,FLD-006,North Field,264.76,2.7,13.0,None,0.0,None,0.49,Medium
LOG-00049,2024-07-20,EQ-098,Harvester,2021-06-29,FARM-10,OP-036,Jessica Anderson,14.0,FLD-002,Hill Field,223.83,2.0,8.5,Repair,1170.19,Blade,0.51,Medium
LOG-00574,"April 11, 2022",EQ-090,Sprayer,2017-06-10,FARM-01,OP-038,Grace Gonzalez,8.0,FLD-009,South Field,474.95,5.0,30.1,Routine,1398.81,None,0.21,Low
LOG-01237,"May 09, 2024",EQ-081,Harvester,2015-11-05,FARM-08,OP-005,Daniel Garcia,3.0,FLD-007,Golden Field,346.56,5.1,23.3,,0.0,None,0.8,High
LOG-06188,2023-01-09,EQ-082,Tractor,2015-07-27,FARM-09,OP-008,James Rodriguez,9.0,FLD-012,River Field,258.49,10.4,52.8,None,0.0,None,0.64,Medium
LOG-03034,2023-08-16,EQ-018,Tractor,2015-07-07,FARM-04,OP-045,Michael Wilson,3.0,FLD-001,Sunny Field,222.94,1.2,5.5,None,0.0,None,0.5,Medium
LOG-06782,2024-04-20,EQ-010,Planter,2018-10-25,FARM-05,OP-045,Michael Wilson,3.0,FLD-015,West Field,216.02,3.7,14.7,None,0.0,None,0.99,High
LOG-03383,2024-04-03,EQ-036,Planter,2021-07-18,FARM-07,OP-019,James Lopez,11.0,FLD-020,West Field,220.65,8.3,46.3,None,0.0,None,0.45,Medium
LOG-06284,2023-09-28,EQ-089,Planter,2016-09-26,FARM-04,OP-044,James Miller,11.0,FLD-012,River Field,258.49,4.3,19.5,None,0.0,None,0.49,Medium
LOG-02283,2022/05/25,EQ-069,Harvstr,,FARM-08,OP-006,John Davis,20.0,FLD-007,,346.56,1.4,6.5,Inspection,,None,0.66,Medium
LOG-06704,18-04-2024,EQ-034,Harvester,2023-05-10,FARM-09,OP-009,,12.0,FLD-006,North Field,264.76,10.0,61.4,None,0.0,None,0.99,High
LOG-00268,"May 31, 2024",EQ-083,Tractor,2016-01-18,FARM-04,OP-026,Grace Rodriguez,1.0,FLD-011,South Field,362.68,,7.7,None,,None,0.74,High
LOG-01105,20-09-2023,EQ-016,Sprayer,2022-01-18,FARM-10,OP-012,Daniel Wilson,18.0,FLD-017,East Field,311.6,7.5,52.8,,555.91,None,0.57,Medium
LOG-02306,2022-02-09,EQ-073,Tractor,2022-05-23,FARM-07,OP-037,John Williams,11.0,FLD-001,Sunny Field,222.94,5.4,27.8,None,0.0,None,0.82,High
LOG-05503,2022-05-29,EQ-072,Planter,2017-02-18,FARM-02,OP-037,John Williams,11.0,,Golden Field,66.67,7.8,50.1,None,0.0,None,0.84,High
LOG-05951,2023-09-08,EQ-093,Planter,2020-08-21,FARM-09,OP-048,,4.0,FLD-006,North Field,264.76,11.2,64.3,None,0.0,None,0.79,High
LOG-01936,2023-04-26,EQ-057,Harvester,2016-06-09,FARM-08,OP-009,David Anderson,12.0,FLD-001,Sunny Field,222.94,8.1,39.9,None,0.0,,0.55,Medium
LOG-00387,2024/03/02,EQ-012,Tractor,2016-01-15,FARM-07,OP-019,James Lopez,11.0,FLD-001,Sunny Field,222.94,1.5,10.9,None,0.0,,0.22,Low
LOG-01702,04-02-2024,EQ-032,,2022-03-18,FARM-08,OP-005,Daniel Garcia,3.0,FLD-006,North Field,264.76,1.7,10.0,None,0.0,None,0.1,Low
LOG-01629,2024-10-02,EQ-004,Tractor,2021-08-15,FARM-07,OP-046,Michael Garcia,17.0,FLD-020,West Field,220.65,5.7,38.9,Repair,624.56,Hydraulics,0.45,
LOG-03586,2023-04-16,EQ-019,Sprayer,2015-11-23,FARM-04,OP-014,John Hernandez,18.0,FLD-020,West Field,220.65,3.8,18.6,None,0.0,None,0.81,High
LOG-05448,"July 22, 2024",EQ-075,Planter,2023-03-06,FARM-01,,John Hernandez,18.0,FLD-015,West Field,216.02,1.6,5.3,None,0.0,None,0.45,Medium
LOG-02715,2023-05-10,EQ-010,Planter,2018-10-25,FARM-05,OP-038,Grace Gonzalez,8.0,FLD-001,Sunny Field,222.94,10.1,56.9,Repair,312.35,Belt,0.85,High
LOG-04102,10-12-2024,EQ-037,Sprayer,2017-06-17,FARM-03,OP-032,James Hernandez,8.0,FLD-005,North Field,357.3,11.8,59.1,None,0.0,None,0.3,Medium
LOG-04971,2023-04-17,EQ-008,Planter,2017-06-21,FARM-08,OP-019,James Lopez,11.0,FLD-001,,222.94,6.6,27.9,None,0.0,None,0.56,Medium
LOG-06119,19-08-2023,EQ-015,Tractor,2019-03-31,FARM-02,OP-016,David Jones,4.0,FLD-004,Sunny Field,103.14,5.0,34.1,None,0.0,None,0.72,High
LOG-01564,2024-11-23,EQ-023,Harvester,2022-07-08,FARM-05,OP-033,Emily Garcia,18.0,FLD-019,North Field,158.9,2.3,15.6,,759.21,None,0.36,Medium
LOG-03623,2023-08-31,EQ-069,Harvester,2018-02-14,FARM-08,OP-042,Daniel Garcia,10.0,FLD-001,Sunny Field,222.94,2.4,12.9,None,0.0,None,0.95,High
LOG-04081,2022-06-02,EQ-029,Sprayer,2019-07-02,FARM-05,,John Hernandez,18.0,FLD-005,North Field,357.3,9.4,41.3,None,0.0,None,0.95,High
LOG-02761,2022-12-11,EQ-017,Sprayer,2021-06-22,FARM-04,OP-043,Sarah Brown,1.0,FLD-019,North Field,158.9,5.0,38.1,None,0.0,None,0.63,Medium
LOG-03190,2022-11-13,EQ-012,Tractor,2016-01-15,FARM-07,OP-039,Michael Williams,4.0,FLD-002,Hill Field,223.83,10.8,75.1,None,0.0,None,0.41,Medium
LOG-04592,2023-02-10,EQ-086,Tractor,2016-11-05,FARM-07,OP-038,Grace Gonzalez,8.0,FLD-011,South Field,362.68,7.6,57.8,None,0.0,None,0.93,
LOG-00210,2024-01-11,EQ-068,Sprayr,2015-10-18,FARM-09,OP-029,David Miller,5.0,FLD-017,East Field,311.6,1.9,11.1,Routine,844.09,,0.51,Medium
LOG-00910,2024-12-01,EQ-093,Planter,2020-08-21,FARM-09,OP-048,William Smith,4.0,,North Field,357.3,11.9,52.6,Routine,850.09,,0.52,Medium
LOG-01290,2022/03/25,EQ-038,Planter,2016-01-08,FARM-01,OP-001,William Anderson,9.0,FLD-015,West Field,216.02,3.4,24.2,Repair,758.13,Filter,0.43,Medium
LOG-06681,"May 06, 2024",EQ-042,Planter,2020-12-07,FARM-05,OP-010,Robert Anderson,8.0,FLD-006,North Field,264.76,9.3,58.4,None,0.0,None,0.59,Medium
LOG-01867,12-09-2024,EQ-032,Planter,2022-03-18,FARM-08,OP-011,Sophia Jones,6.0,FLD-020,West Field,220.65,11.4,72.0,None,0.0,,0.92,High
LOG-01843,2022-05-18,EQ-078,Harvester,2017-02-23,FARM-04,OP-049,Michael Williams,19.0,FLD-002,Hill Field,223.83,11.8,43.4,None,0.0,None,0.53,Medium
LOG-02498,2022-05-10,EQ-045,Tractr,2018-04-17,FARM-07,OP-012,Daniel Wilson,18.0,FLD-015,West Field,216.02,6.8,31.5,None,0.0,,0.73,High
LOG-06779,2023/09/04,,Planter,2021-09-08,FARM-02,OP-044,James Miller,11.0,FLD-018,River Field,208.98,9.9,60.1,Repair,783.32,Tire,0.15,Low
LOG-00105,2022-08-16,EQ-015,Tractr,2019-03-31,FARM-02,OP-023,Michael Smith,1.0,,River Field,281.66,4.1,26.2,None,0.0,None,0.66,Medium
LOG-00959,2023-05-28,EQ-076,Tractor,2015-09-06,FARM-07,OP-041,Chloe Brown,7.0,FLD-011,South Field,362.68,3.7,19.9,None,0.0,None,0.83,High
LOG-01794,2022-11-28,EQ-018,Tractor,2015-07-07,FARM-04,OP-008,James Rodriguez,9.0,FLD-001,Sunny Field,222.94,2.0,7.9,Inspection,1006.8,None,0.55,Medium
LOG-02089,2024-01-10,EQ-062,Planter,2020-10-20,FARM-08,OP-001,William Anderson,9.0,FLD-009,South Field,474.95,2.4,17.3,None,0.0,None,0.85,High
LOG-02703,2024-06-24,EQ-068,Sprayer,2015-10-18,FARM-09,OP-002,James Hernandez,11.0,FLD-006,North Field,264.76,4.3,14.5,None,0.0,None,0.84,High
LOG-05753,2023-01-30,EQ-070,,2021-01-17,FARM-03,OP-016,David Jones,4.0,FLD-004,Sunny Field,103.14,1.1,3.3,None,0.0,None,0.09,Low
LOG-00332,2022/08/05,EQ-075,Planter,2023-03-06,FARM-01,OP-007,Emily Johnson,18.0,FLD-005,North Field,357.3,2.8,14.9,None,0.0,None,0.54,Medium
LOG-04320,2023-01-23,EQ-054,Tractor,2017-09-13,FARM-10,OP-041,Chloe Brown,7.0,FLD-016,Valley Field,341.89,5.0,18.0,Repair,213.86,Hydraulics,0.5,Medium
LOG-05181,2024-10-11,EQ-041,Planter,2019-04-13,FARM-10,OP-010,,8.0,FLD-003,Golden Field,66.67,4.2,18.0,Inspection,1391.88,None,0.11,Low
LOG-05781,2024-02-05,EQ-062,Planter,2020-10-20,FARM-08,OP-049,,19.0,FLD-008,,188.47,2.0,12.3,None,0.0,None,0.23,
LOG-02460,2022-07-28,EQ-098,Harvester,2021-06-29,FARM-10,OP-008,James Rodriguez,9.0,FLD-016,Valley Field,341.89,2.9,10.8,None,0.0,None,0.39,
LOG-01775,2024-10-30,EQ-025,Harvester,2016-10-31,FARM-08,OP-046,Michael Garcia,17.0,FLD-001,Sunny Field,222.94,9.8,53.7,None,0.0,None,0.69,Medium
LOG-03834,2022/02/20,EQ-001,Tractor,,FARM-05,OP-022,Robert Hernandez,14.0,FLD-008,West Field,188.47,6.3,23.9,None,0.0,None,0.05,Low
LOG-04916,2022-10-22,EQ-022,Harvester,2019-02-25,FARM-06,OP-029,David Miller,5.0,FLD-002,Hill Field,223.83,9.1,41.5,None,0.0,None,0.4,Medium
LOG-04339,13-07-2023,EQ-030,Tractor,2017-05-14,FARM-10,OP-050,Michael Smith,4.0,FLD-019,North Field,158.9,3.9,13.8,None,0.0,None,0.08,Low
LOG-04564,2022-04-14,EQ-033,Harvester,2017-12-20,FARM-03,OP-015,Laura Anderson,4.0,FLD-008,West Field,188.47,5.8,31.1,None,0.0,None,0.54,Medium
LOG-02687,2023-10-22,EQ-096,,2022-07-28,FARM-04,OP-010,Robert Anderson,8.0,FLD-003,Golden Field,66.67,1.6,5.7,None,0.0,None,0.3,Medium
LOG-05902,2024-02-19,EQ-021,Plntr,2022-02-16,FARM-06,OP-039,Michael Williams,4.0,FLD-011,South Field,362.68,2.3,17.7,None,0.0,None,0.19,
LOG-05679,10-03-2024,EQ-043,Tractor,2022-08-18,FARM-02,OP-007,,18.0,FLD-005,North Field,357.3,2.3,13.4,None,0.0,None,,Medium
LOG-06255,2024-06-23,EQ-030,Tractor,2017-05-14,FARM-10,OP-004,David Hernandez,,FLD-015,West Field,216.02,7.3,44.1,None,,None,0.66,Medium
LOG-06156,2024/02/05,EQ-030,Tractor,2017-05-14,FARM-10,OP-029,David Miller,5.0,FLD-006,North Field,264.76,1.4,8.2,None,0.0,None,0.96,High
LOG-02898,2022-07-05,EQ-043,Tractor,2022-08-18,FARM-02,OP-015,Laura Anderson,4.0,FLD-017,East Field,311.6,2.4,7.4,None,0.0,None,0.71,High
LOG-06753,,EQ-050,Harvester,2021-01-18,FARM-09,OP-019,James Lopez,11.0,FLD-001,Sunny Field,222.94,4.2,15.6,None,0.0,None,0.94,High
LOG-01711,2022-05-09,EQ-021,Plntr,2022-02-16,FARM-06,,Daniel Garcia,3.0,FLD-002,Hill Field,223.83,6.4,48.1,Routine,1145.69,None,0.43,Medium
LOG-05382,2022-03-01,EQ-026,Planter,2018-01-10,FARM-09,OP-027,Emily Johnson,5.0,FLD-017,East Field,311.6,4.9,38.5,None,0.0,None,0.53,Medium
LOG-05342,2024-05-15,EQ-069,Harvester,2018-02-14,FARM-08,OP-015,Laura Anderson,4.0,FLD-007,Golden Field,346.56,11.5,61.2,None,0.0,,0.78,High
LOG-02479,2022-08-01,EQ-052,Planter,2015-03-21,FARM-02,OP-020,James Hernandez,9.0,FLD-001,,222.94,9.4,33.4,None,0.0,None,0.56,Medium
LOG-04980,2023-05-16,EQ-061,Planter,2022-07-14,FARM-06,OP-004,,10.0,FLD-013,Valley Field,169.83,8.5,33.1,None,0.0,None,0.14,Low
LOG-06448,2024-04-13,,Harvester,2023-05-10,FARM-09,OP-047,,18.0,FLD-010,Hill Field,315.35,4.8,25.5,None,0.0,None,0.25,Low
LOG-01367,2024-01-12,EQ-057,Harvester,2016-06-09,FARM-08,OP-047,Charles Hernandez,18.0,FLD-014,River Field,281.66,1.9,11.0,Routine,575.33,None,0.48,Medium
LOG-00174,2023-10-03,EQ-021,Planter,2022-02-16,FARM-06,OP-021,Chloe Jones,2.0,FLD-019,,158.9,3.1,11.8,None,0.0,None,0.47,Medium
LOG-00859,2022-04-19,EQ-020,Tractor,2019-04-06,FARM-05,OP-036,Jessica Anderson,14.0,FLD-015,West Field,216.02,3.1,10.1,Inspection,731.86,None,0.17,Low
LOG-05139,14-09-2024,EQ-023,Harvester,2022-07-08,FARM-05,OP-026,Grace Rodriguez,1.0,FLD-002,Hill Field,223.83,1.1,4.3,None,0.0,None,0.29,Low
LOG-05150,2022-01-05,EQ-076,Tractor,2015-09-06,FARM-07,OP-046,Michael Garcia,17.0,FLD-017,East Field,311.6,4.1,16.6,Repair,1148.18,Hydraulics,0.42,Medium
LOG-03525,2024-05-18,EQ-071,Planter,2017-09-22,FARM-08,OP-050,Michael Smith,4.0,FLD-019,North Field,158.9,5.9,37.7,None,0.0,None,0.2,Low
LOG-03322,,EQ-026,Planter,2018-01-10,FARM-09,OP-035,Sarah Wilson,6.0,FLD-017,East Field,311.6,9.2,,Routine,1107.69,None,0.22,Low
LOG-05454,2023-04-05,EQ-036,Planter,2021-07-18,FARM-07,,David Jones,10.0,FLD-004,Sunny Field,103.14,11.8,89.4,None,0.0,None,0.71,High
LOG-06100,2023/07/11,EQ-047,Sprayer,2020-08-12,FARM-03,OP-028,Alice Wilson,12.0,FLD-003,Golden Field,66.67,4.0,30.7,None,0.0,None,0.71,High
LOG-04375,2022/10/24,EQ-097,,,FARM-10,OP-039,Michael Williams,4.0,FLD-016,Valley Field,,4.1,21.8,None,0.0,None,0.35,Medium
LOG-03946,2024-11-16,EQ-074,Sprayer,2019-10-01,FARM-07,OP-038,Grace Gonzalez,8.0,FLD-002,Hill Field,223.83,2.7,17.2,Inspection,619.2,None,0.56,Medium
LOG-01953,2024-01-21,EQ-005,Tractor,2015-05-03,FARM-02,OP-008,James Rodriguez,9.0,FLD-007,Golden Field,346.56,7.9,58.5,None,0.0,None,0.68,Medium
LOG-03312,2022-06-26,EQ-031,Sprayer,2017-05-20,FARM-08,OP-035,Sarah Wilson,6.0,FLD-019,North Field,158.9,8.1,52.7,None,0.0,None,0.73,High
LOG-02493,"May 15, 2023",EQ-059,Planter,2017-05-17,FARM-09,OP-049,Michael Williams,19.0,FLD-014,River Field,281.66,10.4,40.4,None,0.0,None,0.88,High
LOG-04177,,EQ-084,Harvester,2019-07-23,FARM-08,OP-048,William Smith,4.0,FLD-013,Valley Field,169.83,7.8,55.4,None,0.0,None,0.96,High
LOG-04332,2024-02-04,EQ-088,Planter,2018-03-14,FARM-07,,Charles Hernandez,18.0,FLD-015,West Field,216.02,10.2,63.5,Routine,522.2,None,0.48,Medium
LOG-02037,2024-12-04,EQ-059,Planter,2017-05-17,FARM-09,OP-027,Emily Johnson,5.0,FLD-006,North Field,264.76,3.2,18.9,None,0.0,None,0.41,Medium
LOG-05483,2022-01-01,EQ-038,Planter,2016-01-08,FARM-01,OP-011,Sophia Jones,6.0,FLD-018,River Field,208.98,11.5,75.3,Routine,1341.9,None,0.42,Medium
LOG-06256,20-03-2024,EQ-001,Tractor,2015-04-13,FARM-05,OP-038,Grace Gonzalez,8.0,FLD-001,Sunny Field,222.94,8.7,41.5,None,0.0,None,0.9,High
LOG-06201,2023-01-03,EQ-091,,2023-05-22,FARM-06,OP-046,Michael Garcia,17.0,FLD-016,Valley Field,341.89,3.0,11.2,None,0.0,None,0.99,High
LOG-03404,2022/09/12,EQ-007,Tractr,2021-04-17,FARM-04,OP-029,David Miller,5.0,FLD-008,West Field,188.47,10.7,48.2,None,0.0,None,0.46,Medium
LOG-00019,2023-03-23,EQ-086,Tractor,2016-11-05,FARM-07,OP-008,James Rodriguez,9.0,FLD-019,North Field,158.9,6.1,26.1,None,0.0,None,0.6,Medium
LOG-03692,2022-03-27,EQ-010,Planter,2018-10-25,FARM-05,OP-020,,9.0,FLD-012,River Field,258.49,3.5,11.8,None,0.0,None,0.12,Low
LOG-05275,2024-03-10,EQ-091,Tractor,2023-05-22,FARM-06,OP-043,Sarah Brown,1.0,FLD-016,Valley Field,341.89,11.4,87.8,None,0.0,None,0.22,Low
LOG-00001,2024-08-10,EQ-075,Planter,2023-03-06,FARM-01,OP-039,Michael Williams,4.0,FLD-011,South Field,362.68,5.9,37.6,,0.0,None,0.79,High
LOG-03629,2023-09-29,EQ-024,Tractor,2021-10-31,FARM-03,OP-012,Daniel Wilson,18.0,FLD-013,Valley Field,169.83,11.0,47.2,None,0.0,None,0.33,Medium
LOG-05538,07-09-2022,EQ-073,Tractor,2022-05-23,FARM-07,OP-044,James Miller,11.0,FLD-013,,169.83,3.3,10.8,Routine,1032.78,None,0.93,High
LOG-02175,2022-03-04,EQ-038,Planter,2016-01-08,FARM-01,OP-043,Sarah Brown,1.0,FLD-017,East Field,311.6,10.0,72.6,None,0.0,None,0.92,High
LOG-01357,2023-04-12,EQ-041,Planter,2019-04-13,FARM-10,OP-003,Sarah Jones,13.0,FLD-018,River Field,208.98,1.7,11.2,None,0.0,None,0.26,Low
LOG-05201,2023-07-26,EQ-034,Harvester,2023-05-10,FARM-09,,John Davis,20.0,FLD-007,Golden Field,346.56,9.7,53.2,None,0.0,None,0.19,Low
LOG-06430,2022-07-16,EQ-079,Planter,2016-07-28,FARM-07,OP-003,Sarah Jones,13.0,FLD-011,South Field,362.68,10.3,32.7,None,0.0,None,0.83,High
LOG-04222,2022-10-10,,Tractor,2019-05-19,FARM-05,OP-013,Laura Martinez,17.0,FLD-017,East Field,311.6,5.8,25.4,Repair,,Filter,,Medium
LOG-02827,23-07-2024,EQ-031,Sprayer,2017-05-20,FARM-08,OP-040,Charles Wilson,2.0,FLD-004,Sunny Field,103.14,1.6,10.9,Inspection,1388.1,None,0.2,Low
LOG-04210,2024-06-11,EQ-005,Tractor,2015-05-03,FARM-02,OP-030,Alice Jones,12.0,FLD-012,River Field,258.49,1.1,7.2,None,0.0,None,0.42,Medium
LOG-00397,2023-08-25,EQ-085,Planter,2017-05-25,FARM-07,OP-036,Jessica Anderson,14.0,FLD-006,North Field,264.76,2.1,7.6,None,,None,0.8,High
LOG-05256,2023-01-04,EQ-098,Harvester,2021-06-29,FARM-10,OP-042,,10.0,FLD-017,East Field,311.6,3.8,17.3,None,0.0,None,0.54,Medium
LOG-03113,2022/02/05,EQ-004,Tractor,2021-08-15,FARM-07,OP-009,David Anderson,12.0,FLD-018,River Field,,10.4,32.4,None,0.0,None,0.62,Medium
LOG-00183,2022-02-04,EQ-073,Tractor,2022-05-23,FARM-07,OP-020,James Hernandez,9.0,FLD-016,Valley Field,341.89,5.1,32.5,None,0.0,None,0.58,Medium
LOG-05463,2023-01-31,EQ-084,Harvester,2019-07-23,FARM-08,OP-004,David Hernandez,10.0,FLD-014,River Field,281.66,2.1,13.7,None,0.0,None,0.22,Low
LOG-05533,2023-01-13,EQ-043,Tractor,2022-08-18,FARM-02,OP-016,David Jones,4.0,FLD-017,East Field,311.6,6.9,40.8,None,0.0,None,0.08,Low
LOG-01813,2023-01-10,EQ-077,Sprayer,2023-12-24,FARM-02,OP-041,Chloe Brown,7.0,FLD-011,South Field,362.68,10.8,76.1,None,0.0,None,0.39,Medium
LOG-04505,2023-03-28,EQ-076,Tractor,2015-09-06,FARM-07,OP-009,David Anderson,12.0,FLD-002,Hill Field,223.83,8.4,65.0,Inspection,1431.6,None,0.95,High
LOG-05716,2022-12-25,EQ-049,Harvester,2016-09-18,FARM-06,OP-006,John Davis,20.0,FLD-014,River Field,281.66,10.7,77.1,None,0.0,None,0.77,High
LOG-05075,2022-09-25,EQ-086,Tractor,2016-11-05,FARM-07,OP-029,David Miller,5.0,FLD-016,Valley Field,341.89,4.9,15.0,Routine,525.9,None,0.82,High
LOG-00817,2022-12-08,EQ-098,Harvester,2021-06-29,FARM-10,OP-043,Sarah Brown,1.0,FLD-011,South Field,362.68,7.8,37.6,None,0.0,None,0.5,Medium
LOG-01573,2024-02-12,EQ-019,,2015-11-23,FARM-04,OP-027,Emily Johnson,5.0,FLD-002,Hill Field,223.83,9.4,62.2,Inspection,195.17,None,0.35,Medium
LOG-04846,2022-03-16,EQ-068,Sprayer,2015-10-18,FARM-09,OP-028,Alice Wilson,12.0,FLD-003,Golden Field,66.67,5.2,41.1,None,0.0,None,0.05,Low
LOG-01801,2024-04-12,EQ-047,Sprayer,2020-08-12,FARM-03,OP-015,Laura Anderson,4.0,FLD-009,South Field,,1.7,8.8,None,0.0,None,0.78,High
LOG-02281,2023-03-13,EQ-067,Harvester,2015-10-04,FARM-01,OP-030,Alice Jones,12.0,FLD-014,River Field,281.66,10.5,53.1,Repair,422.78,Tire,0.76,High
LOG-02430,2023-12-30,EQ-007,Tractor,2021-04-17,FARM-04,OP-002,James Hernandez,11.0,FLD-005,North Field,357.3,2.2,15.2,None,0.0,None,0.86,High
LOG-06699,2024-06-04,EQ-049,Harvester,2016-09-18,FARM-06,OP-027,Emily Johnson,5.0,FLD-001,Sunny Field,222.94,11.5,76.1,None,0.0,None,0.8,High
LOG-04746,2024-03-07,EQ-034,Harvester,2023-05-10,FARM-09,OP-046,,17.0,FLD-007,Golden Field,346.56,7.3,52.2,Inspection,1154.78,None,0.81,High
LOG-05287,2022-05-07,EQ-079,Planter,2016-07-28,FARM-07,OP-031,Alice Anderson,12.0,FLD-017,East Field,311.6,6.3,35.0,,0.0,None,0.48,Medium
LOG-05423,2024-10-10,EQ-097,Planter,2016-05-06,FARM-10,OP-005,Daniel Garcia,3.0,FLD-004,Sunny Field,103.14,2.0,12.7,,0.0,None,0.64,Medium
LOG-06039,"December 06, 2022",EQ-085,Planter,2017-05-25,FARM-07,OP-012,Daniel Wilson,18.0,FLD-016,Valley Field,,4.4,30.9,Repair,558.88,None,0.46,Medium
LOG-04861,2022-10-06,EQ-062,Planter,2020-10-20,FARM-08,OP-048,William Smith,4.0,FLD-008,West Field,188.47,4.1,31.1,Routine,1336.73,None,0.3,Medium
LOG-04646,2024-10-30,EQ-030,Tractor,2017-05-14,FARM-10,OP-020,James Hernandez,9.0,FLD-015,West Field,216.02,10.6,55.1,None,0.0,None,0.33,Medium
LOG-01831,2024-02-20,EQ-074,Sprayer,2019-10-01,FARM-07,OP-023,Michael Smith,1.0,FLD-012,River Field,258.49,1.2,6.2,None,0.0,None,0.43,Medium
LOG-00602,2024-08-10,EQ-080,Harvester,2018-02-14,,OP-018,David Jones,10.0,FLD-002,Hill Field,,8.2,2490.0,None,0.0,None,0.28,Low
LOG-05799,2023-06-29,EQ-051,,2021-09-19,FARM-06,OP-026,Grace Rodriguez,1.0,FLD-008,West Field,188.47,1.1,7.7,None,0.0,None,0.97,High
LOG-04895,2022-12-04,EQ-069,Harvester,2018-02-14,FARM-08,OP-033,Emily Garcia,18.0,FLD-012,River Field,258.49,3.8,29.6,None,0.0,None,,Medium
LOG-05018,2023-05-22,EQ-007,Tractor,2021-04-17,FARM-04,OP-043,Sarah Brown,1.0,FLD-005,North Field,357.3,3.4,22.0,Repair,1471.88,Tire,0.51,Medium
LOG-00555,2022-01-17,EQ-017,Sprayer,2021-06-22,FARM-04,OP-046,Michael Garcia,17.0,FLD-015,West Field,216.02,3.6,13.5,None,0.0,,0.35,Medium
LOG-01160,2022-07-24,EQ-068,Sprayer,2015-10-18,FARM-09,OP-009,David Anderson,12.0,FLD-001,Sunny Field,222.94,5.2,16.1,None,0.0,None,0.76,High
LOG-01214,2022-01-30,EQ-095,Tractor,2017-01-31,FARM-02,OP-047,Charles Hernandez,18.0,FLD-011,South Field,362.68,2.7,14.3,Repair,1303.24,Filter,0.79,High
LOG-00881,2024-09-23,EQ-085,Planter,2017-05-25,FARM-07,OP-048,William Smith,4.0,FLD-020,West Field,220.65,4.3,30.4,None,0.0,None,0.69,Medium
LOG-01326,2024-10-18,EQ-039,,2016-09-18,FARM-03,OP-007,Emily Johnson,18.0,FLD-004,Sunny Field,103.14,3.5,21.0,None,0.0,None,0.23,Low
LOG-05268,2024-05-11,EQ-002,Harvester,2017-07-03,FARM-03,OP-034,Grace Martinez,5.0,FLD-012,River Field,258.49,9.3,48.7,None,0.0,None,0.04,Low
LOG-00998,,EQ-085,Planter,2017-05-25,FARM-07,OP-023,Michael Smith,1.0,FLD-011,South Field,362.68,5.6,36.0,None,0.0,None,0.77,High
LOG-00701,11-03-2022,EQ-037,,2017-06-17,FARM-03,OP-017,Emily Lopez,18.0,FLD-007,,346.56,1.3,4.5,None,0.0,None,0.65,Medium
LOG-02701,2024-10-21,EQ-059,Planter,,FARM-09,OP-014,John Hernandez,18.0,,Hill Field,223.83,6.1,29.3,None,0.0,None,0.75,High
LOG-05012,"January 05, 2024",EQ-092,,2015-07-25,FARM-10,OP-008,James Rodriguez,9.0,FLD-002,Hill Field,223.83,8.5,42.0,Routine,790.11,None,0.86,High
LOG-01848,2022-10-14,EQ-097,Planter,2016-05-06,FARM-10,OP-010,Robert Anderson,8.0,FLD-015,West Field,216.02,8.1,36.5,None,0.0,None,0.03,Low
LOG-03067,"May 17, 2024",EQ-013,Tractor,2019-01-10,FARM-06,OP-018,David Jones,10.0,FLD-018,River Field,208.98,10.0,77.9,,0.0,None,0.03,Low
LOG-02797,2024-06-28,EQ-005,Tractor,2015-05-03,FARM-02,OP-015,Laura Anderson,4.0,FLD-008,West Field,188.47,3.9,20.0,None,0.0,None,0.22,Low
LOG-01456,2024/01/04,EQ-083,Tractor,2016-01-18,FARM-04,OP-007,Emily Johnson,18.0,FLD-006,North Field,264.76,4.4,23.5,Inspection,81.54,,0.8,High
LOG-05858,2024/12/31,EQ-083,,2016-01-18,FARM-04,OP-008,James Rodriguez,9.0,FLD-007,,346.56,8.1,58.9,None,0.0,None,0.61,
LOG-04060,,EQ-065,Harvester,2021-08-07,FARM-04,OP-037,John Williams,11.0,FLD-001,Sunny Field,222.94,5.3,25.0,None,0.0,None,0.55,Medium
LOG-03943,2024-10-26,EQ-090,Sprayr,2017-06-10,FARM-01,OP-046,Michael Garcia,17.0,FLD-007,Golden Field,346.56,1.9,7.8,Routine,908.49,None,0.31,Medium
LOG-00867,2024-02-21,EQ-008,Planter,,FARM-08,OP-048,William Smith,4.0,FLD-003,Golden Field,66.67,2.0,8.6,,0.0,None,0.77,High
LOG-05347,2022-04-07,EQ-052,Planter,2015-03-21,FARM-02,OP-042,Daniel Garcia,10.0,FLD-006,,264.76,9.1,45.4,None,0.0,None,0.07,Low
LOG-01645,2024-01-04,EQ-025,Harvester,2016-10-31,FARM-08,OP-026,Grace Rodriguez,1.0,FLD-002,Hill Field,223.83,1.6,12.7,None,0.0,None,0.84,High
LOG-02141,24-09-2022,EQ-047,Sprayer,2020-08-12,FARM-03,OP-025,Michael Williams,15.0,FLD-010,Hill Field,,3.3,10.3,None,0.0,None,0.88,High
LOG-06310,2023-05-08,EQ-036,,2021-07-18,FARM-07,OP-024,,5.0,FLD-018,River Field,208.98,9.0,51.6,None,0.0,None,0.63,Medium
LOG-03521,2024-03-06,EQ-060,Harvester,2022-12-30,FARM-05,OP-002,James Hernandez,11.0,FLD-007,Golden Field,346.56,2.1,7.1,None,0.0,None,0.67,Medium
LOG-04392,02-05-2023,EQ-033,Harvester,2017-12-20,FARM-03,OP-005,Daniel Garcia,3.0,FLD-016,Valley Field,341.89,6.5,49.5,Repair,394.02,Belt,0.42,Medium
LOG-05648,,EQ-005,Tractor,2015-05-03,FARM-02,OP-006,John Davis,20.0,FLD-009,South Field,474.95,10.3,59.8,None,0.0,None,0.26,Low
LOG-01491,2023-12-09,EQ-081,Harvester,2015-11-05,FARM-08,OP-032,James Hernandez,8.0,FLD-018,River Field,208.98,1.9,12.8,None,0.0,None,0.31,Medium
LOG-06520,2023-03-16,EQ-044,,2023-08-15,FARM-06,OP-008,James Rodriguez,9.0,FLD-013,Valley Field,169.83,7.6,40.1,None,0.0,None,0.76,High
LOG-04173,"December 12, 2023",,Harvester,,FARM-04,OP-031,Alice Anderson,12.0,FLD-007,Golden Field,346.56,6.5,51.6,None,0.0,None,0.82,High
LOG-00730,09-06-2024,EQ-047,Sprayer,2020-08-12,,OP-019,James Lopez,11.0,FLD-007,Golden Field,346.56,3.8,23.1,None,0.0,None,0.45,Medium
LOG-04639,2024-11-10,EQ-057,Harvester,2016-06-09,FARM-08,OP-037,,11.0,FLD-014,River Field,281.66,7.1,55.1,None,0.0,None,0.1,Low
LOG-00780,21-08-2023,EQ-046,Harvester,2020-02-02,FARM-01,OP-004,,10.0,FLD-010,Hill Field,,6.8,52.2,None,0.0,None,0.76,High
LOG-02621,2022-09-25,EQ-063,Tractor,2017-10-12,FARM-04,OP-019,James Lopez,11.0,FLD-020,West Field,220.65,1.9,8.6,Routine,878.36,None,0.72,High
LOG-01937,"July 03, 2023",EQ-083,Tractor,2016-01-18,FARM-04,OP-010,Robert Anderson,8.0,FLD-004,Sunny Field,103.14,8.9,49.9,None,0.0,None,0.28,Low
LOG-03794,2024-11-18,,Harvester,2016-09-18,FARM-06,OP-004,David Hernandez,10.0,FLD-001,Sunny Field,222.94,3.2,16.9,None,0.0,None,0.08,Low
LOG-06526,"July 27, 2023",EQ-070,Harvester,2021-01-17,FARM-03,OP-032,James Hernandez,8.0,FLD-016,Valley Field,341.89,,75.0,None,0.0,None,0.22,Low
LOG-06033,"July 02, 2024",EQ-089,,2016-09-26,FARM-04,OP-039,Michael Williams,4.0,FLD-006,North Field,264.76,1.7,12.4,None,0.0,None,0.33,Medium
LOG-03334,2024-03-31,EQ-069,Harvester,2018-02-14,FARM-08,OP-008,James Rodriguez,9.0,FLD-015,West Field,216.02,,59.4,None,0.0,None,0.67,Medium
LOG-01111,2024/04/12,EQ-082,Tractor,2015-07-27,FARM-09,OP-006,John Davis,20.0,FLD-010,Hill Field,315.35,9.5,68.6,None,0.0,None,0.09,Low
LOG-03656,2022-03-27,EQ-056,Tractor,2023-07-13,FARM-09,OP-005,Daniel Garcia,3.0,FLD-011,South Field,362.68,4.2,13.7,None,0.0,None,0.66,Medium
LOG-05682,2022-03-04,EQ-057,Harvester,2016-06-09,FARM-08,OP-039,Michael Williams,4.0,FLD-020,West Field,220.65,11.1,59.7,None,0.0,None,0.39,Medium
LOG-06253,2022-02-16,EQ-034,Harvester,2023-05-10,FARM-09,OP-003,Sarah Jones,13.0,FLD-010,Hill Field,315.35,11.4,55.3,None,0.0,None,0.69,Medium
LOG-02999,2023/04/10,EQ-090,Sprayer,2017-06-10,FARM-01,OP-007,Emily Johnson,18.0,FLD-005,North Field,357.3,11.8,82.2,None,0.0,None,0.2,Low
LOG-02395,2023-10-26,EQ-016,Sprayer,2022-01-18,FARM-10,OP-042,Daniel Garcia,,FLD-018,River Field,208.98,2.6,19.4,Routine,1173.41,None,0.18,Low
LOG-01186,,EQ-007,Tractor,2021-04-17,FARM-04,OP-024,William Gonzalez,5.0,FLD-014,River Field,281.66,4.0,14.1,None,0.0,None,0.77,High
LOG-02008,2023-02-21,EQ-025,,2016-10-31,FARM-08,OP-004,David Hernandez,10.0,FLD-017,East Field,311.6,5.0,24.9,None,0.0,None,0.81,High
LOG-00194,2023-02-18,EQ-096,Tractor,2022-07-28,FARM-04,OP-031,Alice Anderson,12.0,FLD-007,Golden Field,346.56,10.1,44.0,None,0.0,None,0.28,Low
LOG-01516,2022-01-25,EQ-075,Plntr,2023-03-06,FARM-01,OP-020,James Hernandez,9.0,FLD-005,North Field,357.3,3.9,25.8,,0.0,,0.99,High
LOG-05592,2023-01-21,EQ-085,Plntr,2017-05-25,FARM-07,OP-043,Sarah Brown,,,Golden Field,66.67,3.8,13.2,None,0.0,None,0.98,High
LOG-00579,2022-08-02,EQ-090,Sprayer,2017-06-10,FARM-01,OP-043,Sarah Brown,1.0,FLD-014,River Field,281.66,2.8,,None,0.0,None,0.34,Medium
LOG-02124,18-02-2023,EQ-097,Planter,2016-05-06,FARM-10,OP-050,,4.0,FLD-002,Hill Field,223.83,1.2,9.5,None,0.0,None,0.39,Medium
LOG-01430,,EQ-042,Planter,2020-12-07,FARM-05,OP-020,James Hernandez,9.0,FLD-017,East Field,311.6,3.6,17.9,None,0.0,None,,High
LOG-00772,,EQ-043,Tractor,2022-08-18,FARM-02,OP-005,Daniel Garcia,3.0,FLD-019,North Field,158.9,2.0,10.1,None,0.0,None,0.42,Medium
LOG-02588,2023-02-20,EQ-100,Planter,2022-05-16,FARM-10,OP-047,Charles Hernandez,18.0,FLD-002,Hill Field,223.83,4.4,17.8,None,0.0,None,0.52,Medium
LOG-02396,2023/08/11,EQ-085,Planter,2017-05-25,FARM-07,OP-004,David Hernandez,10.0,FLD-017,East Field,311.6,8.3,34.4,None,0.0,None,0.47,Medium
LOG-01410,2024-07-15,EQ-098,Harvester,2021-06-29,FARM-10,OP-035,Sarah Wilson,6.0,FLD-004,Sunny Field,103.14,3.5,27.6,None,0.0,None,0.24,Low
LOG-01847,2023-10-07,EQ-039,Tractr,2016-09-18,FARM-03,OP-024,William Gonzalez,5.0,FLD-001,Sunny Field,,6.4,43.2,None,0.0,None,0.77,High
LOG-00132,2022-09-13,EQ-014,Sprayer,2015-06-27,FARM-08,OP-046,Michael Garcia,17.0,FLD-017,East Field,311.6,4.1,27.9,None,0.0,None,0.9,High
LOG-00179,2022-09-01,EQ-071,,2017-09-22,FARM-08,OP-018,David Jones,10.0,FLD-020,West Field,220.65,2.4,8.4,None,0.0,None,0.98,High
LOG-03741,2023-03-13,EQ-018,Tractor,2015-07-07,FARM-04,OP-002,James Hernandez,11.0,FLD-014,River Field,281.66,9.3,52.4,None,0.0,None,0.82,High
LOG-06248,21-09-2022,EQ-079,Planter,2016-07-28,FARM-07,OP-022,Robert Hernandez,14.0,FLD-017,East Field,311.6,7.7,43.8,None,,,0.8,High
LOG-01812,22-12-2022,EQ-060,Harvester,2022-12-30,FARM-05,OP-038,Grace Gonzalez,8.0,FLD-017,East Field,311.6,2.3,15.2,None,0.0,None,0.25,
LOG-04479,2023-01-07,EQ-015,Tractor,2019-03-31,FARM-02,OP-002,James Hernandez,11.0,FLD-012,River Field,258.49,1.0,5.8,Inspection,856.36,None,0.23,Low
LOG-05568,2022-03-02,EQ-029,Sprayer,2019-07-02,FARM-05,OP-043,Sarah Brown,1.0,FLD-005,North Field,357.3,7.5,39.1,Routine,1303.96,None,0.58,Medium
LOG-02581,2022-10-20,EQ-028,Tractor,2017-07-27,FARM-01,OP-001,William Anderson,9.0,FLD-009,South Field,474.95,6.4,25.9,Repair,,Blade,0.11,Low
LOG-04514,,EQ-031,Sprayer,2017-05-20,FARM-08,OP-016,David Jones,4.0,FLD-015,West Field,216.02,11.9,82.3,None,0.0,None,0.09,Low
LOG-04162,2023-06-20,EQ-080,Harvester,2018-02-14,FARM-08,OP-011,Sophia Jones,6.0,FLD-003,Golden Field,66.67,11.9,71.6,Routine,1302.81,None,0.52,Medium
LOG-02653,2024-10-04,EQ-027,Harvester,,,OP-047,Charles Hernandez,18.0,FLD-010,,315.35,10.3,44.3,None,0.0,None,0.95,High
LOG-04565,29-10-2024,EQ-079,Planter,2016-07-28,FARM-07,OP-042,Daniel Garcia,10.0,FLD-011,South Field,362.68,3.0,13.3,None,0.0,None,0.2,Low
LOG-02074,,EQ-051,Tractor,2021-09-19,FARM-06,OP-013,Laura Martinez,17.0,FLD-005,North Field,357.3,10.1,61.2,Inspection,407.61,None,0.94,High
LOG-00659,2023-11-25,EQ-022,Harvester,2019-02-25,FARM-06,OP-005,Daniel Garcia,3.0,FLD-010,Hill Field,315.35,6.9,22.5,Routine,1359.77,None,0.06,Low
LOG-01897,2023-11-04,EQ-015,Tractor,2019-03-31,FARM-02,OP-016,David Jones,4.0,FLD-013,Valley Field,169.83,2.9,18.2,Routine,672.78,None,0.33,Medium
LOG-05339,2024-05-26,EQ-062,Planter,2020-10-20,FARM-08,OP-003,Sarah Jones,13.0,FLD-014,River Field,281.66,6.4,41.2,None,0.0,None,0.17,Low
LOG-02607,2024-10-12,EQ-061,Planter,2022-07-14,FARM-06,OP-005,Daniel Garcia,3.0,FLD-013,Valley Field,169.83,2.6,9.4,None,0.0,None,0.26,Low
LOG-02222,2024-09-07,EQ-068,Sprayer,2015-10-18,FARM-09,OP-017,Emily Lopez,18.0,FLD-008,West Field,188.47,4.8,24.7,None,,None,0.72,High
LOG-03660,2023-03-01,,Tractor,2019-01-10,FARM-06,OP-035,Sarah Wilson,6.0,FLD-020,West Field,220.65,1.4,9.8,None,0.0,None,0.65,Medium
LOG-06618,"January 26, 2023",EQ-015,Tractor,2019-03-31,FARM-02,OP-005,Daniel Garcia,,FLD-015,West Field,216.02,11.8,75.9,None,0.0,None,,Medium
LOG-02380,2023-12-23,EQ-017,Sprayer,2021-06-22,FARM-04,OP-047,Charles Hernandez,18.0,FLD-012,River Field,258.49,10.1,73.7,None,0.0,None,0.9,High
LOG-01448,2023-09-28,EQ-025,Harvester,2016-10-31,FARM-08,OP-048,William Smith,4.0,FLD-005,North Field,357.3,1.6,10.4,Inspection,253.62,None,0.32,Medium
LOG-05730,2022-09-01,EQ-031,Sprayer,2017-05-20,FARM-08,OP-001,William Anderson,9.0,FLD-008,West Field,188.47,4.5,19.6,None,0.0,None,0.96,High
LOG-00343,2022-02-09,EQ-083,Tractor,2016-01-18,FARM-04,OP-034,Grace Martinez,5.0,FLD-008,West Field,188.47,11.9,82.2,None,0.0,None,0.54,Medium
LOG-03373,2022-11-01,EQ-040,Planter,2021-09-08,FARM-02,OP-009,David Anderson,12.0,FLD-009,South Field,474.95,4.2,20.5,None,0.0,None,0.51,Medium
LOG-04503,,EQ-034,Harvester,2023-05-10,FARM-09,OP-016,David Jones,4.0,FLD-015,West Field,216.02,4.0,12.1,Routine,960.99,None,0.21,Low
LOG-00040,2022-11-18,EQ-028,,2017-07-27,FARM-01,OP-017,Emily Lopez,18.0,FLD-003,Golden Field,66.67,3.6,20.7,Inspection,642.35,None,0.69,Medium
LOG-02528,2022/01/17,EQ-024,Tractor,2021-10-31,FARM-03,OP-012,Daniel Wilson,18.0,FLD-004,Sunny Field,103.14,4.6,18.8,None,0.0,None,0.66,Medium
LOG-00728,05-11-2024,EQ-080,Harvester,2018-02-14,FARM-08,OP-024,William Gonzalez,5.0,FLD-018,River Field,208.98,3.4,23.3,None,0.0,None,0.28,Low
LOG-05507,2022-04-13,EQ-001,,2015-04-13,FARM-05,OP-027,Emily Johnson,5.0,FLD-016,Valley Field,341.89,-7.1,22.4,None,0.0,None,0.74,High
LOG-00977,2023-02-06,EQ-071,Planter,2017-09-22,FARM-08,OP-016,David Jones,4.0,FLD-006,North Field,264.76,1.2,8.7,None,0.0,None,0.03,Low
LOG-06271,2024-02-10,EQ-029,Sprayer,2019-07-02,FARM-05,OP-005,Daniel Garcia,3.0,FLD-017,East Field,311.6,6.1,37.7,None,0.0,None,0.67,Medium
LOG-04858,2024-01-01,EQ-086,Tractor,2016-11-05,FARM-07,OP-036,Jessica Anderson,14.0,FLD-003,Golden Field,66.67,9.6,37.5,None,0.0,None,0.85,High
LOG-01929,2023-12-01,EQ-002,Harvester,2017-07-03,FARM-03,OP-027,Emily Johnson,5.0,FLD-004,Sunny Field,103.14,3.3,12.3,None,0.0,None,0.78,High
LOG-03517,2024-08-10,EQ-001,Tractor,2015-04-13,FARM-05,OP-020,James Hernandez,9.0,FLD-001,Sunny Field,222.94,2.1,10.5,None,0.0,None,0.97,High
LOG-06729,16-12-2023,EQ-001,Tractor,2015-04-13,FARM-05,OP-023,Michael Smith,1.0,FLD-002,Hill Field,223.83,1.2,4.1,None,0.0,None,0.27,Low
LOG-04558,2024-09-18,EQ-080,Harvester,2018-02-14,FARM-08,OP-001,William Anderson,9.0,,West Field,216.02,2.1,12.2,None,0.0,None,0.33,Medium
LOG-00942,2022-04-04,EQ-075,Planter,2023-03-06,FARM-01,OP-033,Emily Garcia,18.0,FLD-010,Hill Field,315.35,2.8,15.9,Routine,180.09,None,0.69,Medium
LOG-03756,2024-09-29,EQ-041,Planter,2019-04-13,FARM-10,OP-023,Michael Smith,1.0,FLD-020,West Field,220.65,6.2,25.6,None,0.0,None,0.91,High
LOG-06718,2023-03-08,EQ-051,Tractor,2021-09-19,FARM-06,OP-014,John Hernandez,18.0,FLD-015,West Field,216.02,4.7,18.9,None,0.0,None,0.04,Low
LOG-03941,04-06-2024,EQ-077,Sprayer,2023-12-24,FARM-02,OP-050,Michael Smith,4.0,FLD-020,West Field,220.65,8.6,64.2,None,0.0,None,0.42,Medium
LOG-01300,2022-09-15,EQ-038,Planter,2016-01-08,FARM-01,OP-004,David Hernandez,10.0,FLD-013,Valley Field,169.83,5.4,16.4,None,0.0,None,0.87,High
LOG-04871,2024-01-01,EQ-026,Planter,2018-01-10,FARM-09,OP-046,Michael Garcia,17.0,,South Field,474.95,5.3,33.9,None,0.0,None,0.28,Low
LOG-06425,2022-02-03,EQ-007,Tractor,2021-04-17,FARM-04,OP-006,John Davis,20.0,FLD-002,Hill Field,223.83,11.7,72.4,None,0.0,None,0.81,High
LOG-00661,2023-12-30,EQ-089,Planter,2016-09-26,,OP-045,Michael Wilson,3.0,FLD-015,West Field,216.02,4.4,31.2,None,0.0,,0.67,Medium
LOG-01791,,,Tractor,2022-05-23,FARM-07,OP-002,James Hernandez,11.0,FLD-015,West Field,216.02,5.0,32.5,Routine,811.5,None,0.69,Medium
LOG-01493,2024-10-02,EQ-098,Harvester,2021-06-29,FARM-10,OP-002,James Hernandez,11.0,FLD-010,Hill Field,315.35,11.9,58.0,None,0.0,None,0.38,Medium
LOG-06047,2022-07-29,EQ-006,Harvester,2017-08-10,FARM-09,OP-044,James Miller,11.0,FLD-015,West Field,216.02,5.3,27.6,None,0.0,None,0.52,Medium
LOG-00494,2022-06-25,EQ-093,Planter,2020-08-21,FARM-09,OP-047,Charles Hernandez,18.0,FLD-010,Hill Field,315.35,3.4,20.5,None,0.0,None,0.48,Medium
LOG-03648,2022/05/26,EQ-044,Sprayer,2023-08-15,FARM-06,OP-026,Grace Rodriguez,1.0,FLD-010,Hill Field,315.35,1.9,11.6,None,0.0,None,0.37,Medium
LOG-05131,2022-10-27,EQ-044,Sprayer,2023-08-15,FARM-06,OP-007,Emily Johnson,18.0,FLD-018,River Field,208.98,10.6,79.2,None,0.0,None,0.11,Low
LOG-04918,2023-08-03,EQ-043,Tractor,2022-08-18,FARM-02,OP-027,Emily Johnson,5.0,FLD-002,Hill Field,223.83,5.2,,None,0.0,None,0.16,Low
LOG-02316,2023-07-31,EQ-018,Tractor,2015-07-07,FARM-04,OP-040,Charles Wilson,2.0,FLD-001,Sunny Field,222.94,,50.9,None,0.0,None,0.9,High
LOG-06496,2024-04-17,EQ-085,Planter,2017-05-25,FARM-07,OP-001,William Anderson,9.0,FLD-008,West Field,188.47,3.7,15.4,None,0.0,None,0.13,Low
LOG-06441,31-03-2024,EQ-001,Tractor,2015-04-13,FARM-05,OP-010,Robert Anderson,8.0,FLD-001,Sunny Field,222.94,2.0,8.1,None,0.0,None,0.14,Low
LOG-05929,2022-02-18,EQ-098,Harvester,2021-06-29,FARM-10,OP-013,Laura Martinez,17.0,FLD-005,North Field,357.3,5.7,24.8,None,0.0,,,Low
LOG-01086,2023-09-12,EQ-031,Sprayr,2017-05-20,FARM-08,OP-026,Grace Rodriguez,1.0,FLD-016,Valley Field,341.89,,66.8,None,,None,0.38,
LOG-06599,2024-12-10,EQ-030,Tractor,2017-05-14,FARM-10,OP-033,Emily Garcia,18.0,FLD-012,River Field,258.49,9.5,66.1,Routine,951.78,None,0.59,Medium
LOG-06423,2024-08-10,EQ-076,Tractor,2015-09-06,FARM-07,OP-004,David Hernandez,10.0,FLD-018,River Field,208.98,6.2,40.2,None,0.0,,0.96,High
LOG-00695,2023-04-24,EQ-096,Tractor,,FARM-04,OP-049,Michael Williams,19.0,FLD-018,River Field,208.98,5.2,33.9,None,0.0,None,0.15,Low
LOG-01279,2023-12-23,EQ-087,Tractor,2019-05-19,FARM-05,,Michael Williams,19.0,FLD-001,Sunny Field,222.94,11.7,69.2,None,0.0,None,0.25,Low
LOG-03199,2023-11-30,EQ-001,Tractor,2015-04-13,FARM-05,OP-010,Robert Anderson,8.0,FLD-017,East Field,311.6,3.2,24.0,None,0.0,None,0.48,Medium
LOG-04935,2024/10/05,EQ-003,Tractor,2022-08-03,FARM-09,OP-043,Sarah Brown,1.0,FLD-003,Golden Field,66.67,5.7,21.6,Inspection,439.82,None,0.76,
LOG-01622,2024/03/03,EQ-052,Planter,2015-03-21,FARM-02,OP-041,Chloe Brown,7.0,FLD-019,North Field,158.9,9.2,60.1,None,0.0,None,0.8,High
LOG-05293,2024-01-02,EQ-013,Tractor,2019-01-10,FARM-06,OP-017,Emily Lopez,18.0,FLD-014,River Field,281.66,7.5,26.1,Routine,260.37,,0.8,High
LOG-03709,2024-12-29,EQ-005,Tractor,2015-05-03,FARM-02,OP-006,John Davis,20.0,FLD-001,Sunny Field,222.94,7.6,47.3,None,0.0,None,0.78,High
LOG-03945,"April 24, 2024",EQ-009,Sprayer,2015-01-27,FARM-03,OP-038,Grace Gonzalez,8.0,FLD-013,Valley Field,169.83,4.3,20.6,Inspection,1245.53,None,0.12,Low
LOG-02562,2023-11-21,EQ-069,,2018-02-14,FARM-08,OP-006,John Davis,20.0,FLD-009,South Field,474.95,7.3,54.3,Routine,1202.64,None,0.65,
LOG-04889,2024-05-29,EQ-087,Tractor,2019-05-19,FARM-05,OP-032,James Hernandez,8.0,FLD-011,South Field,362.68,7.9,34.7,None,0.0,None,0.47,Medium
LOG-06631,2023-11-07,EQ-090,Sprayer,2017-06-10,FARM-01,OP-030,Alice Jones,12.0,FLD-014,River Field,281.66,6.3,47.0,None,0.0,None,0.8,High
LOG-00068,2023-05-28,EQ-076,Tractor,2015-09-06,FARM-07,OP-020,James Hernandez,9.0,FLD-014,River Field,281.66,6.0,27.1,,0.0,None,0.85,High
LOG-01732,2022-09-04,EQ-026,Planter,2018-01-10,FARM-09,OP-042,Daniel Garcia,10.0,FLD-007,Golden Field,346.56,4.3,14.2,None,0.0,None,0.52,Medium
LOG-05558,2023-12-06,EQ-034,Harvester,2023-05-10,FARM-09,OP-008,James Rodriguez,9.0,FLD-013,Valley Field,169.83,2.4,12.6,None,0.0,None,0.1,Low
LOG-02270,2022-02-06,EQ-047,Sprayer,2020-08-12,FARM-03,OP-032,James Hernandez,8.0,FLD-001,Sunny Field,222.94,11.3,36.7,None,0.0,None,0.23,Low
LOG-04924,2022-05-31,EQ-065,Harvester,2021-08-07,FARM-04,OP-048,William Smith,4.0,FLD-014,River Field,281.66,6.1,38.6,None,0.0,None,0.88,High
LOG-05112,2022-12-19,EQ-036,Planter,2021-07-18,FARM-07,OP-042,Daniel Garcia,10.0,FLD-017,East Field,311.6,8.7,45.2,None,0.0,None,0.16,Low
LOG-05510,2024-01-19,EQ-008,Planter,2017-06-21,FARM-08,OP-013,Laura Martinez,17.0,FLD-003,Golden Field,66.67,1.7,11.8,None,0.0,None,0.1,Low
LOG-00821,2024-04-28,EQ-070,Harvester,2021-01-17,FARM-03,OP-021,Chloe Jones,2.0,FLD-007,Golden Field,,5.4,33.1,None,0.0,None,0.76,High
LOG-01227,2024-11-28,EQ-004,Tractor,2021-08-15,FARM-07,OP-010,Robert Anderson,8.0,FLD-012,River Field,258.49,10.0,60.0,None,0.0,None,0.95,High
LOG-01678,2023-02-26,EQ-018,Tractor,2015-07-07,FARM-04,OP-047,Charles Hernandez,18.0,FLD-017,,311.6,3.7,,None,0.0,None,0.94,High
LOG-05850,2023-01-19,EQ-032,Planter,2022-03-18,FARM-08,OP-014,John Hernandez,18.0,FLD-014,River Field,281.66,11.2,81.1,None,0.0,None,0.95,High
LOG-02868,2022-05-31,EQ-033,Harvester,2017-12-20,FARM-03,OP-003,Sarah Jones,13.0,FLD-020,West Field,220.65,7.1,33.9,Routine,552.16,None,0.74,High
LOG-03448,2022-02-16,EQ-080,Harvester,2018-02-14,FARM-08,OP-047,Charles Hernandez,18.0,FLD-004,Sunny Field,103.14,5.6,19.7,None,0.0,None,0.38,Medium
LOG-05102,2023-12-08,EQ-056,Tractor,2023-07-13,FARM-09,OP-017,Emily Lopez,18.0,FLD-010,Hill Field,315.35,8.5,46.8,None,0.0,None,0.6,Medium
LOG-02368,2022-11-17,EQ-072,Planter,2017-02-18,FARM-02,OP-018,,10.0,FLD-011,South Field,362.68,3.3,23.4,None,0.0,None,0.73,High
LOG-04630,2024-12-16,EQ-042,Planter,2020-12-07,FARM-05,OP-021,Chloe Jones,2.0,FLD-001,Sunny Field,222.94,3.9,17.9,None,0.0,None,0.41,Medium
LOG-04661,03-01-2023,EQ-071,Planter,2017-09-22,,OP-035,Sarah Wilson,,FLD-010,Hill Field,315.35,10.4,71.2,None,0.0,None,0.51,Medium
LOG-02513,2024/03/18,EQ-078,Harvester,2017-02-23,FARM-04,OP-011,Sophia Jones,6.0,FLD-017,East Field,311.6,10.6,49.1,Inspection,1261.76,None,0.98,High
LOG-05425,2023-09-20,EQ-033,Harvester,2017-12-20,FARM-03,OP-016,David Jones,4.0,FLD-010,Hill Field,315.35,9.4,47.7,Repair,675.03,Hydraulics,0.91,High
LOG-02724,2023-02-11,EQ-005,Tractor,2015-05-03,FARM-02,OP-019,James Lopez,11.0,FLD-019,North Field,158.9,3.3,16.7,None,0.0,None,0.26,Low
LOG-02887,2023-01-04,EQ-053,Sprayer,2018-06-13,FARM-04,OP-009,David Anderson,12.0,FLD-014,River Field,281.66,3.7,24.1,None,0.0,,0.91,High
LOG-05958,2023-06-18,EQ-020,Tractor,2019-04-06,FARM-05,OP-026,Grace Rodriguez,1.0,FLD-014,River Field,281.66,8.1,43.7,None,0.0,None,0.71,High
LOG-05165,,EQ-068,Sprayer,2015-10-18,FARM-09,OP-039,Michael Williams,4.0,FLD-004,Sunny Field,103.14,10.0,57.7,None,0.0,None,0.48,Medium
LOG-01144,2024-01-20,EQ-098,Harvester,2021-06-29,FARM-10,OP-036,Jessica Anderson,14.0,,River Field,258.49,5.9,38.9,None,0.0,None,0.08,Low
LOG-00398,2022-07-02,EQ-098,Harvester,2021-06-29,,OP-012,Daniel Wilson,,FLD-011,South Field,362.68,3.4,14.0,None,0.0,None,,Medium
LOG-06446,2022-05-24,EQ-056,Tractor,2023-07-13,FARM-09,OP-042,Daniel Garcia,10.0,FLD-010,Hill Field,315.35,11.0,68.1,None,0.0,None,0.71,High
LOG-05303,"December 14, 2024",EQ-077,Sprayer,2023-12-24,FARM-02,OP-006,John Davis,20.0,FLD-006,North Field,264.76,11.6,60.5,None,0.0,None,0.48,Medium
LOG-00787,2023-09-22,EQ-089,Planter,2016-09-26,FARM-04,OP-010,Robert Anderson,8.0,FLD-008,West Field,188.47,2.4,8.8,Routine,1051.69,None,0.78,High
LOG-06136,2023-11-26,EQ-023,Harvester,2022-07-08,FARM-05,OP-047,Charles Hernandez,18.0,FLD-010,Hill Field,315.35,9.8,55.7,None,0.0,None,0.71,High
LOG-04675,2022-04-01,EQ-025,Harvester,2016-10-31,FARM-08,OP-006,John Davis,20.0,FLD-014,River Field,281.66,1.0,4.3,Routine,1370.03,None,0.48,Medium
LOG-01399,2022-02-13,EQ-078,Harvester,2017-02-23,FARM-04,OP-035,Sarah Wilson,6.0,FLD-001,Sunny Field,222.94,9.8,33.8,None,0.0,None,0.9,High
LOG-01660,"November 22, 2022",EQ-082,Tractor,2015-07-27,FARM-09,OP-008,,9.0,FLD-004,Sunny Field,103.14,10.9,59.3,Inspection,524.7,,0.93,High
LOG-04317,2024-01-25,EQ-046,Harvester,2020-02-02,FARM-01,OP-008,James Rodriguez,9.0,FLD-007,Golden Field,346.56,5.4,39.3,None,0.0,None,0.57,Medium
LOG-05078,2022-04-06,EQ-061,,2022-07-14,FARM-06,OP-041,Chloe Brown,7.0,FLD-005,North Field,357.3,6.8,25.6,None,0.0,None,0.03,Low
LOG-03135,2022-07-05,EQ-089,Planter,2016-09-26,FARM-04,OP-040,Charles Wilson,2.0,FLD-020,,220.65,5.9,20.6,None,0.0,None,0.16,Low
LOG-03790,2023-09-18,EQ-071,Planter,2017-09-22,FARM-08,OP-015,Laura Anderson,4.0,FLD-001,Sunny Field,222.94,9.3,49.6,None,0.0,None,0.44,Medium
LOG-03399,2022-01-04,EQ-079,Planter,2016-07-28,FARM-07,OP-042,Daniel Garcia,10.0,FLD-007,Golden Field,346.56,9.4,58.4,None,0.0,None,0.37,Medium
LOG-02221,2022-12-03,EQ-092,Tractor,,FARM-10,OP-027,Emily Johnson,5.0,FLD-009,South Field,474.95,8.0,41.0,Repair,210.82,Belt,0.06,Low
LOG-00980,2022-09-25,EQ-009,Sprayer,2015-01-27,FARM-03,OP-008,James Rodriguez,9.0,FLD-005,North Field,357.3,9.7,,None,0.0,None,0.38,
LOG-02332,2022/01/21,EQ-074,Sprayer,2019-10-01,FARM-07,OP-039,Michael Williams,4.0,FLD-007,Golden Field,346.56,8.4,56.1,None,0.0,None,,Low
LOG-03785,2024-06-30,EQ-006,Harvester,2017-08-10,FARM-09,OP-015,Laura Anderson,4.0,FLD-003,Golden Field,66.67,4.0,23.8,None,0.0,None,0.03,Low
LOG-01299,2023-05-12,EQ-018,Tractor,2015-07-07,FARM-04,OP-040,Charles Wilson,2.0,FLD-010,Hill Field,315.35,7.4,36.0,None,0.0,None,,High
LOG-05689,2023-09-03,EQ-080,Harvester,2018-02-14,FARM-08,OP-045,Michael Wilson,3.0,FLD-009,South Field,474.95,3.2,24.4,None,0.0,None,0.38,
LOG-04609,2024-10-23,EQ-050,Harvester,2021-01-18,FARM-09,OP-014,John Hernandez,18.0,FLD-004,Sunny Field,103.14,9.4,36.7,,272.27,None,0.58,Medium
LOG-06038,2022/04/06,EQ-081,Harvester,2015-11-05,FARM-08,OP-040,Charles Wilson,2.0,FLD-018,River Field,208.98,6.9,36.3,Inspection,1350.87,None,0.26,Low
LOG-03694,2024-04-17,EQ-016,Sprayer,2022-01-18,FARM-10,OP-039,Michael Williams,4.0,FLD-008,West Field,188.47,1.1,3.8,None,0.0,None,0.92,High
LOG-00083,2024/01/05,EQ-088,Planter,2018-03-14,FARM-07,OP-024,William Gonzalez,5.0,FLD-018,River Field,208.98,1.7,7.4,None,0.0,None,0.94,High
LOG-01968,2022-04-28,EQ-069,Harvester,2018-02-14,FARM-08,OP-042,Daniel Garcia,10.0,FLD-012,River Field,258.49,9.7,65.4,None,0.0,None,0.71,High
LOG-04419,2023-01-10,EQ-099,Tractor,2021-12-11,FARM-02,OP-016,David Jones,4.0,FLD-019,North Field,158.9,5.9,37.6,None,0.0,None,0.04,Low
LOG-05470,2022-12-27,EQ-098,Harvester,2021-06-29,FARM-10,OP-049,Michael Williams,,FLD-013,Valley Field,169.83,8.0,50.8,None,0.0,None,0.02,Low
LOG-04692,2023-05-08,EQ-042,,2020-12-07,FARM-05,OP-026,,1.0,FLD-012,River Field,258.49,4.7,,None,0.0,None,0.47,Medium
LOG-05506,2024-09-03,EQ-050,Harvester,2021-01-18,FARM-09,OP-007,Emily Johnson,18.0,FLD-004,Sunny Field,103.14,9.4,60.4,None,0.0,None,0.28,Low
LOG-05311,2024-09-04,EQ-029,Sprayer,2019-07-02,FARM-05,OP-006,John Davis,20.0,FLD-008,West Field,188.47,1.6,5.2,None,0.0,None,0.07,Low
LOG-02904,2024/02/06,EQ-047,,2020-08-12,FARM-03,OP-002,James Hernandez,11.0,FLD-003,Golden Field,66.67,11.5,73.7,Routine,384.08,,0.72,High
LOG-00424,2024-09-26,EQ-094,Harvester,2015-08-21,FARM-09,OP-009,David Anderson,12.0,FLD-016,Valley Field,341.89,2.2,11.1,Routine,429.34,None,0.32,Medium
LOG-06059,2024/01/28,EQ-055,Tractor,2015-12-17,FARM-08,OP-035,Sarah Wilson,6.0,FLD-005,North Field,357.3,-7.1,27.9,Routine,435.34,None,0.91,High
LOG-01905,2022-08-01,EQ-050,Harvester,2021-01-18,FARM-09,OP-049,Michael Williams,19.0,FLD-014,River Field,281.66,9.9,68.1,None,0.0,None,0.17,Low
LOG-06344,"December 16, 2022",EQ-008,Planter,2017-06-21,FARM-08,OP-022,Robert Hernandez,14.0,FLD-016,Valley Field,341.89,4.7,33.1,Routine,373.69,None,0.25,Low
LOG-01531,2023-07-18,EQ-069,Harvester,2018-02-14,FARM-08,OP-016,David Jones,4.0,FLD-011,South Field,362.68,8.5,46.9,None,0.0,None,0.12,Low
LOG-03918,2023-05-05,EQ-085,Planter,2017-05-25,FARM-07,OP-028,Alice Wilson,12.0,FLD-006,North Field,264.76,8.5,36.6,None,0.0,None,0.83,High
LOG-04959,2023-05-18,EQ-042,Planter,2020-12-07,FARM-05,OP-033,Emily Garcia,18.0,FLD-007,Golden Field,346.56,4.4,34.4,None,0.0,None,0.37,Medium
LOG-01566,2022-01-15,EQ-015,Tractor,2019-03-31,FARM-02,OP-030,Alice Jones,12.0,FLD-001,Sunny Field,222.94,5.2,26.5,None,0.0,None,0.11,Low
LOG-05168,2022-06-02,EQ-087,Tractor,2019-05-19,FARM-05,OP-014,John Hernandez,18.0,FLD-015,West Field,216.02,11.2,59.9,None,0.0,None,0.71,High
LOG-03619,2024-06-08,EQ-094,Harvester,2015-08-21,FARM-09,OP-029,David Miller,5.0,FLD-008,West Field,188.47,8.8,46.7,,,None,0.3,Medium
LOG-02750,2022-01-10,EQ-099,Tractor,2021-12-11,FARM-02,OP-015,Laura Anderson,4.0,FLD-001,Sunny Field,222.94,7.3,27.7,None,0.0,None,0.53,Medium
LOG-00840,2024-05-11,EQ-065,,2021-08-07,FARM-04,,Daniel Garcia,3.0,FLD-012,River Field,258.49,7.6,53.7,None,0.0,None,0.45,Medium
LOG-00501,2023-06-06,EQ-013,Tractor,2019-01-10,FARM-06,OP-028,Alice Wilson,12.0,FLD-005,North Field,357.3,6.2,25.8,None,0.0,None,0.29,
LOG-04326,"March 20, 2023",EQ-072,Planter,2017-02-18,FARM-02,OP-031,Alice Anderson,12.0,FLD-018,River Field,208.98,1.4,8.7,None,,None,0.52,Medium
LOG-00142,2022-05-19,EQ-096,Tractor,2022-07-28,FARM-04,OP-002,James Hernandez,11.0,FLD-012,River Field,258.49,4.8,32.0,None,0.0,None,0.77,High
LOG-05778,2022-07-26,EQ-054,Tractor,2017-09-13,FARM-10,OP-048,William Smith,,FLD-010,Hill Field,315.35,4.2,31.2,None,0.0,None,0.6,
LOG-02606,2022-08-12,EQ-022,Harvester,2019-02-25,FARM-06,OP-011,Sophia Jones,6.0,FLD-003,Golden Field,66.67,3.2,22.6,None,0.0,None,0.74,High
LOG-05759,2022-12-03,EQ-059,Plntr,2017-05-17,FARM-09,,Grace Martinez,5.0,FLD-018,,208.98,1.8,6.5,Repair,136.95,Belt,0.8,High
LOG-01378,2023-03-08,EQ-023,Harvester,2022-07-08,FARM-05,OP-010,Robert Anderson,8.0,FLD-002,Hill Field,223.83,5.7,25.0,None,0.0,None,0.32,Medium
LOG-03675,2024-01-31,EQ-021,Planter,2022-02-16,FARM-06,OP-027,Emily Johnson,5.0,FLD-004,Sunny Field,103.14,4.1,22.1,Inspection,1285.57,None,0.15,Low
LOG-05435,2023-07-16,EQ-082,Tractor,2015-07-27,FARM-09,OP-041,Chloe Brown,7.0,FLD-013,Valley Field,,11.0,59.4,None,0.0,None,0.78,
LOG-01166,2024-10-04,EQ-088,Planter,2018-03-14,FARM-07,OP-025,Michael Williams,15.0,FLD-004,,103.14,2.9,10.3,Repair,1435.98,Engine,0.08,Low
LOG-02267,2022-06-02,EQ-043,Tractor,2022-08-18,FARM-02,OP-033,Emily Garcia,18.0,FLD-019,North Field,158.9,5.9,41.6,None,0.0,None,0.91,High
LOG-03323,2024-02-19,EQ-084,Harvester,2019-07-23,FARM-08,OP-046,Michael Garcia,17.0,FLD-010,Hill Field,315.35,11.6,52.3,None,0.0,None,0.88,High
LOG-06265,2023-02-14,EQ-006,Harvester,2017-08-10,FARM-09,OP-014,John Hernandez,18.0,,Hill Field,315.35,9.7,56.2,None,0.0,None,0.21,Low
LOG-03809,2024-09-28,EQ-028,Tractor,2017-07-27,FARM-01,OP-020,James Hernandez,9.0,FLD-002,Hill Field,223.83,10.3,66.6,Routine,692.14,None,0.67,Medium
LOG-01139,2022-09-24,EQ-086,Tractor,2016-11-05,FARM-07,OP-001,William Anderson,9.0,FLD-018,River Field,208.98,4.6,30.8,None,0.0,None,0.77,High
LOG-02258,2024-03-06,EQ-080,Harvester,2018-02-14,FARM-08,OP-026,Grace Rodriguez,1.0,FLD-006,North Field,264.76,7.7,53.3,None,0.0,None,0.54,Medium
LOG-06106,2024-05-09,,Sprayer,2017-06-10,FARM-01,OP-002,,11.0,FLD-004,Sunny Field,103.14,6.0,42.8,None,0.0,None,0.37,Medium
LOG-00845,2022-02-17,,Sprayer,2019-10-01,FARM-07,OP-015,Laura Anderson,4.0,FLD-001,Sunny Field,222.94,11.2,6980.0,None,0.0,None,0.9,High
LOG-01788,22-09-2024,EQ-010,Planter,2018-10-25,FARM-05,OP-013,Laura Martinez,17.0,FLD-016,Valley Field,341.89,3.7,18.3,None,0.0,None,0.65,Medium
LOG-03939,2022/01/17,EQ-042,Planter,2020-12-07,FARM-05,OP-020,James Hernandez,9.0,FLD-014,River Field,281.66,1.9,14.3,Routine,1451.48,None,0.12,Low
LOG-05260,2022-01-11,EQ-074,Sprayer,2019-10-01,FARM-07,OP-020,James Hernandez,9.0,FLD-001,Sunny Field,222.94,7.3,33.2,None,0.0,None,0.76,High
LOG-00551,2022-06-12,EQ-049,Harvester,2016-09-18,,OP-015,,4.0,FLD-009,South Field,474.95,5.6,23.5,None,0.0,None,,High
LOG-05543,"December 27, 2022",EQ-084,Harvester,2019-07-23,FARM-08,OP-049,Michael Williams,19.0,FLD-014,River Field,281.66,4.5,14.3,None,0.0,None,0.61,Medium
LOG-00460,2024/11/19,EQ-067,Harvester,2015-10-04,FARM-01,OP-050,Michael Smith,4.0,FLD-012,River Field,258.49,9.8,51.2,Routine,1352.51,None,0.2,Low
LOG-02020,"May 24, 2023",EQ-050,Harvester,2021-01-18,FARM-09,OP-041,Chloe Brown,7.0,FLD-019,North Field,158.9,2.6,15.1,None,0.0,None,0.77,High
LOG-04650,2023-06-07,EQ-081,Harvester,2015-11-05,FARM-08,OP-002,James Hernandez,11.0,FLD-006,North Field,264.76,1.3,9.2,None,0.0,None,0.5,Medium
LOG-06394,2022-07-08,EQ-029,Sprayer,2019-07-02,FARM-05,OP-005,Daniel Garcia,3.0,FLD-014,River Field,281.66,4.3,20.5,None,0.0,None,0.84,High
LOG-00949,"January 28, 2023",EQ-098,Harvester,,FARM-10,OP-018,David Jones,10.0,FLD-012,River Field,,2.0,12.1,None,0.0,None,0.71,High
LOG-03701,2023-08-30,EQ-050,Harvester,2021-01-18,FARM-09,OP-030,Alice Jones,12.0,FLD-004,Sunny Field,103.14,8.3,45.8,None,0.0,None,,Low
LOG-01337,04-04-2022,EQ-097,Planter,2016-05-06,FARM-10,OP-035,Sarah Wilson,6.0,FLD-019,North Field,158.9,11.9,36.6,None,0.0,None,0.81,High
LOG-06054,12-03-2024,EQ-015,Tractor,2019-03-31,FARM-02,,John Hernandez,18.0,FLD-004,,103.14,10.9,48.9,None,0.0,None,0.2,Low
LOG-00533,07-09-2023,EQ-093,Planter,2020-08-21,FARM-09,OP-021,Chloe Jones,2.0,FLD-016,Valley Field,341.89,3.8,27.7,,193.51,None,0.17,Low
LOG-03263,2023-04-14,,Planter,2018-01-10,FARM-09,OP-019,James Lopez,11.0,FLD-018,,208.98,8.3,63.4,None,0.0,None,,High
LOG-04636,2023-02-05,EQ-033,Harvester,2017-12-20,FARM-03,OP-002,James Hernandez,11.0,FLD-014,River Field,281.66,10.3,58.4,Routine,946.03,None,0.05,Low
LOG-01830,15-05-2023,EQ-077,Sprayer,2023-12-24,FARM-02,OP-031,Alice Anderson,12.0,FLD-001,Sunny Field,222.94,,26.9,None,0.0,None,0.03,Low
LOG-06533,2024-06-21,EQ-030,Tractor,2017-05-14,FARM-10,OP-014,John Hernandez,18.0,FLD-013,,169.83,10.4,56.5,None,0.0,None,0.84,High
LOG-06174,2024/02/20,,Sprayr,,FARM-04,OP-008,James Rodriguez,9.0,FLD-010,Hill Field,315.35,1.9,9.4,None,0.0,None,0.75,High
LOG-05569,2024-09-05,EQ-020,Tractor,2019-04-06,FARM-05,OP-019,James Lopez,11.0,FLD-001,Sunny Field,222.94,4.4,,None,0.0,None,0.57,Medium
LOG-05408,2024-06-06,EQ-079,Planter,2016-07-28,FARM-07,OP-018,David Jones,10.0,FLD-002,Hill Field,223.83,8.3,29.0,None,0.0,None,0.26,Low
LOG-01603,2024-11-06,EQ-094,Harvester,2015-08-21,FARM-09,OP-018,David Jones,10.0,FLD-009,South Field,474.95,4.6,29.1,None,0.0,None,0.36,Medium
LOG-02239,2024-05-21,EQ-069,Harvester,2018-02-14,FARM-08,OP-048,William Smith,4.0,FLD-013,Valley Field,169.83,11.9,67.1,None,0.0,None,,High
LOG-00640,13-10-2024,,Harvester,2018-02-14,FARM-08,OP-023,Michael Smith,1.0,FLD-005,North Field,357.3,6.7,41.3,None,0.0,None,0.19,Low
LOG-05527,2023/03/22,EQ-047,Sprayer,2020-08-12,FARM-03,OP-033,Emily Garcia,18.0,FLD-015,West Field,216.02,5.2,29.2,None,0.0,None,0.54,Medium
LOG-03831,2024-07-25,EQ-040,Planter,2021-09-08,FARM-02,OP-040,Charles Wilson,2.0,FLD-002,Hill Field,223.83,5.8,31.2,Inspection,216.03,None,0.19,Low
LOG-04820,2024-01-07,EQ-020,Tractor,2019-04-06,FARM-05,OP-016,,4.0,FLD-010,Hill Field,315.35,2.5,17.1,None,0.0,None,0.34,Medium
LOG-06252,2022/10/29,EQ-052,Plntr,2015-03-21,FARM-02,OP-030,Alice Jones,12.0,FLD-013,Valley Field,169.83,4.4,16.3,None,0.0,None,0.36,Medium
LOG-01071,2023-04-03,,Planter,2017-02-18,FARM-02,OP-028,Alice Wilson,12.0,FLD-008,West Field,188.47,3.9,17.4,Repair,543.34,,0.93,High
LOG-00156,2024-11-26,EQ-095,Tractor,2017-01-31,FARM-02,OP-012,Daniel Wilson,18.0,FLD-016,Valley Field,341.89,5.3,30.8,None,0.0,None,0.27,Low
LOG-02296,2023/10/05,EQ-018,Tractor,2015-07-07,FARM-04,OP-012,Daniel Wilson,18.0,FLD-015,West Field,216.02,9.6,72.0,None,0.0,None,0.95,High
LOG-06025,2024-09-07,EQ-072,Planter,2017-02-18,FARM-02,OP-031,Alice Anderson,12.0,FLD-016,Valley Field,341.89,5.2,22.4,Repair,481.61,Tire,0.76,High
LOG-01090,2023-09-04,EQ-062,Planter,2020-10-20,FARM-08,OP-042,Daniel Garcia,10.0,FLD-014,River Field,281.66,7.3,25.5,Routine,1367.88,None,0.79,High
LOG-02941,,EQ-082,Tractor,2015-07-27,FARM-09,OP-011,Sophia Jones,6.0,FLD-011,South Field,362.68,8.9,59.9,None,0.0,None,,Low
LOG-05915,2023-04-10,EQ-073,Tractor,2022-05-23,FARM-07,OP-015,Laura Anderson,4.0,FLD-019,North Field,158.9,11.0,71.4,None,0.0,None,0.28,Low
LOG-00931,2023-10-19,,Harvester,2016-06-09,FARM-08,OP-006,John Davis,20.0,FLD-018,River Field,208.98,5.4,17.4,None,0.0,None,0.03,Low
LOG-02910,2024-05-29,,Planter,2015-03-21,FARM-02,OP-038,Grace Gonzalez,8.0,FLD-007,Golden Field,346.56,4.6,34.2,None,0.0,None,0.2,Low
LOG-04488,2024-12-12,EQ-022,Harvester,,FARM-06,OP-013,Laura Martinez,17.0,FLD-001,Sunny Field,222.94,6.9,48.1,None,0.0,None,0.88,High
LOG-06417,2024/01/21,EQ-045,Tractor,2018-04-17,FARM-07,OP-029,David Miller,5.0,FLD-002,Hill Field,223.83,3.2,12.5,None,0.0,None,0.25,Low
LOG-03248,2024-03-04,EQ-099,Tractor,2021-12-11,FARM-02,OP-029,David Miller,5.0,FLD-004,Sunny Field,103.14,4.6,26.5,Inspection,151.46,None,0.82,High
LOG-06351,2022-09-29,EQ-075,Planter,2023-03-06,FARM-01,,Chloe Jones,2.0,FLD-001,Sunny Field,222.94,10.0,34.1,None,0.0,None,0.29,Low
LOG-05184,2022-08-04,EQ-055,Tractor,2015-12-17,FARM-08,OP-048,William Smith,4.0,FLD-008,West Field,188.47,9.3,28.5,None,0.0,None,0.6,Medium
LOG-06040,2023-12-01,,Planter,2020-10-20,FARM-08,OP-035,Sarah Wilson,6.0,FLD-003,Golden Field,66.67,10.8,39.0,None,0.0,None,0.16,Low
LOG-06518,2023-01-09,EQ-063,Tractor,2017-10-12,FARM-04,OP-044,James Miller,11.0,FLD-014,River Field,281.66,9.6,45.3,None,0.0,None,0.94,High
LOG-01699,2023-11-19,EQ-087,Tractor,2019-05-19,FARM-05,,David Jones,10.0,FLD-013,Valley Field,169.83,5.0,27.8,None,0.0,None,0.43,Medium
LOG-06581,2023-07-13,EQ-068,,2015-10-18,FARM-09,OP-044,James Miller,11.0,FLD-014,River Field,281.66,2.2,11.7,None,0.0,None,0.6,Medium
LOG-05907,2022-05-22,EQ-093,Planter,2020-08-21,FARM-09,OP-011,Sophia Jones,6.0,FLD-014,River Field,281.66,6.4,,None,0.0,None,0.43,Medium
LOG-05973,2024-10-31,EQ-007,Tractor,2021-04-17,FARM-04,OP-045,Michael Wilson,3.0,FLD-019,North Field,158.9,10.1,48.0,None,0.0,None,0.37,Medium
LOG-03832,2023-05-02,EQ-010,Planter,2018-10-25,FARM-05,OP-036,Jessica Anderson,14.0,FLD-007,Golden Field,346.56,9.3,65.9,None,0.0,None,0.63,
LOG-06372,2023-09-25,EQ-041,Planter,2019-04-13,FARM-10,OP-022,Robert Hernandez,14.0,,Golden Field,346.56,3.2,14.1,None,0.0,None,0.71,High
LOG-06362,2023-02-21,EQ-041,Planter,2019-04-13,FARM-10,OP-049,Michael Williams,19.0,FLD-001,Sunny Field,222.94,10.4,66.4,None,0.0,None,,Low
LOG-00986,2023-02-20,EQ-005,Tractor,2015-05-03,FARM-02,OP-014,John Hernandez,18.0,FLD-008,West Field,188.47,6.0,25.0,None,0.0,None,0.43,Medium
LOG-01822,2022-11-25,EQ-070,Harvester,2021-01-17,FARM-03,OP-040,Charles Wilson,,FLD-001,Sunny Field,222.94,2.0,13.4,None,0.0,None,0.27,Low
LOG-00588,2022-09-04,EQ-045,Tractor,2018-04-17,FARM-07,OP-028,Alice Wilson,12.0,FLD-014,River Field,281.66,10.6,43.8,None,0.0,None,0.6,Medium
LOG-06675,2023-02-05,EQ-060,Harvester,2022-12-30,FARM-05,OP-046,Michael Garcia,17.0,FLD-006,,264.76,8.2,25.6,None,0.0,None,0.04,Low
LOG-05605,2022-01-31,EQ-006,Harvester,2017-08-10,FARM-09,OP-022,Robert Hernandez,14.0,FLD-007,Golden Field,346.56,11.7,63.7,None,0.0,None,0.73,High
LOG-06367,2023-04-09,EQ-070,Harvester,2021-01-17,FARM-03,OP-012,Daniel Wilson,18.0,FLD-014,River Field,281.66,2.8,9.6,None,0.0,None,0.79,High
LOG-03937,2023-12-26,EQ-047,Sprayer,,FARM-03,OP-046,Michael Garcia,17.0,,North Field,,6.3,28.9,None,0.0,None,0.7,High
LOG-04428,2023-08-22,EQ-020,Tractor,2019-04-06,FARM-05,OP-028,Alice Wilson,12.0,FLD-005,North Field,357.3,4.3,33.3,None,0.0,None,0.69,Medium
LOG-05550,"June 05, 2022",EQ-100,Planter,2022-05-16,FARM-10,OP-005,Daniel Garcia,3.0,FLD-019,,158.9,8.5,46.9,None,0.0,None,0.24,Low
LOG-03558,2023-07-20,EQ-066,Tractor,2015-10-18,FARM-01,,Alice Jones,,FLD-012,River Field,258.49,6.7,24.8,None,0.0,None,0.6,Medium
LOG-01396,2023-10-24,EQ-053,Sprayer,2018-06-13,FARM-04,OP-004,David Hernandez,10.0,FLD-018,River Field,208.98,3.9,17.9,None,0.0,None,0.44,Medium
LOG-00265,2024-09-08,EQ-010,Planter,2018-10-25,FARM-05,OP-029,David Miller,5.0,FLD-020,West Field,220.65,7.4,42.0,None,0.0,None,0.86,High
LOG-03548,2022-05-15,,Planter,2020-10-20,FARM-08,OP-027,Emily Johnson,5.0,FLD-016,Valley Field,341.89,8.0,31.4,Routine,263.56,None,0.29,Low
LOG-04960,2024/08/28,EQ-082,Tractor,2015-07-27,,OP-018,David Jones,10.0,,North Field,357.3,6.7,31.9,None,0.0,None,0.51,Medium
LOG-06384,2022-05-02,EQ-060,Harvester,2022-12-30,FARM-05,OP-029,David Miller,5.0,FLD-013,Valley Field,169.83,2.3,16.9,None,0.0,None,0.39,Medium
LOG-04926,"February 28, 2024",EQ-057,Harvester,2016-06-09,FARM-08,OP-036,,14.0,FLD-018,River Field,208.98,4.3,20.0,None,0.0,None,0.41,Medium
LOG-03865,2024-06-28,EQ-079,Planter,2016-07-28,FARM-07,OP-050,Michael Smith,4.0,FLD-008,West Field,188.47,9.7,67.7,None,0.0,None,0.57,Medium
LOG-05805,2023-04-08,EQ-067,Harvester,2015-10-04,FARM-01,OP-020,James Hernandez,9.0,FLD-004,Sunny Field,103.14,7.0,29.7,Inspection,681.78,None,0.5,Medium
LOG-02401,2022-10-08,EQ-008,Planter,2017-06-21,FARM-08,OP-031,Alice Anderson,12.0,FLD-001,Sunny Field,222.94,1.2,4.6,None,0.0,None,,Medium
LOG-05050,2022-07-31,EQ-017,Sprayer,2021-06-22,FARM-04,OP-043,Sarah Brown,1.0,FLD-016,Valley Field,341.89,11.8,46.5,None,0.0,None,0.93,High
LOG-03712,2024-11-07,EQ-067,Harvester,2015-10-04,FARM-01,OP-038,Grace Gonzalez,8.0,FLD-009,South Field,474.95,3.8,12.7,Routine,991.97,None,0.41,Medium
LOG-00247,2022/06/07,EQ-097,Planter,2016-05-06,FARM-10,OP-046,Michael Garcia,17.0,,Valley Field,169.83,4.3,25.0,None,0.0,None,0.84,High
LOG-01595,08-05-2024,EQ-032,Planter,,FARM-08,OP-026,Grace Rodriguez,1.0,FLD-006,North Field,264.76,5.3,21.0,None,0.0,None,,Low
LOG-00609,2024-05-04,EQ-081,Harvester,2015-11-05,FARM-08,OP-044,James Miller,11.0,FLD-008,West Field,188.47,3.6,13.5,None,0.0,None,0.9,High
LOG-04718,2023-10-18,EQ-037,Sprayer,2017-06-17,FARM-03,OP-046,Michael Garcia,17.0,FLD-004,Sunny Field,103.14,8.0,28.9,None,0.0,None,,Medium
LOG-00924,2024-07-15,EQ-062,Planter,2020-10-20,FARM-08,OP-037,,11.0,,,315.35,10.9,75.3,None,0.0,None,0.72,High
LOG-04310,2023-03-28,EQ-016,Sprayer,2022-01-18,FARM-10,OP-002,James Hernandez,11.0,FLD-020,West Field,220.65,5.8,17.5,None,0.0,None,0.59,Medium
LOG-00670,2024-08-06,EQ-063,Tractor,2017-10-12,FARM-04,OP-008,James Rodriguez,9.0,FLD-019,North Field,158.9,4.6,16.0,None,0.0,None,0.31,Medium
LOG-03605,,EQ-046,Harvester,2020-02-02,FARM-01,OP-011,Sophia Jones,6.0,FLD-013,Valley Field,169.83,3.8,14.6,Routine,1308.2,None,0.4,
LOG-01911,2023-05-19,EQ-005,Tractor,2015-05-03,FARM-02,OP-041,Chloe Brown,7.0,FLD-011,South Field,362.68,4.4,31.3,,0.0,None,0.85,High
LOG-04865,2024-12-10,EQ-094,Harvester,2015-08-21,FARM-09,OP-036,Jessica Anderson,14.0,FLD-012,River Field,258.49,1.2,4.9,Routine,645.79,None,0.26,Low
LOG-03959,2024-12-06,EQ-064,Tractor,2018-10-16,FARM-01,OP-007,Emily Johnson,18.0,FLD-011,South Field,362.68,10.0,69.1,,0.0,None,0.86,High
LOG-02697,"June 06, 2022",EQ-015,Tractor,2019-03-31,FARM-02,OP-009,David Anderson,12.0,FLD-018,River Field,208.98,11.0,82.9,None,0.0,None,0.11,Low
LOG-02592,"January 17, 2023",EQ-082,Tractor,,FARM-09,OP-027,Emily Johnson,5.0,FLD-001,Sunny Field,222.94,7.0,34.9,None,0.0,None,0.78,High
LOG-01782,2024-08-30,EQ-063,,2017-10-12,FARM-04,,Michael Williams,19.0,FLD-003,Golden Field,66.67,3.8,13.1,None,0.0,None,0.82,High
LOG-03014,2023-07-15,EQ-013,Tractor,2019-01-10,FARM-06,OP-015,Laura Anderson,4.0,FLD-010,Hill Field,315.35,8.3,40.9,None,0.0,None,0.7,High
LOG-02308,2022-09-14,EQ-062,Planter,2020-10-20,FARM-08,OP-033,Emily Garcia,18.0,FLD-009,South Field,474.95,8.9,69.3,None,0.0,None,0.57,Medium
LOG-04167,2024-01-16,EQ-087,Tractor,2019-05-19,FARM-05,OP-012,Daniel Wilson,18.0,FLD-002,Hill Field,223.83,6.6,32.6,None,0.0,None,0.97,High
LOG-03691,2024-03-15,EQ-020,Tractor,2019-04-06,FARM-05,OP-017,Emily Lopez,18.0,FLD-018,River Field,208.98,3.1,10.4,None,0.0,None,0.24,Low
LOG-00688,"September 15, 2023",EQ-005,Tractor,2015-05-03,FARM-02,OP-045,Michael Wilson,3.0,FLD-020,West Field,220.65,9.0,52.4,Routine,736.08,None,0.18,Low
LOG-00613,2024-04-22,EQ-098,Harvester,2021-06-29,FARM-10,OP-021,Chloe Jones,2.0,FLD-014,River Field,281.66,4.3,28.9,None,0.0,None,,Medium
LOG-03201,2022-09-15,EQ-008,Planter,2017-06-21,FARM-08,OP-011,Sophia Jones,6.0,FLD-011,South Field,362.68,10.6,51.4,None,0.0,None,0.11,Low
LOG-02268,2023-06-30,EQ-034,Harvester,2023-05-10,FARM-09,OP-047,Charles Hernandez,18.0,FLD-012,River Field,258.49,11.1,39.1,None,0.0,None,0.68,Medium
LOG-06710,2022-12-27,EQ-073,Tractor,2022-05-23,FARM-07,OP-030,Alice Jones,12.0,FLD-008,West Field,188.47,3.2,18.4,None,0.0,None,0.34,Medium
LOG-06467,2022-06-29,EQ-095,Tractor,2017-01-31,FARM-02,OP-015,Laura Anderson,4.0,FLD-004,Sunny Field,103.14,4.4,14.9,Routine,542.57,None,0.85,High
LOG-01899,2022-11-28,EQ-086,Tractor,2016-11-05,FARM-07,OP-017,Emily Lopez,18.0,FLD-014,River Field,281.66,11.0,44.2,Inspection,191.53,None,0.92,High
LOG-04412,2023-04-03,EQ-011,Harvester,2017-05-31,FARM-06,OP-035,Sarah Wilson,6.0,FLD-019,North Field,158.9,7.8,48.5,None,0.0,None,0.05,Low
LOG-00259,2023-11-17,EQ-049,Harvester,2016-09-18,FARM-06,OP-022,Robert Hernandez,14.0,FLD-015,West Field,216.02,5.7,40.6,None,0.0,None,0.59,Medium
LOG-02925,2024-07-09,EQ-020,Tractor,2019-04-06,FARM-05,OP-009,David Anderson,12.0,FLD-016,Valley Field,341.89,6.1,25.0,None,0.0,None,0.42,Medium
LOG-02823,2024-12-14,EQ-099,Tractor,2021-12-11,FARM-02,OP-019,James Lopez,,FLD-010,Hill Field,315.35,4.6,35.6,None,0.0,None,0.03,Low
LOG-03340,2022/12/31,EQ-047,Sprayer,,FARM-03,OP-023,Michael Smith,1.0,FLD-015,West Field,,9.2,62.3,Repair,915.19,None,0.41,Medium
LOG-03526,2024-01-24,EQ-055,Tractor,2015-12-17,FARM-08,OP-032,James Hernandez,8.0,FLD-008,West Field,188.47,10.7,74.7,None,0.0,None,0.59,Medium
LOG-02286,2022-05-04,EQ-020,Tractor,2019-04-06,FARM-05,OP-027,Emily Johnson,5.0,FLD-017,,311.6,5.5,24.0,None,0.0,None,0.05,Low
LOG-00485,2024-11-26,EQ-030,Tractor,2017-05-14,FARM-10,OP-003,Sarah Jones,13.0,FLD-007,Golden Field,346.56,11.0,52.9,None,0.0,None,0.46,Medium
LOG-02212,2023/03/29,EQ-058,Harvester,2017-12-21,FARM-09,OP-020,James Hernandez,9.0,FLD-011,South Field,362.68,3.1,17.1,None,0.0,None,0.43,Medium
LOG-04318,2023-08-02,EQ-095,Tractor,2017-01-31,FARM-02,OP-043,Sarah Brown,1.0,FLD-015,West Field,216.02,9.0,62.2,None,,None,0.35,Medium
LOG-02556,2022-10-21,,Tractor,2015-09-06,FARM-07,OP-004,David Hernandez,10.0,FLD-006,North Field,,1.8,12.1,None,0.0,None,0.54,Medium
LOG-00008,2024-07-02,EQ-065,Harvester,2021-08-07,FARM-04,OP-028,Alice Wilson,12.0,FLD-018,River Field,208.98,10.9,73.2,,0.0,None,0.26,Low
LOG-03658,"March 19, 2022",EQ-004,Tractor,2021-08-15,FARM-07,OP-033,Emily Garcia,18.0,FLD-002,Hill Field,223.83,2.2,7.5,None,0.0,None,0.75,High
LOG-05927,2023/06/28,EQ-083,Tractor,2016-01-18,FARM-04,OP-033,Emily Garcia,18.0,FLD-001,Sunny Field,222.94,11.4,76.3,None,0.0,None,0.31,Medium
LOG-02427,2024-11-28,EQ-062,Planter,2020-10-20,FARM-08,OP-021,Chloe Jones,2.0,FLD-010,Hill Field,315.35,4.8,21.3,None,0.0,None,0.41,Medium
LOG-01815,"January 07, 2022",EQ-049,Harvester,2016-09-18,FARM-06,OP-036,Jessica Anderson,14.0,FLD-013,Valley Field,169.83,1.7,12.0,None,0.0,,0.5,Medium
LOG-02275,2022/01/13,EQ-070,Harvester,2021-01-17,FARM-03,OP-050,Michael Smith,4.0,FLD-012,River Field,258.49,6.3,20.8,None,0.0,None,0.56,
LOG-01012,07-10-2024,EQ-093,Planter,2020-08-21,FARM-09,OP-047,Charles Hernandez,18.0,FLD-007,Golden Field,346.56,5.5,37.5,Repair,584.66,Blade,0.11,Low
LOG-06668,17-02-2024,EQ-056,Tractor,2023-07-13,FARM-09,,James Miller,11.0,FLD-004,Sunny Field,103.14,8.5,38.2,Routine,1327.58,None,0.23,Low
LOG-01068,2023/06/12,EQ-099,Tractor,2021-12-11,FARM-02,OP-018,David Jones,10.0,FLD-008,West Field,188.47,8.3,64.4,None,0.0,None,0.66,Medium
LOG-01992,2022-10-17,EQ-016,Sprayer,2022-01-18,FARM-10,OP-026,Grace Rodriguez,1.0,FLD-008,,188.47,9.9,34.2,None,0.0,None,0.46,Medium
LOG-03971,2022-08-16,EQ-001,Tractor,2015-04-13,FARM-05,OP-033,Emily Garcia,18.0,FLD-004,Sunny Field,103.14,9.2,40.0,None,0.0,None,0.37,Medium
LOG-04962,2022-10-18,EQ-086,Tractor,2016-11-05,FARM-07,OP-039,Michael Williams,4.0,FLD-014,River Field,281.66,11.5,59.5,Inspection,397.99,None,0.54,Medium
LOG-03868,2024-12-02,EQ-085,Planter,,FARM-07,OP-003,Sarah Jones,,FLD-012,River Field,,4.3,28.5,None,0.0,None,0.09,Low
LOG-06239,2023-12-09,EQ-062,Planter,2020-10-20,FARM-08,OP-022,Robert Hernandez,14.0,FLD-010,Hill Field,315.35,5.8,41.1,None,0.0,None,0.58,Medium
LOG-03049,2023-06-05,,Tractor,2017-07-27,FARM-01,OP-011,,6.0,FLD-008,West Field,188.47,4.7,34.3,None,,None,0.34,Medium
LOG-00782,2022-07-16,EQ-039,Tractor,2016-09-18,FARM-03,OP-018,David Jones,10.0,FLD-012,River Field,,6.9,3279.9999999999995,Repair,248.58,Engine,0.38,Medium
LOG-06795,2024-03-24,EQ-044,Sprayer,2023-08-15,FARM-06,OP-041,Chloe Brown,7.0,,North Field,158.9,6.6,36.6,Routine,1187.66,None,0.95,High
LOG-01750,2024-11-14,EQ-058,Harvstr,2017-12-21,FARM-09,OP-002,James Hernandez,11.0,FLD-015,West Field,216.02,9.5,38.2,Repair,611.81,Filter,0.74,High
LOG-02792,2023-06-10,EQ-084,Harvester,2019-07-23,FARM-08,,Michael Smith,1.0,FLD-014,River Field,281.66,10.9,79.0,Repair,1321.42,Blade,0.24,Low
LOG-01092,2022-09-12,EQ-067,Harvester,2015-10-04,FARM-01,OP-038,Grace Gonzalez,8.0,FLD-018,River Field,208.98,9.3,37.5,None,0.0,None,0.12,Low
LOG-04818,2022-12-30,EQ-042,Planter,2020-12-07,FARM-05,OP-045,Michael Wilson,3.0,FLD-002,Hill Field,223.83,9.4,43.2,None,0.0,None,0.06,Low
LOG-05956,2024-12-02,EQ-083,Tractor,2016-01-18,FARM-04,OP-012,Daniel Wilson,18.0,FLD-017,East Field,311.6,5.9,44.2,None,0.0,None,0.34,Medium
LOG-05673,2024-03-03,EQ-038,Planter,2016-01-08,FARM-01,OP-014,John Hernandez,18.0,FLD-008,West Field,188.47,10.5,82.7,None,0.0,None,0.34,Medium
LOG-02609,2024-07-20,EQ-009,Sprayer,2015-01-27,FARM-03,OP-031,Alice Anderson,12.0,FLD-001,Sunny Field,222.94,3.8,16.1,Routine,1468.64,None,0.82,High
LOG-04557,"June 27, 2023",EQ-060,Harvester,2022-12-30,,OP-002,James Hernandez,11.0,FLD-005,North Field,357.3,4.0,18.0,None,0.0,None,0.09,Low
LOG-02291,2022-03-11,EQ-073,Tractor,2022-05-23,FARM-07,OP-012,Daniel Wilson,18.0,FLD-001,Sunny Field,222.94,6.9,32.2,,0.0,None,0.11,Low
LOG-01728,2024-02-26,EQ-041,Planter,2019-04-13,FARM-10,OP-033,Emily Garcia,18.0,FLD-004,Sunny Field,103.14,9.3,56.9,Routine,761.86,None,0.6,Medium
LOG-00611,2022-10-04,EQ-018,Tractor,2015-07-07,FARM-04,OP-020,,9.0,FLD-017,East Field,311.6,5.7,43.0,None,0.0,None,0.65,Medium
LOG-00344,2024-10-25,EQ-063,Tractor,2017-10-12,FARM-04,OP-023,Michael Smith,1.0,FLD-019,North Field,158.9,4.5,19.6,Routine,915.82,None,0.04,Low
LOG-05453,2023-02-04,EQ-076,,2015-09-06,FARM-07,OP-040,Charles Wilson,2.0,FLD-014,River Field,281.66,5.3,37.2,None,0.0,None,0.3,
LOG-03751,2023/11/15,EQ-064,Tractor,2018-10-16,FARM-01,OP-031,Alice Anderson,12.0,FLD-003,Golden Field,66.67,4.5,21.3,None,0.0,None,0.78,High
LOG-03216,2024-05-08,EQ-009,Sprayer,2015-01-27,FARM-03,OP-026,Grace Rodriguez,1.0,FLD-005,North Field,357.3,,6.1,Repair,555.54,None,0.71,High
LOG-00098,2023-08-13,EQ-055,Tractor,2015-12-17,FARM-08,OP-047,Charles Hernandez,18.0,FLD-002,Hill Field,223.83,7.6,36.2,None,0.0,None,0.22,
LOG-04380,23-05-2024,EQ-100,Planter,2022-05-16,FARM-10,,Alice Jones,12.0,FLD-018,River Field,208.98,6.7,36.1,None,0.0,None,0.91,High
LOG-01538,2023-12-26,EQ-019,Sprayer,2015-11-23,,OP-020,James Hernandez,9.0,FLD-011,South Field,362.68,10.1,46.2,None,0.0,None,0.56,Medium
LOG-03589,2022-04-10,EQ-044,Sprayer,2023-08-15,FARM-06,OP-016,David Jones,4.0,FLD-016,Valley Field,341.89,1.4,6.9,None,0.0,None,0.26,Low
LOG-03649,2023-04-22,EQ-012,Tractor,2016-01-15,FARM-07,OP-009,,12.0,FLD-011,South Field,362.68,6.6,46.6,None,0.0,,0.77,High
LOG-06131,2024-04-12,EQ-030,Tractor,2017-05-14,FARM-10,OP-014,John Hernandez,18.0,,Sunny Field,103.14,-10.8,83.7,None,0.0,None,0.41,Medium
LOG-01518,2024-09-20,EQ-067,Harvester,2015-10-04,FARM-01,OP-024,William Gonzalez,5.0,FLD-013,Valley Field,169.83,8.1,59.6,None,0.0,None,0.48,Medium
LOG-06153,2024-06-15,EQ-096,,2022-07-28,FARM-04,OP-018,David Jones,10.0,FLD-007,Golden Field,346.56,4.4,24.3,Repair,,Belt,0.13,Low
LOG-03670,2023/11/23,EQ-048,Tractor,2022-01-05,FARM-05,OP-005,Daniel Garcia,3.0,FLD-018,River Field,,9.4,70.2,Routine,491.27,None,0.43,Medium
LOG-02091,2024-11-03,EQ-054,Tractor,2017-09-13,FARM-10,OP-004,David Hernandez,10.0,FLD-011,South Field,362.68,5.6,37.9,None,0.0,None,0.28,Low
LOG-00573,2022-03-07,EQ-063,,2017-10-12,FARM-04,OP-013,Laura Martinez,17.0,FLD-004,Sunny Field,103.14,7.3,52.4,,0.0,None,0.53,Medium
LOG-06357,2024-11-12,EQ-041,Planter,2019-04-13,FARM-10,OP-009,David Anderson,12.0,,East Field,311.6,6.9,48.2,None,0.0,None,0.32,Medium
LOG-05807,2022-09-17,,Sprayer,2021-06-22,FARM-04,OP-017,Emily Lopez,18.0,FLD-012,River Field,258.49,4.2,32.6,None,0.0,None,0.54,Medium
LOG-03063,21-08-2024,EQ-069,Harvester,2018-02-14,FARM-08,OP-010,Robert Anderson,8.0,FLD-010,Hill Field,315.35,7.5,31.4,None,0.0,None,0.88,High
LOG-04795,2022/09/15,EQ-002,Harvester,,FARM-03,OP-023,Michael Smith,1.0,FLD-010,Hill Field,315.35,11.3,64.5,None,0.0,None,0.79,High
LOG-05058,"July 23, 2023",EQ-097,Planter,2016-05-06,FARM-10,OP-004,David Hernandez,10.0,FLD-010,Hill Field,315.35,12.0,75.7,None,0.0,,0.15,Low
LOG-04521,2022/10/07,EQ-011,Harvester,2017-05-31,FARM-06,,Chloe Brown,7.0,FLD-006,North Field,264.76,3.3,13.5,None,0.0,,0.83,High
LOG-05841,2022-01-03,EQ-077,Sprayer,2023-12-24,FARM-02,OP-047,Charles Hernandez,18.0,FLD-001,Sunny Field,222.94,2.1,13.6,None,0.0,None,0.14,Low
LOG-00371,02-09-2024,EQ-061,Planter,2022-07-14,FARM-06,OP-037,John Williams,11.0,FLD-008,West Field,188.47,4.3,21.4,None,0.0,None,0.04,Low
LOG-01939,2024-12-21,EQ-037,,2017-06-17,FARM-03,OP-017,Emily Lopez,18.0,FLD-008,West Field,188.47,11.1,68.1,None,0.0,None,0.01,Low
LOG-04937,2022-10-17,EQ-043,Tractor,2022-08-18,FARM-02,OP-016,David Jones,4.0,FLD-005,North Field,357.3,2.4,15.3,None,0.0,None,0.87,High
LOG-06037,2022-01-16,EQ-099,Tractor,2021-12-11,FARM-02,OP-017,Emily Lopez,18.0,FLD-018,River Field,208.98,4.3,22.0,None,0.0,None,0.7,High
LOG-03671,2024-01-19,EQ-045,Tractor,2018-04-17,FARM-07,OP-043,Sarah Brown,1.0,FLD-020,West Field,220.65,10.0,40.4,None,0.0,None,0.92,High
LOG-03653,"April 18, 2023",EQ-016,Sprayer,2022-01-18,FARM-10,OP-026,Grace Rodriguez,1.0,FLD-014,River Field,281.66,2.9,16.2,None,0.0,None,0.97,High
LOG-02362,2023-05-06,EQ-059,Planter,2017-05-17,FARM-09,OP-018,David Jones,10.0,FLD-005,North Field,357.3,5.0,32.9,None,0.0,None,0.27,Low
LOG-04343,07-03-2023,EQ-048,Tractor,2022-01-05,FARM-05,OP-029,David Miller,5.0,FLD-011,South Field,362.68,6.8,47.5,None,0.0,None,0.09,Low
LOG-06303,05-04-2022,EQ-064,Tractor,2018-10-16,FARM-01,OP-040,Charles Wilson,2.0,FLD-012,River Field,258.49,10.3,59.0,None,0.0,None,0.3,Medium
LOG-03738,19-09-2022,EQ-072,,2017-02-18,FARM-02,OP-026,Grace Rodriguez,1.0,FLD-016,Valley Field,341.89,3.2,24.5,Routine,432.36,None,0.27,Low
LOG-05661,2023-03-03,EQ-057,Harvester,2016-06-09,FARM-08,OP-047,Charles Hernandez,18.0,FLD-014,River Field,281.66,9.4,55.9,Routine,1259.35,None,0.51,Medium
LOG-04809,2024-05-05,,Tractor,2019-05-19,FARM-05,OP-001,,9.0,FLD-007,Golden Field,346.56,1.1,5.7,None,0.0,None,0.12,Low
LOG-04841,2023-07-31,EQ-066,Tractor,2015-10-18,,OP-019,James Lopez,11.0,FLD-016,Valley Field,341.89,7.3,45.0,None,0.0,,0.99,High
LOG-01172,,EQ-050,Harvester,2021-01-18,FARM-09,OP-023,Michael Smith,1.0,FLD-011,South Field,362.68,5.7,36.9,None,0.0,,,High
LOG-04542,2022-10-16,EQ-060,Harvester,2022-12-30,FARM-05,OP-042,Daniel Garcia,10.0,,River Field,208.98,4.6,29.5,None,0.0,None,0.69,Medium
LOG-01423,2022-11-17,EQ-080,Harvester,2018-02-14,FARM-08,,Alice Jones,12.0,FLD-020,West Field,220.65,1.7,10.5,None,0.0,None,0.35,Medium
LOG-06275,2023-12-16,EQ-009,Sprayer,2015-01-27,FARM-03,OP-039,Michael Williams,4.0,FLD-007,Golden Field,346.56,4.2,29.0,None,0.0,None,0.52,Medium
LOG-06154,2024-05-06,EQ-036,Planter,2021-07-18,FARM-07,,,3.0,FLD-001,Sunny Field,,4.2,24.6,Routine,284.8,None,0.34,Medium
LOG-04583,2024/01/10,EQ-087,Tractor,2019-05-19,FARM-05,OP-025,Michael Williams,15.0,FLD-012,River Field,258.49,11.0,55.5,None,0.0,None,0.02,Low
LOG-00875,2022/06/06,EQ-073,Tractor,2022-05-23,FARM-07,OP-004,David Hernandez,10.0,FLD-018,River Field,208.98,11.1,61.8,None,0.0,None,0.41,Medium
LOG-02298,2023-06-16,EQ-024,Tractor,2021-10-31,FARM-03,OP-023,Michael Smith,1.0,FLD-019,North Field,158.9,5.8,43.2,None,0.0,None,0.44,Medium
LOG-02644,2023-11-11,EQ-072,Planter,2017-02-18,FARM-02,OP-009,David Anderson,12.0,FLD-018,River Field,208.98,2.2,7.9,None,0.0,None,0.08,Low
LOG-06060,2024-03-06,EQ-043,Tractor,2022-08-18,FARM-02,OP-020,James Hernandez,9.0,FLD-012,River Field,258.49,9.9,72.5,None,0.0,None,0.87,
LOG-00841,2023-01-12,EQ-004,Tractor,2021-08-15,FARM-07,OP-049,Michael Williams,19.0,FLD-002,Hill Field,223.83,7.9,54.9,Repair,630.96,Hydraulics,0.31,Medium
LOG-00582,2024-07-15,EQ-096,Tractor,2022-07-28,FARM-04,OP-017,Emily Lopez,18.0,FLD-012,River Field,258.49,5.9,29.4,None,0.0,None,0.97,High
LOG-00205,2024-07-03,EQ-034,Harvester,2023-05-10,FARM-09,OP-025,Michael Williams,15.0,FLD-008,West Field,188.47,9.3,72.3,None,0.0,None,0.72,High
LOG-01642,2023-12-16,EQ-040,Planter,2021-09-08,FARM-02,OP-019,James Lopez,11.0,FLD-004,Sunny Field,103.14,8.5,50.6,Inspection,194.6,None,0.2,Low
LOG-02015,2024-01-29,EQ-016,Sprayer,2022-01-18,,OP-004,David Hernandez,10.0,,Sunny Field,103.14,6.0,38.8,,0.0,None,0.06,Low
LOG-03254,"July 18, 2023",EQ-081,Harvester,2015-11-05,FARM-08,OP-003,Sarah Jones,13.0,FLD-016,Valley Field,341.89,2.9,19.6,Routine,1009.27,None,0.6,Medium
LOG-04302,2022-04-28,EQ-031,Sprayer,2017-05-20,,OP-002,James Hernandez,11.0,FLD-003,,66.67,8.5,56.1,None,0.0,None,,Medium
LOG-00906,2023-08-29,EQ-008,Planter,2017-06-21,,OP-041,Chloe Brown,7.0,FLD-017,East Field,311.6,5.6,41.6,None,0.0,None,0.87,High
LOG-00632,2022-06-12,EQ-059,Planter,2017-05-17,FARM-09,OP-027,Emily Johnson,5.0,FLD-015,West Field,216.02,7.6,23.0,None,0.0,None,0.28,Low
LOG-04950,2023-10-20,EQ-066,Tractor,2015-10-18,FARM-01,OP-036,Jessica Anderson,14.0,FLD-009,South Field,474.95,7.6,55.0,None,,None,0.85,High
LOG-04976,2023-01-18,EQ-067,Harvester,2015-10-04,FARM-01,OP-034,Grace Martinez,5.0,FLD-012,River Field,258.49,2.0,15.4,None,0.0,None,0.31,Medium
LOG-01975,2024-01-20,EQ-042,Planter,2020-12-07,FARM-05,OP-024,William Gonzalez,5.0,FLD-002,,223.83,4.4,16.9,None,,None,0.73,High
LOG-00163,10-07-2024,EQ-041,Planter,2019-04-13,FARM-10,OP-042,Daniel Garcia,10.0,FLD-003,Golden Field,66.67,6.1,34.1,Repair,1252.13,None,0.64,Medium
LOG-04763,2024-04-29,EQ-089,Plntr,2016-09-26,FARM-04,OP-029,David Miller,5.0,FLD-011,,362.68,6.0,20.9,None,0.0,None,0.06,Low
LOG-06283,"January 04, 2022",EQ-024,Tractor,2021-10-31,FARM-03,OP-002,James Hernandez,11.0,FLD-003,Golden Field,66.67,8.5,30.3,None,0.0,None,0.94,High
LOG-04439,2024-08-18,EQ-020,Tractor,2019-04-06,,OP-023,Michael Smith,1.0,FLD-013,Valley Field,169.83,4.3,33.8,None,0.0,None,0.78,High
LOG-00876,2023-06-03,EQ-060,Harvester,2022-12-30,FARM-05,OP-043,Sarah Brown,1.0,FLD-019,North Field,158.9,4.9,29.0,None,0.0,None,0.03,Low
LOG-01432,2024-06-14,EQ-082,Tractor,2015-07-27,FARM-09,OP-018,David Jones,10.0,FLD-005,North Field,357.3,7.2,39.2,None,0.0,None,0.68,Medium
LOG-05891,2022-02-01,EQ-014,Sprayer,2015-06-27,FARM-08,OP-030,Alice Jones,12.0,FLD-011,South Field,362.68,4.7,30.1,None,0.0,None,0.78,High
LOG-05385,2022-10-11,EQ-068,Sprayer,2015-10-18,FARM-09,OP-045,Michael Wilson,3.0,FLD-013,Valley Field,169.83,2.1,12.2,None,0.0,None,0.87,High
LOG-02857,2023-11-14,EQ-013,Tractor,2019-01-10,FARM-06,OP-034,Grace Martinez,5.0,FLD-014,River Field,281.66,11.8,44.4,None,,None,0.91,High
LOG-01862,"December 14, 2024",EQ-095,Tractor,2017-01-31,FARM-02,OP-022,Robert Hernandez,14.0,FLD-011,South Field,362.68,2.7,17.3,None,0.0,None,0.52,Medium
LOG-02660,2024-05-08,EQ-040,Planter,2021-09-08,FARM-02,OP-004,David Hernandez,10.0,FLD-010,Hill Field,315.35,10.7,72.4,None,0.0,None,0.94,High
LOG-03385,,EQ-056,Tractor,2023-07-13,FARM-09,OP-038,Grace Gonzalez,,FLD-002,Hill Field,223.83,10.3,62.9,None,0.0,None,0.09,Low
LOG-06422,2022-02-27,EQ-097,Planter,2016-05-06,FARM-10,OP-016,David Jones,4.0,FLD-016,Valley Field,341.89,7.8,27.4,None,0.0,None,0.83,
LOG-05709,19-01-2022,EQ-065,Harvester,2021-08-07,FARM-04,OP-011,Sophia Jones,6.0,FLD-018,River Field,208.98,11.1,7709.999999999999,None,0.0,,0.82,High
LOG-03332,2024-02-12,EQ-006,Harvester,2017-08-10,FARM-09,OP-017,Emily Lopez,18.0,FLD-002,Hill Field,223.83,9.2,59.1,None,0.0,None,0.09,Low
LOG-05722,2023-03-11,EQ-087,Tractor,2019-05-19,FARM-05,OP-014,John Hernandez,18.0,FLD-011,South Field,362.68,4.7,33.3,,0.0,None,0.19,Low
LOG-05253,2023-01-22,EQ-062,Planter,2020-10-20,FARM-08,OP-050,Michael Smith,4.0,FLD-013,Valley Field,169.83,10.0,71.7,Repair,107.81,Belt,0.77,High
LOG-04866,2024-04-22,EQ-013,Tractor,2019-01-10,FARM-06,OP-019,James Lopez,11.0,FLD-018,River Field,208.98,8.2,58.6,None,0.0,None,0.06,Low
LOG-02097,2022-05-22,EQ-015,Tractor,2019-03-31,FARM-02,,Chloe Jones,2.0,,South Field,362.68,3.3,15.2,None,0.0,None,0.52,Medium
LOG-02004,2023-05-07,EQ-065,Harvester,2021-08-07,,OP-010,Robert Anderson,8.0,FLD-003,Golden Field,,6.0,28.1,None,0.0,None,0.1,Low
LOG-00547,2024-06-23,EQ-070,Harvester,2021-01-17,FARM-03,OP-015,Laura Anderson,4.0,FLD-003,Golden Field,66.67,4.4,22.3,Inspection,65.31,None,0.52,Medium
LOG-01450,2024-01-15,EQ-063,Tractor,2017-10-12,FARM-04,OP-023,Michael Smith,1.0,FLD-019,North Field,158.9,4.8,29.8,None,0.0,,0.63,Medium
LOG-04835,2024-04-15,EQ-054,,2017-09-13,FARM-10,OP-012,Daniel Wilson,18.0,FLD-018,River Field,208.98,11.0,50.3,None,0.0,None,0.62,Medium
LOG-02611,2023-07-07,EQ-044,Sprayer,2023-08-15,FARM-06,OP-012,Daniel Wilson,18.0,FLD-007,Golden Field,346.56,9.3,34.5,None,0.0,None,0.93,High
LOG-01901,2023-01-02,EQ-099,Tractor,2021-12-11,FARM-02,OP-049,Michael Williams,19.0,FLD-009,South Field,474.95,2.2,11.6,Repair,1160.7,Blade,0.53,Medium
LOG-05509,2023-10-23,EQ-092,Tractor,2015-07-25,,OP-044,James Miller,11.0,FLD-019,North Field,158.9,8.7,33.8,None,0.0,None,0.04,
LOG-02758,17-08-2023,EQ-044,Sprayr,,FARM-06,OP-030,Alice Jones,12.0,FLD-018,River Field,208.98,11.6,50.7,None,0.0,None,0.34,Medium
LOG-01886,28-03-2022,EQ-063,Tractor,2017-10-12,FARM-04,OP-022,,,FLD-005,North Field,357.3,10.7,44.9,None,0.0,None,0.95,High
LOG-06766,2023-10-04,EQ-021,Planter,2022-02-16,FARM-06,OP-033,Emily Garcia,18.0,FLD-015,West Field,216.02,8.8,29.6,None,0.0,None,0.75,High
LOG-02098,2023-01-09,EQ-082,Tractor,2015-07-27,FARM-09,OP-041,Chloe Brown,7.0,,River Field,281.66,8.5,37.6,None,0.0,None,0.52,Medium
LOG-06082,2024-06-03,EQ-029,Sprayer,2019-07-02,FARM-05,OP-012,Daniel Wilson,18.0,FLD-012,River Field,258.49,9.2,70.2,None,0.0,None,0.99,High
LOG-06282,2023-04-28,EQ-079,Plntr,2016-07-28,FARM-07,OP-037,John Williams,11.0,FLD-006,North Field,264.76,11.6,55.8,None,0.0,None,0.33,Medium
LOG-00837,2023-04-28,EQ-033,Harvester,2017-12-20,FARM-03,OP-020,James Hernandez,9.0,FLD-003,Golden Field,66.67,4.3,31.4,Inspection,686.33,None,0.32,
LOG-03472,2024-10-07,EQ-017,Sprayer,2021-06-22,FARM-04,,Sarah Brown,1.0,FLD-013,Valley Field,169.83,1.1,6.4,None,0.0,None,0.75,High
LOG-05563,2024/04/05,EQ-050,Harvester,2021-01-18,FARM-09,OP-006,John Davis,20.0,FLD-008,West Field,188.47,1.4,7.5,Repair,761.84,Filter,0.63,Medium
LOG-02172,,EQ-085,Planter,2017-05-25,FARM-07,OP-041,Chloe Brown,7.0,FLD-009,South Field,474.95,10.3,77.3,None,0.0,None,0.96,High
LOG-06010,"December 15, 2024",,Harvester,2018-02-14,FARM-08,OP-003,Sarah Jones,13.0,FLD-010,Hill Field,315.35,8.7,48.6,None,0.0,None,0.08,Low
LOG-05955,2022-08-15,EQ-093,Planter,2020-08-21,FARM-09,OP-040,Charles Wilson,2.0,FLD-015,West Field,216.02,11.9,70.6,None,0.0,None,0.84,High
LOG-00399,2023-08-26,EQ-043,Tractor,2022-08-18,FARM-02,OP-024,William Gonzalez,5.0,FLD-009,South Field,474.95,6.1,21.9,Routine,969.88,None,0.58,Medium
LOG-02011,11-08-2022,EQ-024,Tractor,2021-10-31,FARM-03,OP-028,Alice Wilson,12.0,FLD-019,North Field,158.9,6.3,45.6,None,0.0,None,0.56,Medium
LOG-06723,"February 24, 2023",EQ-009,Sprayer,2015-01-27,FARM-03,OP-043,Sarah Brown,1.0,FLD-002,Hill Field,223.83,8.5,67.9,None,0.0,None,0.46,Medium
LOG-01284,2024-01-02,EQ-053,Sprayer,2018-06-13,FARM-04,OP-015,Laura Anderson,4.0,FLD-005,North Field,357.3,6.5,27.4,None,0.0,None,0.96,High
LOG-05831,2022-02-24,EQ-013,Tractor,2019-01-10,FARM-06,OP-028,Alice Wilson,12.0,FLD-003,Golden Field,66.67,,,None,0.0,None,0.37,Medium
LOG-05106,2024-05-03,EQ-040,Planter,2021-09-08,FARM-02,OP-012,Daniel Wilson,18.0,FLD-016,Valley Field,,1.0,7.0,None,0.0,None,0.67,Medium
LOG-04257,2023-09-12,,Plntr,2017-09-22,FARM-08,OP-031,Alice Anderson,12.0,FLD-015,West Field,216.02,4.0,23.3,None,0.0,None,0.53,Medium
LOG-01837,2024-08-21,EQ-095,Tractor,2017-01-31,FARM-02,OP-012,Daniel Wilson,18.0,FLD-010,Hill Field,315.35,11.4,85.2,None,0.0,None,0.8,High
LOG-01020,2023-05-27,EQ-049,Harvester,2016-09-18,FARM-06,OP-050,Michael Smith,4.0,FLD-007,Golden Field,346.56,5.1,21.4,Routine,661.44,None,0.98,High
LOG-01327,2024-01-03,,Planter,2016-01-08,FARM-01,,Emily Lopez,18.0,FLD-013,Valley Field,169.83,1.7,12.5,None,0.0,None,0.08,Low
LOG-04319,2022-08-05,EQ-007,Tractor,2021-04-17,FARM-04,OP-032,James Hernandez,8.0,FLD-012,River Field,258.49,5.7,38.4,None,0.0,None,0.72,High
LOG-00476,2023-10-04,EQ-055,Tractor,2015-12-17,FARM-08,OP-011,Sophia Jones,6.0,FLD-001,Sunny Field,222.94,3.7,15.2,None,0.0,None,0.44,Medium
LOG-02811,2022-06-28,EQ-088,Planter,2018-03-14,FARM-07,,Sarah Brown,1.0,FLD-008,West Field,188.47,8.4,35.2,None,0.0,None,0.68,Medium
LOG-05244,2024-03-04,EQ-081,,2015-11-05,FARM-08,OP-035,Sarah Wilson,6.0,FLD-002,Hill Field,223.83,7.9,24.5,Routine,419.52,None,0.78,High
LOG-01652,2024-11-07,EQ-069,Harvester,,FARM-08,OP-004,David Hernandez,10.0,FLD-014,River Field,281.66,6.8,26.5,None,0.0,None,0.7,High
LOG-06492,2024-02-26,EQ-096,Tractor,2022-07-28,FARM-04,OP-023,Michael Smith,1.0,FLD-002,Hill Field,223.83,5.1,30.4,None,0.0,None,0.64,Medium
LOG-05977,2023-03-08,EQ-040,Planter,2021-09-08,FARM-02,OP-040,Charles Wilson,2.0,FLD-018,River Field,208.98,5.5,30.9,None,0.0,None,0.24,Low
LOG-02529,2024/10/18,EQ-057,Harvester,2016-06-09,FARM-08,OP-002,James Hernandez,11.0,FLD-009,South Field,474.95,4.4,33.0,None,0.0,None,,Low
LOG-01207,2024/02/18,EQ-041,Planter,2019-04-13,FARM-10,OP-037,John Williams,11.0,FLD-002,Hill Field,223.83,1.7,12.0,None,0.0,None,0.97,High
LOG-04536,31-03-2024,EQ-066,Tractor,2015-10-18,FARM-01,OP-017,Emily Lopez,18.0,FLD-001,Sunny Field,222.94,4.9,27.0,None,0.0,None,0.52,Medium
LOG-05806,2023-12-19,EQ-099,Tractor,2021-12-11,FARM-02,OP-016,David Jones,4.0,FLD-007,Golden Field,346.56,7.7,43.9,None,,None,0.87,High
LOG-04956,2023-07-10,EQ-003,Tractor,2022-08-03,FARM-09,OP-031,Alice Anderson,12.0,FLD-005,North Field,357.3,10.8,85.3,None,0.0,None,0.49,Medium
LOG-00868,2023-03-03,EQ-052,Planter,2015-03-21,FARM-02,OP-006,John Davis,20.0,,Sunny Field,222.94,2.8,19.3,None,0.0,None,0.75,High
LOG-02975,2024-01-31,EQ-083,Tractor,2016-01-18,FARM-04,OP-044,James Miller,11.0,FLD-003,Golden Field,66.67,2.0,14.1,None,0.0,None,0.79,High
LOG-00542,2024-12-09,EQ-004,Tractor,2021-08-15,FARM-07,OP-050,Michael Smith,4.0,FLD-013,Valley Field,169.83,9.4,32.1,None,0.0,None,0.16,Low
LOG-01133,2022-09-04,EQ-082,Tractr,,FARM-09,OP-010,,8.0,FLD-008,West Field,188.47,2.5,8.0,None,0.0,None,0.92,High
LOG-06783,2023-11-27,EQ-059,Planter,2017-05-17,FARM-09,OP-049,Michael Williams,19.0,FLD-009,South Field,474.95,1.6,7.1,None,0.0,None,0.87,High
LOG-03391,"April 17, 2024",EQ-003,Tractor,2022-08-03,FARM-09,OP-042,Daniel Garcia,10.0,FLD-011,South Field,362.68,5.5,36.0,None,0.0,None,0.23,Low
LOG-05023,2023-10-24,EQ-017,Sprayer,2021-06-22,FARM-04,OP-045,Michael Wilson,3.0,FLD-018,River Field,208.98,7.1,45.0,None,0.0,None,0.89,High
LOG-02963,2023-09-05,EQ-097,Planter,2016-05-06,FARM-10,OP-045,Michael Wilson,3.0,FLD-016,Valley Field,341.89,11.9,93.6,Routine,516.71,None,0.64,Medium
LOG-04156,2024-05-25,EQ-063,,2017-10-12,FARM-04,OP-026,Grace Rodriguez,,FLD-015,West Field,216.02,6.7,36.1,None,0.0,None,0.22,Low
LOG-03260,2024-10-12,EQ-077,,2023-12-24,FARM-02,OP-024,William Gonzalez,5.0,FLD-014,River Field,281.66,3.8,25.1,None,0.0,,0.49,Medium
LOG-04532,2024-04-28,EQ-047,Sprayer,2020-08-12,FARM-03,OP-045,Michael Wilson,3.0,FLD-002,Hill Field,223.83,10.8,41.6,None,0.0,None,0.47,Medium
LOG-05132,2022-03-30,EQ-100,Planter,2022-05-16,FARM-10,OP-016,David Jones,4.0,FLD-011,South Field,362.68,11.5,41.7,Routine,469.18,None,0.09,Low
LOG-02584,2022-01-08,EQ-097,Planter,2016-05-06,FARM-10,OP-043,Sarah Brown,1.0,FLD-020,West Field,220.65,7.3,28.2,None,0.0,None,0.85,High
LOG-02814,"December 22, 2024",EQ-048,Tractor,2022-01-05,FARM-05,OP-017,Emily Lopez,18.0,FLD-020,West Field,220.65,2.8,22.4,None,0.0,None,0.9,High
LOG-05421,19-10-2024,EQ-088,Planter,2018-03-14,FARM-07,OP-013,Laura Martinez,17.0,FLD-002,Hill Field,223.83,9.5,37.9,Repair,1488.19,Engine,0.81,High
LOG-06061,,EQ-079,Planter,2016-07-28,FARM-07,OP-033,Emily Garcia,18.0,FLD-017,East Field,311.6,5.8,30.0,None,0.0,None,0.84,High
LOG-03587,14-06-2023,EQ-004,Tractor,2021-08-15,FARM-07,OP-025,Michael Williams,15.0,FLD-019,North Field,158.9,8.8,56.3,Routine,,None,0.65,Medium
LOG-05404,2024-04-01,EQ-057,Harvester,2016-06-09,FARM-08,OP-034,Grace Martinez,5.0,FLD-009,South Field,474.95,3.8,11.7,Repair,,Engine,0.41,Medium
LOG-05952,2022-09-20,EQ-095,Tractor,2017-01-31,FARM-02,OP-040,Charles Wilson,2.0,FLD-014,River Field,281.66,4.5,34.8,None,0.0,None,0.41,Medium
LOG-02631,2022-06-18,EQ-094,,2015-08-21,FARM-09,OP-022,Robert Hernandez,14.0,FLD-010,Hill Field,315.35,11.4,83.6,None,,None,0.48,Medium
LOG-06610,2023-12-14,EQ-080,Harvester,2018-02-14,FARM-08,,James Miller,11.0,FLD-003,Golden Field,66.67,5.0,37.1,None,0.0,None,0.57,Medium
LOG-04779,2023-03-16,EQ-018,Tractor,2015-07-07,FARM-04,OP-002,James Hernandez,11.0,FLD-008,West Field,188.47,7.1,40.8,None,0.0,None,0.16,Low
LOG-01081,,EQ-071,Planter,2017-09-22,FARM-08,OP-026,Grace Rodriguez,1.0,FLD-004,Sunny Field,103.14,4.6,32.0,None,0.0,None,0.06,
LOG-04284,2023-03-30,EQ-051,Tractor,2021-09-19,FARM-06,OP-003,Sarah Jones,13.0,FLD-006,North Field,264.76,3.2,11.0,None,0.0,None,0.36,Medium
LOG-02086,2023-10-12,EQ-031,Sprayer,2017-05-20,FARM-08,OP-028,Alice Wilson,12.0,FLD-015,West Field,,1.5,11.7,None,0.0,None,0.84,High
LOG-02453,31-10-2022,EQ-020,Tractor,2019-04-06,FARM-05,OP-044,James Miller,11.0,FLD-016,Valley Field,341.89,4.7,34.6,Routine,275.55,None,0.6,Medium
LOG-02024,,EQ-004,Tractor,2021-08-15,FARM-07,OP-042,Daniel Garcia,10.0,FLD-015,West Field,216.02,9.2,41.8,None,0.0,None,0.72,
LOG-05367,2022-01-07,EQ-014,Sprayer,2015-06-27,FARM-08,OP-009,David Anderson,12.0,FLD-001,Sunny Field,222.94,6.4,39.4,Routine,448.53,None,0.97,High
LOG-00227,2023-01-26,EQ-048,Tractor,2022-01-05,FARM-05,OP-006,John Davis,20.0,FLD-018,River Field,208.98,1.6,7.8,None,0.0,None,,Low
LOG-01014,2024-02-20,EQ-010,Planter,2018-10-25,FARM-05,OP-041,Chloe Brown,7.0,FLD-015,West Field,216.02,4.8,24.0,Inspection,104.77,None,0.26,Low
LOG-01930,2024-02-15,EQ-048,,,FARM-05,OP-021,Chloe Jones,2.0,FLD-014,River Field,281.66,8.3,53.1,None,0.0,None,0.21,Low
LOG-04921,2022-10-04,EQ-061,Planter,2022-07-14,FARM-06,OP-015,Laura Anderson,4.0,FLD-003,Golden Field,,2.7,18.5,Routine,1230.21,None,0.43,Medium
LOG-01405,2024-10-30,EQ-011,Harvester,2017-05-31,FARM-06,OP-005,Daniel Garcia,3.0,FLD-003,Golden Field,66.67,8.9,60.6,None,0.0,None,0.02,Low
LOG-02180,2023-07-08,EQ-021,Planter,2022-02-16,FARM-06,OP-033,Emily Garcia,18.0,FLD-016,Valley Field,341.89,9.7,58.2,None,0.0,None,0.9,High
LOG-00698,2024-03-12,EQ-013,Tractor,2019-01-10,FARM-06,OP-017,Emily Lopez,18.0,FLD-019,North Field,158.9,6.1,38.9,None,0.0,None,0.67,Medium
LOG-01125,26-12-2023,EQ-057,Harvester,2016-06-09,FARM-08,,Sophia Jones,6.0,FLD-005,North Field,357.3,9.2,27.9,None,0.0,None,0.71,High
LOG-03896,2023-04-20,EQ-066,Tractor,2015-10-18,FARM-01,OP-026,Grace Rodriguez,1.0,FLD-013,Valley Field,169.83,4.9,22.7,None,0.0,None,0.09,Low
LOG-01779,2024-09-06,EQ-055,Tractor,2015-12-17,FARM-08,OP-040,Charles Wilson,2.0,FLD-019,North Field,158.9,8.0,47.7,None,0.0,None,0.97,High
LOG-04451,2022-03-03,EQ-022,Harvester,2019-02-25,FARM-06,OP-033,Emily Garcia,18.0,FLD-017,,311.6,,35.9,None,0.0,None,,Low
LOG-02635,,EQ-048,Tractor,2022-01-05,FARM-05,OP-045,Michael Wilson,3.0,FLD-009,South Field,474.95,6.5,44.2,None,0.0,None,0.31,Medium
LOG-03490,11-01-2022,EQ-027,Harvester,2022-09-05,FARM-06,OP-013,Laura Martinez,17.0,FLD-010,Hill Field,315.35,1.8,13.1,None,0.0,None,0.44,Medium
LOG-01038,"June 13, 2022",EQ-026,Planter,2018-01-10,FARM-09,OP-018,David Jones,10.0,FLD-016,Valley Field,341.89,11.5,55.2,None,0.0,None,0.47,Medium
LOG-02257,"February 19, 2023",EQ-025,Harvester,2016-10-31,FARM-08,OP-028,Alice Wilson,12.0,FLD-014,River Field,281.66,4.2,15.6,None,0.0,None,0.57,
LOG-04672,2022-10-29,EQ-040,Planter,2021-09-08,FARM-02,OP-039,Michael Williams,4.0,FLD-004,Sunny Field,103.14,9.8,68.4,None,0.0,None,0.49,Medium
LOG-03666,2023-04-03,EQ-003,Tractor,2022-08-03,FARM-09,OP-030,Alice Jones,12.0,FLD-017,East Field,311.6,9.0,59.0,Routine,823.53,None,0.06,Low
LOG-00314,2023-05-04,EQ-040,Planter,2021-09-08,FARM-02,OP-045,Michael Wilson,3.0,FLD-014,River Field,281.66,1.6,5.5,None,0.0,None,0.45,Medium
LOG-02650,2023-10-02,EQ-099,Tractor,2021-12-11,FARM-02,,Charles Hernandez,18.0,FLD-009,South Field,474.95,5.2,16.8,None,0.0,None,0.65,Medium
LOG-02282,2024-11-20,EQ-053,Sprayer,2018-06-13,FARM-04,OP-047,Charles Hernandez,18.0,FLD-003,Golden Field,66.67,11.2,88.3,None,0.0,None,0.31,Medium
LOG-05005,2024-01-13,EQ-074,Sprayer,2019-10-01,FARM-07,OP-024,William Gonzalez,5.0,FLD-005,North Field,357.3,4.6,24.0,None,0.0,None,0.38,Medium
LOG-02548,2022-11-29,EQ-057,Harvester,2016-06-09,FARM-08,OP-048,William Smith,4.0,FLD-013,Valley Field,169.83,7.5,37.4,None,0.0,None,0.98,High
LOG-02160,07-03-2022,EQ-090,Sprayer,2017-06-10,FARM-01,OP-031,Alice Anderson,12.0,FLD-001,Sunny Field,222.94,1.6,6.9,None,0.0,None,0.11,Low
LOG-03138,2022-09-16,EQ-001,Tractor,2015-04-13,FARM-05,OP-026,Grace Rodriguez,1.0,FLD-008,West Field,188.47,10.0,67.6,None,0.0,None,0.13,Low
LOG-05814,2023-06-01,EQ-037,Sprayer,2017-06-17,FARM-03,OP-018,David Jones,10.0,FLD-016,Valley Field,341.89,1.2,6.8,None,0.0,None,0.04,Low
LOG-03968,2024-11-28,EQ-033,Harvester,2017-12-20,FARM-03,OP-029,David Miller,5.0,FLD-012,River Field,258.49,4.4,22.5,None,0.0,None,0.52,Medium
LOG-01429,2023-10-25,EQ-022,Harvester,2019-02-25,FARM-06,OP-031,Alice Anderson,12.0,FLD-001,Sunny Field,222.94,1.9,14.9,Repair,1220.49,Tire,0.66,Medium
LOG-04953,"March 09, 2023",EQ-066,Tractor,2015-10-18,FARM-01,OP-041,Chloe Brown,7.0,FLD-004,,103.14,1.2,9.5,None,0.0,None,0.84,High
LOG-02521,2023-01-28,EQ-072,Planter,2017-02-18,FARM-02,OP-017,Emily Lopez,18.0,FLD-019,North Field,158.9,10.1,79.7,None,0.0,None,0.89,High
LOG-05632,2023-11-27,EQ-096,Tractor,2022-07-28,FARM-04,,William Anderson,9.0,FLD-010,Hill Field,315.35,1.1,4.6,None,0.0,None,0.64,Medium
LOG-05161,2023-08-27,EQ-055,Tractor,2015-12-17,FARM-08,OP-002,,11.0,FLD-006,North Field,264.76,7.4,58.0,None,0.0,None,0.45,Medium
LOG-00449,2024/03/07,,Tractr,2022-07-28,FARM-04,OP-042,Daniel Garcia,10.0,FLD-018,River Field,208.98,3.6,24.9,None,0.0,None,0.29,Low
LOG-04815,2024-09-02,EQ-041,Plntr,2019-04-13,FARM-10,OP-048,William Smith,4.0,FLD-014,River Field,281.66,10.8,74.9,None,0.0,None,0.35,Medium
LOG-01285,2023-02-01,EQ-047,Sprayer,2020-08-12,,OP-014,John Hernandez,18.0,FLD-003,Golden Field,66.67,11.1,54.3,Repair,447.19,Hydraulics,0.68,Medium
LOG-03728,2024-03-06,EQ-016,,2022-01-18,,,Michael Garcia,17.0,FLD-004,Sunny Field,103.14,2.5,7.8,None,0.0,None,0.59,Medium
LOG-00362,2024-09-15,EQ-044,,2023-08-15,FARM-06,OP-039,Michael Williams,4.0,FLD-020,West Field,,8.7,44.9,,0.0,None,0.61,Medium
LOG-05635,2022-09-27,EQ-030,Tractor,2017-05-14,FARM-10,OP-047,Charles Hernandez,18.0,FLD-016,Valley Field,341.89,10.8,41.1,None,0.0,,0.69,Medium
LOG-05574,2023-06-08,EQ-003,Tractor,2022-08-03,FARM-09,OP-015,Laura Anderson,4.0,FLD-019,North Field,158.9,9.5,71.4,None,0.0,None,0.84,High
LOG-02461,"July 19, 2024",EQ-033,Harvester,2017-12-20,FARM-03,OP-016,David Jones,4.0,FLD-008,West Field,188.47,3.0,9.3,None,0.0,,0.16,Low
LOG-00023,2022-01-26,EQ-009,Sprayer,,FARM-03,OP-033,,18.0,FLD-011,South Field,362.68,10.3,73.3,,1443.14,Hydraulics,0.88,High
LOG-02067,2023/01/18,EQ-050,Harvstr,2021-01-18,FARM-09,,Alice Anderson,12.0,FLD-007,Golden Field,346.56,1.3,7.9,None,0.0,None,0.77,High
LOG-01654,2022-04-03,EQ-082,Tractor,2015-07-27,FARM-09,OP-040,Charles Wilson,2.0,FLD-001,Sunny Field,222.94,11.1,44.7,None,0.0,None,0.92,High
LOG-00703,2022-08-16,EQ-083,Tractor,2016-01-18,FARM-04,OP-037,John Williams,11.0,FLD-006,,264.76,8.7,37.1,None,0.0,None,0.93,High
LOG-04308,2022-08-15,EQ-093,Planter,2020-08-21,FARM-09,OP-012,Daniel Wilson,18.0,FLD-015,West Field,216.02,7.4,52.5,None,0.0,None,0.75,High
LOG-02744,2022-08-30,EQ-079,Planter,2016-07-28,FARM-07,OP-009,David Anderson,12.0,FLD-002,Hill Field,223.83,2.6,20.4,None,0.0,None,0.08,Low
LOG-01377,2024-11-06,EQ-073,Tractor,2022-05-23,FARM-07,OP-034,Grace Martinez,5.0,FLD-017,East Field,311.6,10.3,52.9,None,0.0,None,0.32,Medium
LOG-05685,2023-04-29,EQ-007,Tractor,2021-04-17,FARM-04,OP-019,James Lopez,11.0,FLD-004,Sunny Field,103.14,5.4,28.5,None,0.0,None,0.99,High
LOG-02469,2022-11-11,EQ-022,Harvester,2019-02-25,FARM-06,OP-011,Sophia Jones,6.0,FLD-012,River Field,258.49,1.2,4.1,None,0.0,None,0.54,Medium
LOG-03755,2023-10-26,EQ-028,Tractor,2017-07-27,FARM-01,OP-010,,8.0,FLD-007,Golden Field,346.56,6.6,22.2,None,0.0,None,0.18,Low
LOG-02326,2023-04-30,EQ-007,Tractor,2021-04-17,FARM-04,OP-049,Michael Williams,19.0,FLD-011,South Field,362.68,6.3,43.0,None,0.0,None,0.85,High
LOG-00461,2022-12-09,EQ-066,Tractor,2015-10-18,FARM-01,OP-006,John Davis,20.0,FLD-004,Sunny Field,103.14,11.7,80.3,None,0.0,None,0.62,Medium
LOG-04184,2022-03-29,EQ-039,Tractor,2016-09-18,FARM-03,OP-048,William Smith,4.0,FLD-017,East Field,311.6,8.7,38.1,None,0.0,,,Medium
LOG-04083,2024-10-12,EQ-087,Tractor,2019-05-19,FARM-05,OP-005,Daniel Garcia,3.0,FLD-016,Valley Field,341.89,5.0,28.9,None,0.0,None,0.71,High
LOG-01487,2022-07-18,EQ-060,Harvester,2022-12-30,FARM-05,OP-039,Michael Williams,4.0,FLD-011,South Field,362.68,3.4,1050.0,None,0.0,None,0.07,Low
LOG-03679,2023-03-16,EQ-049,Harvester,2016-09-18,FARM-06,OP-007,Emily Johnson,18.0,FLD-013,Valley Field,169.83,1.1,7.7,None,0.0,None,0.25,Low
LOG-00283,"May 01, 2024",EQ-053,Sprayer,2018-06-13,FARM-04,OP-044,James Miller,11.0,FLD-016,Valley Field,341.89,8.8,45.9,Inspection,869.83,None,0.79,High
LOG-04309,2022-05-13,EQ-081,Harvester,2015-11-05,FARM-08,OP-043,,1.0,FLD-013,Valley Field,169.83,2.3,11.9,None,0.0,None,0.03,Low
LOG-03538,2024-02-02,EQ-081,Harvester,2015-11-05,FARM-08,OP-018,David Jones,10.0,FLD-013,Valley Field,169.83,8.7,34.0,None,0.0,None,0.32,Medium
LOG-04903,2022-11-12,EQ-043,Tractor,2022-08-18,FARM-02,OP-048,William Smith,4.0,FLD-010,Hill Field,315.35,,24.2,None,0.0,None,0.98,High
LOG-02582,2024-07-17,EQ-082,Tractor,2015-07-27,FARM-09,OP-017,Emily Lopez,18.0,FLD-009,,474.95,2.3,15.6,,0.0,None,0.32,Medium
LOG-01369,2023-06-18,EQ-087,Tractor,2019-05-19,FARM-05,OP-038,Grace Gonzalez,8.0,FLD-005,North Field,357.3,9.8,46.1,Repair,642.33,None,0.97,High
LOG-06306,2022-02-26,EQ-081,Harvester,2015-11-05,FARM-08,OP-041,Chloe Brown,7.0,FLD-006,North Field,264.76,8.0,30.3,None,0.0,None,0.12,Low
LOG-04686,2023/07/29,EQ-014,Sprayer,2015-06-27,FARM-08,OP-021,Chloe Jones,2.0,FLD-001,Sunny Field,222.94,10.0,41.5,Routine,392.75,None,0.96,
LOG-00598,2023-05-13,EQ-015,Tractor,2019-03-31,,OP-048,William Smith,4.0,FLD-002,Hill Field,223.83,11.4,,None,0.0,None,0.81,High
LOG-04352,2022-08-07,EQ-022,Harvester,2019-02-25,FARM-06,OP-011,,6.0,FLD-010,Hill Field,315.35,6.4,32.0,None,0.0,None,0.05,Low
LOG-05681,2022-06-23,EQ-009,Sprayer,2015-01-27,FARM-03,OP-044,James Miller,11.0,FLD-006,North Field,264.76,9.7,42.4,None,0.0,None,0.33,Medium
LOG-05821,2024-03-24,EQ-069,Harvester,2018-02-14,FARM-08,OP-010,Robert Anderson,8.0,FLD-018,River Field,208.98,10.5,70.1,None,0.0,None,0.78,High
LOG-06590,2024-07-09,EQ-069,Harvester,2018-02-14,FARM-08,OP-006,John Davis,20.0,FLD-002,Hill Field,223.83,5.4,28.5,None,0.0,None,0.8,High
LOG-06445,2022-12-24,EQ-058,Harvester,2017-12-21,FARM-09,OP-049,Michael Williams,19.0,FLD-014,River Field,281.66,7.2,22.7,Inspection,1198.45,None,0.61,Medium
LOG-03469,2023-08-17,EQ-022,Harvester,2019-02-25,FARM-06,OP-046,,17.0,FLD-019,North Field,158.9,4.4,26.2,None,0.0,None,0.26,Low
LOG-04458,2022-02-12,EQ-084,Harvester,2019-07-23,FARM-08,OP-019,James Lopez,11.0,FLD-013,Valley Field,169.83,7.4,27.4,Routine,1277.34,None,0.03,Low
LOG-02991,2023/04/19,EQ-072,Planter,2017-02-18,FARM-02,OP-010,Robert Anderson,8.0,FLD-013,Valley Field,169.83,3.5,26.3,None,0.0,None,0.92,High
LOG-06221,2022-06-09,EQ-009,Sprayer,2015-01-27,FARM-03,OP-045,Michael Wilson,3.0,FLD-015,West Field,216.02,7.7,,None,0.0,None,0.89,High
LOG-02545,2023-01-07,EQ-088,Planter,2018-03-14,,OP-005,Daniel Garcia,3.0,FLD-011,South Field,362.68,2.3,14.9,None,0.0,None,0.83,High
LOG-06452,2023-08-17,EQ-017,Sprayer,2021-06-22,FARM-04,OP-032,James Hernandez,8.0,FLD-010,Hill Field,315.35,11.8,76.0,None,0.0,None,0.28,Low
LOG-05115,2024-07-04,EQ-053,Sprayer,2018-06-13,FARM-04,OP-009,David Anderson,12.0,FLD-015,West Field,216.02,11.1,57.1,None,0.0,None,0.87,High
LOG-04067,2023-11-08,EQ-070,Harvester,2021-01-17,FARM-03,OP-003,Sarah Jones,13.0,FLD-007,Golden Field,,10.5,,None,0.0,None,0.43,Medium
LOG-03989,2024-07-04,EQ-015,Tractor,2019-03-31,FARM-02,OP-027,Emily Johnson,5.0,FLD-003,Golden Field,66.67,3.3,14.9,None,0.0,None,0.78,High
LOG-06762,2022/01/03,EQ-018,Tractor,2015-07-07,FARM-04,OP-007,Emily Johnson,18.0,FLD-015,West Field,216.02,2.9,22.5,None,0.0,None,0.48,Medium
LOG-00686,2023-10-02,EQ-085,Planter,2017-05-25,FARM-07,,Sarah Brown,1.0,FLD-003,Golden Field,66.67,7.7,57.9,None,0.0,None,0.02,Low
LOG-04714,2022-08-09,,Tractr,2021-12-11,FARM-02,OP-048,William Smith,4.0,FLD-004,Sunny Field,103.14,10.9,40.3,None,0.0,None,0.57,Medium
LOG-03244,2023-08-20,EQ-078,Harvester,2017-02-23,FARM-04,OP-001,William Anderson,9.0,FLD-015,West Field,216.02,7.4,31.1,None,0.0,None,0.53,Medium
LOG-06673,2024-03-18,EQ-060,Harvester,2022-12-30,FARM-05,OP-012,Daniel Wilson,18.0,FLD-020,West Field,220.65,5.7,19.3,None,0.0,,0.06,Low
LOG-04084,2024-03-06,EQ-033,Harvester,2017-12-20,FARM-03,OP-035,Sarah Wilson,,FLD-001,Sunny Field,222.94,5.4,18.0,None,0.0,None,0.94,High
LOG-02838,2024-08-07,EQ-005,Tractor,2015-05-03,FARM-02,OP-025,Michael Williams,15.0,FLD-013,Valley Field,169.83,7.6,46.5,None,0.0,None,,Low
LOG-03698,01-08-2022,EQ-067,Harvester,2015-10-04,FARM-01,,Emily Johnson,,FLD-004,Sunny Field,103.14,4.4,34.1,None,0.0,None,,Low
LOG-04041,,EQ-047,Sprayer,2020-08-12,FARM-03,OP-050,Michael Smith,4.0,FLD-003,Golden Field,66.67,2.4,7.3,None,0.0,None,0.87,High
LOG-02231,2023-05-21,EQ-009,Sprayer,2015-01-27,FARM-03,OP-039,Michael Williams,4.0,FLD-013,Valley Field,169.83,10.1,43.2,None,0.0,None,0.2,Low
LOG-05100,"December 20, 2022",EQ-055,Tractor,2015-12-17,FARM-08,OP-003,Sarah Jones,13.0,FLD-009,South Field,474.95,5.2,40.1,Routine,1259.7,None,0.76,High
LOG-02321,2022-01-13,EQ-092,Tractor,2015-07-25,FARM-10,OP-049,Michael Williams,19.0,FLD-018,,208.98,3.0,15.5,None,0.0,None,0.11,Low
LOG-00522,26-04-2023,EQ-025,Harvester,2016-10-31,FARM-08,OP-032,James Hernandez,8.0,FLD-007,Golden Field,346.56,9.1,67.0,None,0.0,None,0.21,Low
LOG-00523,2022-11-16,EQ-032,Plntr,2022-03-18,FARM-08,OP-040,Charles Wilson,2.0,FLD-012,River Field,258.49,9.6,34.6,Routine,1435.88,None,0.49,Medium
LOG-05459,2024/05/16,EQ-050,Harvester,2021-01-18,FARM-09,OP-005,Daniel Garcia,3.0,FLD-020,West Field,220.65,9.2,67.1,None,0.0,None,0.63,Medium
LOG-05629,2024/12/15,EQ-037,Sprayer,2017-06-17,FARM-03,OP-026,Grace Rodriguez,1.0,FLD-006,North Field,264.76,9.6,49.5,None,0.0,None,0.27,Low
LOG-06545,2022-04-12,,Tractr,2022-08-18,FARM-02,OP-004,David Hernandez,10.0,FLD-008,West Field,188.47,10.7,81.1,None,0.0,None,,Low
LOG-05270,2023-09-13,EQ-054,Tractor,2017-09-13,FARM-10,OP-032,James Hernandez,8.0,FLD-002,Hill Field,223.83,10.4,72.0,None,0.0,None,0.48,Medium
LOG-00781,2022-12-09,EQ-024,Tractor,2021-10-31,FARM-03,OP-049,,19.0,FLD-004,Sunny Field,103.14,7.0,51.5,None,0.0,,0.68,Medium
LOG-05862,2022-01-06,EQ-007,Tractor,2021-04-17,FARM-04,OP-017,Emily Lopez,18.0,FLD-018,River Field,208.98,10.5,58.8,None,0.0,None,0.44,Medium
LOG-04729,2024-08-20,,Harvester,2017-07-03,FARM-03,OP-005,Daniel Garcia,3.0,FLD-017,East Field,311.6,9.4,56.4,None,0.0,None,0.05,Low
LOG-00652,21-10-2024,EQ-065,Harvester,2021-08-07,FARM-04,OP-002,James Hernandez,11.0,FLD-016,Valley Field,341.89,2.7,12.7,None,0.0,None,0.87,High
LOG-05630,2024-07-25,EQ-049,Harvester,,FARM-06,OP-003,Sarah Jones,13.0,FLD-018,River Field,208.98,3.4,23.9,None,0.0,None,0.09,Low
LOG-02197,2022-05-10,EQ-073,Tractor,2022-05-23,FARM-07,OP-027,Emily Johnson,5.0,FLD-013,Valley Field,169.83,6.2,41.6,None,0.0,None,0.92,High
LOG-00370,2022-05-05,EQ-076,Tractor,2015-09-06,FARM-07,OP-015,Laura Anderson,4.0,FLD-018,River Field,,10.2,72.3,None,0.0,None,0.53,Medium
LOG-04576,2022-01-30,EQ-048,Tractor,2022-01-05,FARM-05,OP-014,John Hernandez,18.0,FLD-002,Hill Field,223.83,1.5,4.8,Routine,663.34,None,0.63,Medium
LOG-04215,2023-03-03,EQ-024,Tractr,2021-10-31,FARM-03,OP-044,James Miller,11.0,FLD-015,West Field,216.02,11.2,35.0,Repair,,None,0.36,Medium
LOG-00378,2024-08-26,EQ-084,Harvester,2019-07-23,FARM-08,OP-032,James Hernandez,8.0,FLD-019,North Field,158.9,1.4,6.1,Repair,932.55,Hydraulics,0.4,Medium
LOG-04904,2022/11/02,EQ-092,Tractor,,FARM-10,OP-032,James Hernandez,8.0,FLD-019,North Field,158.9,10.9,53.1,None,0.0,None,0.64,Medium
LOG-02217,2022-12-29,EQ-004,Tractor,2021-08-15,FARM-07,OP-007,Emily Johnson,18.0,FLD-003,Golden Field,66.67,4.1,,Routine,1370.54,None,0.84,High
LOG-05318,2023-12-01,EQ-011,Harvester,2017-05-31,,,David Jones,10.0,FLD-008,West Field,188.47,7.0,22.4,None,0.0,None,0.47,Medium
LOG-01614,2023-02-19,EQ-082,Tractor,2015-07-27,FARM-09,OP-012,Daniel Wilson,18.0,FLD-013,Valley Field,169.83,3.9,25.5,None,0.0,,0.8,High
LOG-06276,2024-03-14,EQ-032,Plntr,2022-03-18,FARM-08,OP-038,Grace Gonzalez,8.0,FLD-019,North Field,158.9,2.8,19.7,None,0.0,None,0.24,Low
LOG-03633,2022-02-10,EQ-011,Harvester,2017-05-31,FARM-06,OP-023,Michael Smith,1.0,FLD-008,West Field,188.47,9.7,37.2,None,0.0,None,,Low
LOG-00963,2022-07-16,EQ-038,Planter,2016-01-08,FARM-01,OP-025,Michael Williams,15.0,FLD-013,Valley Field,169.83,7.8,39.4,None,0.0,None,0.78,High
LOG-06700,2024-08-21,EQ-095,Tractor,2017-01-31,FARM-02,OP-010,Robert Anderson,8.0,FLD-009,South Field,474.95,2.1,10.1,None,0.0,None,0.42,Medium
LOG-06562,2024-03-22,EQ-082,Tractor,2015-07-27,FARM-09,OP-021,Chloe Jones,2.0,FLD-003,Golden Field,66.67,5.3,28.7,None,0.0,None,0.48,Medium
LOG-06444,2024-06-04,EQ-006,Harvester,2017-08-10,FARM-09,OP-020,James Hernandez,9.0,FLD-020,West Field,220.65,3.5,22.7,None,0.0,None,0.42,Medium
LOG-00360,"July 13, 2024",EQ-088,Planter,2018-03-14,FARM-07,OP-015,Laura Anderson,4.0,FLD-006,North Field,264.76,1.8,13.0,None,0.0,None,0.32,Medium
LOG-03840,2024-05-23,EQ-073,Tractor,2022-05-23,FARM-07,OP-027,,5.0,FLD-001,Sunny Field,222.94,10.7,83.0,None,0.0,None,0.69,Medium
LOG-04670,26-05-2022,EQ-027,Harvester,2022-09-05,FARM-06,OP-048,William Smith,4.0,FLD-002,Hill Field,223.83,11.1,68.4,Routine,660.04,None,0.74,
LOG-01247,2024-12-22,EQ-053,Sprayer,2018-06-13,FARM-04,OP-019,James Lopez,11.0,FLD-020,West Field,220.65,,15.4,Inspection,517.89,None,0.79,High
LOG-05356,2022-01-03,EQ-090,Sprayer,2017-06-10,,OP-021,Chloe Jones,2.0,FLD-014,River Field,281.66,8.8,53.2,None,0.0,None,0.63,Medium
LOG-03695,2022-09-12,EQ-012,Tractor,2016-01-15,FARM-07,OP-033,Emily Garcia,18.0,FLD-019,North Field,158.9,10.1,71.4,None,0.0,None,0.61,Medium
LOG-06491,2024-03-24,EQ-014,Sprayer,2015-06-27,FARM-08,OP-021,Chloe Jones,2.0,FLD-008,West Field,188.47,8.2,57.0,Routine,905.39,None,0.85,High
LOG-02568,2023/05/14,EQ-041,Plntr,2019-04-13,FARM-10,OP-023,Michael Smith,1.0,FLD-004,,103.14,9.0,28.9,Routine,820.12,None,0.82,High
LOG-03424,"January 05, 2023",EQ-089,Planter,2016-09-26,FARM-04,OP-015,Laura Anderson,4.0,FLD-001,Sunny Field,222.94,7.3,28.7,None,0.0,None,0.29,Low
LOG-02038,2023-03-28,EQ-019,Sprayer,2015-11-23,FARM-04,OP-004,David Hernandez,10.0,FLD-012,River Field,258.49,8.0,34.8,None,0.0,None,0.44,Medium
LOG-00773,2022-10-08,EQ-072,Planter,2017-02-18,FARM-02,OP-030,Alice Jones,12.0,FLD-019,North Field,158.9,3.2,22.9,None,0.0,None,0.49,Medium
LOG-06429,2022-12-13,EQ-018,Tractor,2015-07-07,FARM-04,OP-009,David Anderson,12.0,FLD-004,Sunny Field,103.14,8.7,50.4,None,0.0,None,0.97,High
LOG-03563,2022-01-25,EQ-082,Tractor,2015-07-27,FARM-09,OP-038,,8.0,FLD-016,Valley Field,341.89,11.2,52.6,None,0.0,None,0.6,Medium
LOG-06619,2023-07-19,EQ-068,Sprayer,2015-10-18,FARM-09,OP-010,Robert Anderson,8.0,FLD-003,Golden Field,66.67,4.5,25.8,None,0.0,None,0.8,High
LOG-06392,2022-12-24,EQ-087,Tractor,2019-05-19,FARM-05,OP-019,James Lopez,11.0,,River Field,208.98,8.4,31.9,None,0.0,None,0.57,Medium
LOG-01675,2024/06/03,EQ-021,Planter,2022-02-16,FARM-06,OP-024,William Gonzalez,5.0,FLD-001,Sunny Field,222.94,9.9,36.8,None,,None,0.71,High
LOG-00366,22-02-2022,EQ-062,Planter,2020-10-20,FARM-08,OP-013,Laura Martinez,17.0,,Sunny Field,103.14,3.3,20.4,None,0.0,None,0.47,Medium
LOG-04582,2024-01-21,EQ-097,Planter,2016-05-06,FARM-10,OP-005,Daniel Garcia,3.0,FLD-017,East Field,311.6,2.2,14.6,None,0.0,None,0.4,
LOG-04516,2024-07-27,EQ-049,Harvester,2016-09-18,FARM-06,OP-016,David Jones,4.0,FLD-017,,311.6,5.8,42.8,None,0.0,None,0.88,High
LOG-04328,2023-07-21,EQ-022,Harvester,2019-02-25,FARM-06,OP-004,David Hernandez,10.0,FLD-005,North Field,357.3,9.5,73.9,None,0.0,None,0.5,Medium
LOG-00148,2024-10-13,EQ-050,Harvester,2021-01-18,FARM-09,OP-022,Robert Hernandez,14.0,FLD-006,,264.76,8.6,41.6,None,0.0,None,0.27,Low
LOG-06144,2024-02-07,EQ-067,Harvstr,2015-10-04,FARM-01,OP-048,William Smith,4.0,FLD-010,Hill Field,315.35,8.7,46.2,None,0.0,None,0.98,High
LOG-03089,2022-07-08,EQ-084,Harvester,2019-07-23,FARM-08,OP-006,John Davis,20.0,FLD-010,Hill Field,315.35,2.3,16.6,None,0.0,None,0.63,
LOG-05516,2024/01/30,EQ-085,Planter,2017-05-25,FARM-07,OP-048,William Smith,4.0,FLD-012,River Field,258.49,3.9,25.2,None,0.0,None,0.78,High
LOG-00408,2022-12-04,EQ-063,Tractor,2017-10-12,FARM-04,OP-023,Michael Smith,1.0,FLD-007,,346.56,11.4,86.5,None,0.0,None,0.23,Low
LOG-06520,2023-03-16,EQ-044,Sprayer,2023-08-15,FARM-06,OP-008,James Rodriguez,9.0,FLD-013,Valley Field,169.83,7.6,40.1,None,0.0,None,0.76,
LOG-03457,2023-08-28,EQ-079,Planter,2016-07-28,FARM-07,OP-023,Michael Smith,1.0,FLD-003,Golden Field,66.67,4.7,35.3,None,0.0,None,0.33,Medium
LOG-04183,2023-01-22,EQ-069,Harvester,2018-02-14,FARM-08,OP-024,William Gonzalez,5.0,FLD-013,Valley Field,169.83,3.1,18.7,None,0.0,None,0.6,Medium
LOG-03577,07-12-2022,EQ-073,Tractor,2022-05-23,FARM-07,OP-030,Alice Jones,12.0,FLD-005,North Field,357.3,5.3,31.2,,0.0,None,0.34,Medium
LOG-03272,2022-01-10,EQ-046,Harvester,2020-02-02,FARM-01,OP-003,Sarah Jones,13.0,FLD-005,North Field,357.3,4.3,20.3,None,,None,0.95,High
LOG-01032,2023-10-13,EQ-043,Tractor,2022-08-18,FARM-02,OP-009,David Anderson,12.0,FLD-009,South Field,474.95,8.1,55.1,None,0.0,None,0.97,High
LOG-05215,2023-02-25,EQ-072,Planter,2017-02-18,FARM-02,OP-029,David Miller,5.0,FLD-017,East Field,311.6,6.3,24.2,None,0.0,None,0.98,High
LOG-00856,2023-10-12,EQ-060,,2022-12-30,FARM-05,OP-009,David Anderson,12.0,FLD-003,Golden Field,66.67,8.8,45.4,None,0.0,None,0.32,Medium
LOG-03927,2024-03-03,EQ-042,Planter,2020-12-07,FARM-05,OP-042,,10.0,FLD-008,West Field,188.47,2.5,16.4,Routine,216.36,None,0.51,Medium
LOG-00079,14-10-2022,EQ-084,Harvester,2019-07-23,FARM-08,,Emily Johnson,5.0,FLD-004,Sunny Field,103.14,1.5,4.8,None,0.0,None,0.12,Low
LOG-02248,"July 10, 2022",EQ-025,Harvstr,2016-10-31,FARM-08,OP-024,William Gonzalez,5.0,FLD-013,Valley Field,169.83,4.2,31.9,None,0.0,None,0.55,Medium
LOG-05170,2024-09-01,EQ-007,Tractor,2021-04-17,FARM-04,OP-035,Sarah Wilson,6.0,FLD-012,River Field,258.49,9.1,27.5,None,0.0,None,0.88,High
LOG-06386,2024-08-23,EQ-097,Planter,2016-05-06,FARM-10,OP-035,Sarah Wilson,6.0,FLD-012,River Field,258.49,10.5,,None,0.0,None,0.98,High
LOG-06432,2024-11-27,EQ-049,Harvester,2016-09-18,FARM-06,OP-030,Alice Jones,12.0,,River Field,281.66,10.9,78.6,Routine,1472.06,None,0.29,Low
LOG-06665,2022-05-17,EQ-071,Planter,2017-09-22,,OP-017,Emily Lopez,18.0,FLD-001,Sunny Field,222.94,11.6,83.8,Routine,704.56,None,0.88,High
LOG-00789,2023-06-03,EQ-008,Planter,2017-06-21,FARM-08,OP-031,Alice Anderson,12.0,FLD-004,Sunny Field,103.14,1.5,6.8,Routine,189.93,None,0.13,Low
LOG-02280,2023-11-02,EQ-074,Sprayer,2019-10-01,FARM-07,OP-020,James Hernandez,9.0,FLD-018,River Field,208.98,8.7,36.0,None,0.0,None,0.79,High
LOG-04096,2022-01-24,EQ-046,Harvester,2020-02-02,FARM-01,OP-002,James Hernandez,11.0,FLD-013,Valley Field,169.83,7.5,52.9,None,0.0,None,0.82,High
LOG-03898,2024-02-20,EQ-067,Harvester,2015-10-04,FARM-01,OP-046,Michael Garcia,17.0,FLD-018,River Field,208.98,5.8,18.6,None,0.0,None,0.83,High
LOG-06130,"April 03, 2023",EQ-090,Sprayer,2017-06-10,FARM-01,OP-024,William Gonzalez,5.0,FLD-019,North Field,158.9,3.6,23.7,Repair,1157.74,Filter,0.8,High
LOG-05810,2023-08-23,EQ-014,Sprayer,2015-06-27,FARM-08,OP-003,Sarah Jones,13.0,FLD-004,Sunny Field,103.14,8.4,44.6,None,0.0,None,0.64,Medium
LOG-03632,,EQ-098,Harvester,2021-06-29,FARM-10,OP-042,Daniel Garcia,10.0,FLD-011,South Field,362.68,8.5,64.2,None,0.0,None,0.48,Medium
LOG-05230,2022-06-08,EQ-063,Tractor,2017-10-12,FARM-04,OP-032,James Hernandez,8.0,FLD-020,West Field,220.65,11.7,35.6,None,0.0,None,0.49,Medium
LOG-00425,2023-04-04,EQ-091,Tractor,2023-05-22,FARM-06,OP-044,James Miller,,FLD-017,East Field,,11.8,74.9,None,0.0,None,0.52,Medium
LOG-00393,2023-01-21,EQ-036,Planter,2021-07-18,FARM-07,OP-017,Emily Lopez,18.0,FLD-010,Hill Field,315.35,2.6,17.8,None,0.0,None,0.8,High
LOG-05214,2023-09-16,EQ-008,Plntr,2017-06-21,FARM-08,OP-050,Michael Smith,4.0,FLD-019,North Field,158.9,3.3,23.6,Repair,746.06,None,,High
LOG-06602,2024-09-25,EQ-029,Sprayer,2019-07-02,FARM-05,OP-023,Michael Smith,1.0,FLD-020,West Field,220.65,5.1,21.1,None,0.0,None,0.79,High
LOG-04201,2022-01-24,EQ-002,Harvester,2017-07-03,FARM-03,OP-022,Robert Hernandez,14.0,FLD-017,East Field,311.6,6.4,21.3,Routine,1213.83,None,0.41,Medium
LOG-02673,2022-08-03,EQ-072,,2017-02-18,FARM-02,OP-027,Emily Johnson,5.0,FLD-002,Hill Field,223.83,10.7,72.6,None,0.0,None,,Low
LOG-02749,2022-07-30,EQ-052,Planter,2015-03-21,FARM-02,OP-017,Emily Lopez,18.0,FLD-013,Valley Field,169.83,10.9,40.4,Routine,950.18,None,0.13,Low
LOG-04717,2022/10/21,EQ-004,Tractor,2021-08-15,FARM-07,OP-030,Alice Jones,12.0,FLD-001,Sunny Field,222.94,,,Repair,1203.68,Filter,0.39,Medium
LOG-03494,2022-05-09,EQ-090,,2017-06-10,FARM-01,OP-020,James Hernandez,9.0,FLD-020,West Field,220.65,2.2,14.2,None,0.0,None,0.81,High
LOG-01460,2024-12-09,EQ-066,Tractor,2015-10-18,FARM-01,OP-011,Sophia Jones,6.0,FLD-010,Hill Field,315.35,3.2,25.2,None,0.0,None,0.14,Low
LOG-05042,2023-12-11,EQ-065,Harvester,2021-08-07,FARM-04,,William Smith,4.0,FLD-020,West Field,220.65,10.9,80.2,None,0.0,None,,Low
LOG-05913,2023-07-24,EQ-006,Harvester,2017-08-10,FARM-09,OP-047,Charles Hernandez,18.0,FLD-004,Sunny Field,103.14,4.3,16.6,None,0.0,None,0.17,Low
LOG-03836,09-10-2023,EQ-059,Planter,2017-05-17,,,Michael Smith,4.0,FLD-002,Hill Field,223.83,4.1,23.8,None,0.0,None,0.54,Medium
LOG-05410,2022-10-04,EQ-068,Sprayer,2015-10-18,FARM-09,OP-014,John Hernandez,18.0,FLD-008,West Field,188.47,9.8,70.3,None,0.0,None,0.6,Medium
LOG-06659,2023-03-18,EQ-085,Planter,2017-05-25,FARM-07,OP-013,Laura Martinez,17.0,FLD-004,Sunny Field,103.14,8.0,54.1,None,0.0,None,0.68,Medium
LOG-06686,2022-07-02,EQ-009,,2015-01-27,FARM-03,OP-039,Michael Williams,4.0,FLD-020,West Field,220.65,8.7,45.0,,0.0,None,0.71,High
LOG-02356,2024/04/02,,Tractor,2018-10-16,FARM-01,OP-022,,14.0,FLD-015,West Field,216.02,7.5,56.1,None,0.0,None,0.27,Low
LOG-02443,2024/04/01,EQ-003,Tractor,2022-08-03,FARM-09,OP-009,David Anderson,12.0,FLD-011,South Field,362.68,7.3,25.8,None,0.0,None,0.02,Low
LOG-05437,2022-03-07,EQ-085,Planter,2017-05-25,FARM-07,OP-005,,3.0,FLD-001,Sunny Field,222.94,7.6,39.6,None,0.0,None,0.97,High
LOG-00465,2024-07-12,EQ-034,Harvester,2023-05-10,,OP-027,Emily Johnson,5.0,FLD-013,Valley Field,169.83,7.9,40.8,Routine,,,,Medium
LOG-00164,2024-06-05,EQ-024,Tractor,2021-10-31,FARM-03,,Michael Smith,4.0,,North Field,357.3,6.5,47.7,None,0.0,None,0.52,Medium
LOG-06053,2024-08-24,EQ-004,Tractor,2021-08-15,FARM-07,OP-028,Alice Wilson,12.0,FLD-015,West Field,216.02,8.2,64.6,None,0.0,None,0.82,High
LOG-06263,2024-02-11,EQ-099,Tractor,2021-12-11,FARM-02,,James Lopez,11.0,FLD-011,South Field,362.68,11.2,49.5,Repair,604.15,Belt,0.22,Low
LOG-06706,2024-06-21,EQ-080,Harvester,2018-02-14,FARM-08,OP-026,Grace Rodriguez,1.0,FLD-016,Valley Field,341.89,6.4,35.2,Routine,1252.93,,0.09,Low
LOG-05405,2024-09-21,EQ-050,Harvester,2021-01-18,FARM-09,OP-009,David Anderson,12.0,FLD-004,Sunny Field,103.14,6.6,30.2,None,0.0,None,0.63,Medium
LOG-02010,2023-06-05,EQ-023,Harvester,2022-07-08,FARM-05,OP-050,Michael Smith,4.0,FLD-007,Golden Field,346.56,10.9,52.1,None,0.0,,0.51,Medium
LOG-03085,"May 06, 2022",EQ-026,Planter,2018-01-10,FARM-09,OP-005,Daniel Garcia,3.0,FLD-014,,281.66,8.6,50.1,None,0.0,None,0.49,Medium
LOG-00901,2023-08-11,EQ-032,Planter,2022-03-18,FARM-08,OP-031,Alice Anderson,12.0,FLD-011,South Field,362.68,6.6,22.6,None,0.0,None,0.75,High
LOG-05472,17-12-2024,EQ-030,Tractor,2017-05-14,FARM-10,OP-043,Sarah Brown,1.0,FLD-014,River Field,281.66,,28.7,Routine,1027.16,None,0.89,High
LOG-02294,2024-03-07,EQ-043,Tractor,2022-08-18,FARM-02,OP-019,James Lopez,11.0,FLD-015,West Field,216.02,1.6,10.4,Inspection,84.5,None,0.71,High
LOG-04482,2022-04-16,EQ-040,Planter,2021-09-08,FARM-02,OP-034,,5.0,FLD-011,South Field,,10.8,73.8,None,0.0,None,0.45,Medium
LOG-03717,2023-11-16,EQ-038,Planter,2016-01-08,FARM-01,OP-006,John Davis,20.0,FLD-012,River Field,258.49,-10.3,52.7,None,0.0,None,0.24,Low
LOG-05804,"December 14, 2024",EQ-057,Harvester,2016-06-09,FARM-08,OP-017,Emily Lopez,18.0,FLD-011,South Field,362.68,11.5,62.4,None,0.0,None,0.53,Medium
LOG-01765,2024/01/16,EQ-096,Tractor,2022-07-28,FARM-04,OP-004,David Hernandez,10.0,FLD-010,Hill Field,315.35,2.0,9.7,None,0.0,None,0.54,Medium
LOG-01550,2022-09-02,EQ-096,Tractor,2022-07-28,FARM-04,OP-002,James Hernandez,11.0,FLD-005,North Field,357.3,8.1,41.6,None,0.0,None,0.79,High
LOG-03030,2023-06-08,EQ-035,Sprayer,2023-05-18,FARM-10,OP-050,Michael Smith,4.0,FLD-010,Hill Field,315.35,10.6,53.0,Repair,823.5,None,0.23,Low
LOG-05274,02-07-2023,EQ-028,Tractor,2017-07-27,FARM-01,OP-032,James Hernandez,8.0,FLD-009,South Field,474.95,11.3,65.0,None,0.0,None,0.73,High
LOG-02045,2023-03-25,EQ-001,Tractr,2015-04-13,FARM-05,OP-025,Michael Williams,15.0,FLD-004,Sunny Field,103.14,9.3,39.0,None,0.0,None,0.67,Medium
LOG-00768,2024-11-13,EQ-063,Tractor,2017-10-12,FARM-04,OP-021,Chloe Jones,2.0,FLD-020,West Field,220.65,11.4,86.0,None,0.0,None,0.15,Low
LOG-01509,,EQ-016,Sprayer,2022-01-18,FARM-10,OP-007,Emily Johnson,18.0,FLD-005,North Field,357.3,9.3,54.9,None,0.0,None,0.72,High
LOG-02398,2024-01-25,EQ-023,Harvester,2022-07-08,FARM-05,OP-041,Chloe Brown,7.0,,,66.67,2.0,15.8,None,0.0,None,0.09,Low
LOG-04518,2022-11-02,EQ-055,Tractor,2015-12-17,FARM-08,OP-008,James Rodriguez,9.0,FLD-017,East Field,311.6,4.2,23.9,None,0.0,None,0.08,Low
LOG-04220,"December 12, 2024",EQ-058,Harvester,2017-12-21,,OP-014,John Hernandez,18.0,FLD-019,North Field,158.9,11.4,42.8,None,0.0,,0.33,Medium
LOG-05813,2023-11-24,EQ-042,Planter,2020-12-07,FARM-05,OP-025,Michael Williams,15.0,FLD-017,East Field,311.6,3.1,22.2,Routine,906.43,None,0.68,Medium
LOG-05602,2024/12/18,EQ-014,Sprayer,2015-06-27,FARM-08,OP-017,Emily Lopez,18.0,FLD-008,West Field,188.47,8.4,31.6,None,0.0,None,,Low
LOG-03293,2022-06-24,EQ-081,Harvester,2015-11-05,FARM-08,OP-017,Emily Lopez,18.0,FLD-007,Golden Field,346.56,6.7,43.8,None,0.0,None,0.25,Low
LOG-00820,2022-06-07,EQ-055,Tractor,2015-12-17,FARM-08,OP-014,John Hernandez,18.0,FLD-012,River Field,258.49,8.2,37.0,None,0.0,None,0.43,Medium
LOG-01404,2024/02/13,EQ-005,Tractor,2015-05-03,FARM-02,OP-018,David Jones,10.0,FLD-004,Sunny Field,103.14,8.2,30.0,None,0.0,None,0.27,Low
LOG-01383,"September 03, 2022",EQ-059,Planter,2017-05-17,FARM-09,OP-019,James Lopez,11.0,FLD-004,Sunny Field,,5.9,30.5,None,0.0,None,0.86,High
LOG-02149,2024-08-03,EQ-014,Sprayer,2015-06-27,FARM-08,OP-009,David Anderson,12.0,FLD-009,South Field,474.95,5.8,20.6,None,0.0,None,0.76,High
LOG-01639,2024-10-17,EQ-009,Sprayer,2015-01-27,FARM-03,OP-012,Daniel Wilson,18.0,FLD-007,Golden Field,346.56,3.0,12.3,,0.0,None,0.86,High
LOG-06730,2024-04-02,EQ-081,Harvester,2015-11-05,FARM-08,OP-018,David Jones,10.0,FLD-006,North Field,264.76,11.0,76.1,,0.0,None,0.88,High
LOG-00400,2023-02-03,EQ-080,Harvester,2018-02-14,FARM-08,OP-005,Daniel Garcia,,FLD-016,Valley Field,341.89,6.5,47.7,None,0.0,None,0.3,Medium
LOG-00883,2024-09-12,EQ-025,Harvester,2016-10-31,FARM-08,OP-002,James Hernandez,11.0,FLD-007,Golden Field,346.56,8.1,50.6,None,0.0,None,0.62,Medium
LOG-03566,2023-04-20,EQ-012,Tractor,2016-01-15,FARM-07,OP-026,Grace Rodriguez,1.0,FLD-009,South Field,474.95,9.4,57.9,None,0.0,None,0.21,Low
LOG-06249,2022-11-05,EQ-078,Harvester,2017-02-23,,OP-037,John Williams,11.0,FLD-015,West Field,216.02,6.7,31.0,None,0.0,None,0.13,Low
LOG-01180,2024-08-20,EQ-054,Tractor,2017-09-13,FARM-10,OP-010,Robert Anderson,8.0,FLD-006,,264.76,9.2,62.0,,0.0,None,0.3,Medium
LOG-04245,2022-04-05,,Tractor,2021-09-19,FARM-06,OP-036,Jessica Anderson,14.0,FLD-013,Valley Field,,9.6,58.4,None,0.0,,0.86,High
LOG-04762,2022-08-09,EQ-045,Tractor,2018-04-17,FARM-07,OP-041,Chloe Brown,7.0,FLD-007,,346.56,8.3,31.3,None,0.0,None,0.35,Medium
LOG-02131,2022-04-20,EQ-053,Sprayer,2018-06-13,FARM-04,OP-030,Alice Jones,12.0,FLD-005,,357.3,2.3,15.8,None,0.0,None,0.12,Low
LOG-00457,2023/11/11,EQ-045,Tractr,2018-04-17,,OP-015,Laura Anderson,4.0,FLD-007,Golden Field,346.56,4.6,20.6,None,0.0,None,0.62,
LOG-01951,2023-01-30,EQ-074,Sprayer,2019-10-01,FARM-07,OP-002,James Hernandez,11.0,FLD-009,South Field,474.95,2.9,11.0,None,0.0,None,0.73,High
LOG-00690,2023-07-30,EQ-036,Planter,2021-07-18,FARM-07,OP-017,Emily Lopez,18.0,FLD-005,,357.3,4.0,17.1,None,0.0,,0.6,Medium
LOG-05526,2024-07-14,EQ-024,Tractor,2021-10-31,,OP-037,John Williams,11.0,FLD-007,Golden Field,346.56,1.3,6.7,None,0.0,None,0.63,Medium
LOG-01954,2022-11-22,EQ-020,Tractor,2019-04-06,FARM-05,OP-045,Michael Wilson,3.0,FLD-003,Golden Field,66.67,6.2,18.8,None,0.0,None,0.53,Medium
LOG-02711,2022-02-22,EQ-034,Harvester,2023-05-10,FARM-09,OP-001,William Anderson,9.0,FLD-012,River Field,,8.6,66.4,,0.0,None,0.15,Low
LOG-05358,"May 12, 2023",EQ-007,Tractor,2021-04-17,FARM-04,OP-041,Chloe Brown,7.0,FLD-011,,362.68,1.6,8.6,Repair,999.54,None,0.03,Low
LOG-04350,2022-04-16,EQ-074,Sprayer,2019-10-01,FARM-07,OP-034,Grace Martinez,5.0,FLD-003,Golden Field,66.67,5.9,47.1,None,0.0,None,0.39,
LOG-06070,2024-11-16,EQ-097,Planter,2016-05-06,FARM-10,OP-004,David Hernandez,10.0,FLD-013,Valley Field,169.83,,5.9,None,0.0,None,0.96,High
LOG-01885,2023/01/12,EQ-085,Planter,2017-05-25,FARM-07,OP-021,Chloe Jones,2.0,FLD-019,North Field,158.9,1.1,7.6,None,0.0,None,0.42,Medium
LOG-00170,2023-09-02,EQ-062,Planter,2020-10-20,FARM-08,OP-016,David Jones,4.0,FLD-013,Valley Field,169.83,6.0,38.7,Inspection,652.65,None,0.47,Medium
LOG-06179,2024/03/24,EQ-086,,2016-11-05,FARM-07,OP-018,David Jones,10.0,FLD-011,South Field,362.68,1.1,6.3,None,0.0,None,0.36,Medium
LOG-02495,2024-04-04,,Sprayer,2023-08-15,FARM-06,OP-041,Chloe Brown,7.0,FLD-004,Sunny Field,103.14,2.9,15.3,None,0.0,None,0.55,Medium
LOG-03037,"April 14, 2023",EQ-012,Tractor,2016-01-15,FARM-07,OP-005,Daniel Garcia,3.0,FLD-009,South Field,474.95,5.8,32.9,Inspection,200.63,None,0.79,High
LOG-03604,2022-09-27,EQ-035,Sprayer,2023-05-18,FARM-10,OP-026,Grace Rodriguez,1.0,FLD-014,River Field,281.66,10.6,48.7,None,0.0,None,0.77,High
LOG-00846,2022-12-12,EQ-060,Harvester,2022-12-30,FARM-05,OP-013,Laura Martinez,17.0,FLD-009,South Field,474.95,1.5,9.1,None,,None,0.16,Low
LOG-00543,2023-04-15,EQ-084,Harvester,2019-07-23,FARM-08,OP-025,,15.0,FLD-010,Hill Field,315.35,3.7,16.4,None,0.0,None,0.14,Low
LOG-03725,2024-07-17,EQ-062,Planter,2020-10-20,FARM-08,OP-043,Sarah Brown,1.0,FLD-013,Valley Field,169.83,8.3,35.7,Routine,1391.81,None,0.25,Low
LOG-04188,2024-05-24,EQ-051,Tractor,2021-09-19,FARM-06,OP-030,Alice Jones,12.0,FLD-009,South Field,474.95,3.9,30.9,None,,None,0.89,High
LOG-03680,2022/02/26,EQ-029,Sprayer,2019-07-02,FARM-05,OP-050,Michael Smith,4.0,FLD-002,Hill Field,223.83,1.3,4.4,None,0.0,None,0.16,Low
LOG-05585,2024-06-15,EQ-096,Tractor,2022-07-28,FARM-04,,Alice Anderson,12.0,FLD-004,Sunny Field,103.14,11.3,52.9,Routine,480.06,None,0.58,Medium
LOG-05723,2022-09-14,EQ-081,Harvester,2015-11-05,FARM-08,OP-046,Michael Garcia,17.0,FLD-014,River Field,281.66,10.1,57.2,None,0.0,None,0.8,High
LOG-04792,2024-06-22,EQ-041,Planter,2019-04-13,FARM-10,OP-017,Emily Lopez,18.0,FLD-013,Valley Field,169.83,11.1,72.7,None,0.0,None,0.72,High
LOG-02965,2022-01-03,EQ-018,Tractor,2015-07-07,FARM-04,OP-043,Sarah Brown,1.0,FLD-014,River Field,281.66,2.9,17.6,None,0.0,None,0.65,Medium
LOG-02530,2023-04-02,EQ-042,Planter,2020-12-07,FARM-05,OP-024,William Gonzalez,5.0,,West Field,220.65,7.6,35.2,Routine,1244.93,None,0.24,Low
LOG-01049,2024-05-16,EQ-011,,2017-05-31,FARM-06,OP-034,Grace Martinez,5.0,,Golden Field,346.56,2.8,14.4,None,0.0,None,0.5,Medium
LOG-01961,2022-04-19,EQ-075,Planter,,FARM-01,OP-046,Michael Garcia,17.0,FLD-005,North Field,357.3,6.7,38.2,None,0.0,,0.13,Low
LOG-02531,2024-09-28,EQ-029,,2019-07-02,FARM-05,OP-021,Chloe Jones,2.0,FLD-001,Sunny Field,222.94,10.1,79.3,None,0.0,None,0.72,High
LOG-05141,2024-08-03,EQ-009,Sprayer,2015-01-27,FARM-03,OP-015,Laura Anderson,4.0,FLD-006,North Field,264.76,,12.6,None,0.0,None,0.18,Low
LOG-00238,2022-05-04,EQ-065,Harvester,2021-08-07,FARM-04,OP-030,Alice Jones,12.0,FLD-012,River Field,258.49,7.8,49.4,None,0.0,None,0.48,Medium
LOG-01134,"February 13, 2023",EQ-055,Tractor,2015-12-17,FARM-08,OP-002,James Hernandez,11.0,FLD-020,West Field,220.65,2.0,6.5,None,0.0,None,0.31,Medium
LOG-05788,2024-06-08,EQ-088,Planter,2018-03-14,FARM-07,OP-050,Michael Smith,4.0,FLD-001,Sunny Field,222.94,3.0,20.0,None,0.0,None,0.32,Medium
LOG-04260,2023-07-26,EQ-019,Sprayer,2015-11-23,FARM-04,OP-013,Laura Martinez,17.0,FLD-020,West Field,220.65,1.1,4.1,None,0.0,None,0.79,High
LOG-05496,2022-11-23,EQ-009,Sprayer,2015-01-27,FARM-03,OP-018,David Jones,10.0,FLD-001,Sunny Field,222.94,11.0,43.0,None,0.0,None,0.83,High
LOG-05247,2024-06-21,EQ-028,Tractor,2017-07-27,FARM-01,OP-019,James Lopez,11.0,FLD-018,River Field,208.98,4.9,23.6,Routine,1490.61,None,0.55,Medium
LOG-05465,2023-08-11,EQ-088,Planter,2018-03-14,FARM-07,OP-011,Sophia Jones,6.0,FLD-016,Valley Field,341.89,8.4,58.5,None,0.0,,0.19,Low
LOG-02979,"April 12, 2023",EQ-004,Tractor,2021-08-15,FARM-07,OP-010,Robert Anderson,8.0,FLD-006,North Field,264.76,6.2,44.3,Routine,1077.22,None,0.79,High
LOG-06419,2023-08-15,EQ-080,Harvester,2018-02-14,FARM-08,OP-031,Alice Anderson,12.0,FLD-006,North Field,264.76,1.8,5.9,None,0.0,None,0.33,Medium
LOG-05371,03-04-2022,EQ-053,Sprayer,2018-06-13,FARM-04,OP-013,Laura Martinez,17.0,FLD-014,River Field,281.66,5.8,21.7,None,0.0,None,0.84,High
LOG-04713,2022-08-15,EQ-027,Harvester,2022-09-05,FARM-06,OP-017,Emily Lopez,18.0,FLD-017,East Field,311.6,7.7,54.1,None,0.0,None,0.21,Low
LOG-03920,2022-04-07,EQ-008,Planter,2017-06-21,FARM-08,OP-006,John Davis,20.0,FLD-005,North Field,357.3,3.5,27.2,None,0.0,None,0.04,Low
LOG-03139,2024/10/21,EQ-030,Tractor,2017-05-14,FARM-10,OP-038,Grace Gonzalez,8.0,FLD-006,North Field,264.76,1.5,8.5,None,0.0,None,0.36,Medium
LOG-06240,2023-12-30,EQ-012,Tractor,2016-01-15,FARM-07,OP-017,Emily Lopez,18.0,FLD-005,North Field,357.3,11.3,76.4,None,0.0,None,0.39,Medium
LOG-04074,2022-03-05,EQ-067,Harvstr,2015-10-04,FARM-01,OP-001,William Anderson,9.0,FLD-004,Sunny Field,103.14,1.8,13.1,None,0.0,None,0.85,High
LOG-06009,2022/02/15,EQ-010,Planter,2018-10-25,FARM-05,OP-023,Michael Smith,1.0,FLD-007,Golden Field,346.56,6.3,33.6,None,0.0,None,0.98,High
LOG-03230,2023-01-04,EQ-009,,2015-01-27,FARM-03,OP-022,Robert Hernandez,14.0,FLD-018,River Field,208.98,7.9,2570.0,None,0.0,None,0.06,Low
LOG-01827,2023-10-22,EQ-056,Tractor,2023-07-13,FARM-09,OP-034,Grace Martinez,5.0,FLD-011,South Field,362.68,1.2,6.6,None,0.0,None,0.44,Medium
LOG-00594,2023-05-20,EQ-079,,2016-07-28,FARM-07,OP-048,William Smith,4.0,FLD-017,East Field,311.6,3.7,16.0,None,0.0,,0.68,Medium
LOG-02726,2022-01-11,EQ-057,Harvester,2016-06-09,FARM-08,OP-028,Alice Wilson,12.0,FLD-008,West Field,188.47,6.9,53.7,Routine,626.66,None,0.92,High
LOG-04138,2022-11-11,EQ-017,Sprayer,2021-06-22,FARM-04,OP-008,James Rodriguez,9.0,FLD-012,River Field,258.49,6.5,27.8,None,0.0,None,0.97,High
LOG-00561,2022-08-20,EQ-007,Tractor,2021-04-17,FARM-04,OP-043,Sarah Brown,1.0,FLD-007,Golden Field,346.56,3.6,18.6,Routine,1201.87,None,0.58,Medium
LOG-05478,2024-01-13,EQ-083,Tractor,2016-01-18,FARM-04,OP-050,Michael Smith,4.0,FLD-013,Valley Field,169.83,9.2,68.2,None,0.0,None,0.59,Medium
LOG-06227,24-08-2023,EQ-096,Tractor,2022-07-28,FARM-04,OP-012,Daniel Wilson,18.0,FLD-012,River Field,258.49,7.6,30.2,None,0.0,None,0.33,Medium
LOG-00244,2022-07-15,EQ-064,Tractor,2018-10-16,FARM-01,OP-028,Alice Wilson,12.0,FLD-011,South Field,362.68,10.8,82.0,None,0.0,None,0.89,
LOG-04438,"May 19, 2023",EQ-061,Planter,,FARM-06,OP-004,David Hernandez,10.0,FLD-001,Sunny Field,222.94,4.0,30.1,None,0.0,None,0.2,
LOG-04837,2022-12-15,EQ-027,Harvester,2022-09-05,FARM-06,OP-002,James Hernandez,11.0,FLD-019,North Field,158.9,10.4,,Inspection,917.08,None,0.65,Medium
LOG-00406,2022-07-30,EQ-045,Tractor,2018-04-17,FARM-07,OP-020,James Hernandez,9.0,FLD-005,North Field,357.3,5.2,30.9,Inspection,1244.57,None,0.3,Medium
LOG-01443,"October 24, 2024",EQ-008,Planter,2017-06-21,FARM-08,OP-005,Daniel Garcia,3.0,FLD-007,Golden Field,346.56,2.6,11.3,Inspection,114.54,None,0.61,Medium
LOG-00262,2023/01/04,EQ-073,Tractor,2022-05-23,FARM-07,OP-013,Laura Martinez,17.0,FLD-019,North Field,158.9,8.5,48.9,None,0.0,None,0.46,Medium
LOG-04679,31-10-2024,EQ-078,Harvester,2017-02-23,FARM-04,OP-041,Chloe Brown,7.0,FLD-015,West Field,216.02,10.6,40.5,None,0.0,None,0.64,Medium
LOG-06379,2022-06-09,EQ-076,Tractor,2015-09-06,FARM-07,OP-028,Alice Wilson,12.0,FLD-020,West Field,220.65,1.5,6.8,Repair,1484.43,Blade,0.81,High
LOG-01690,2022-03-22,EQ-019,Sprayr,2015-11-23,FARM-04,OP-029,David Miller,5.0,FLD-004,Sunny Field,103.14,2.5,12.3,None,0.0,None,0.18,Low
LOG-01726,2023-02-03,EQ-044,Sprayer,2023-08-15,FARM-06,OP-037,John Williams,11.0,FLD-011,South Field,362.68,,85.3,None,0.0,None,0.57,Medium
LOG-02497,2022-11-09,EQ-029,Sprayer,2019-07-02,FARM-05,OP-046,Michael Garcia,17.0,FLD-020,West Field,220.65,2.1,12.0,None,0.0,None,0.96,High
LOG-04693,"November 09, 2023",EQ-059,,2017-05-17,FARM-09,OP-049,Michael Williams,,FLD-019,North Field,158.9,1.4,7.3,None,0.0,None,0.91,High
LOG-00341,"July 28, 2023",EQ-028,Tractor,2017-07-27,FARM-01,OP-012,Daniel Wilson,18.0,FLD-009,South Field,474.95,5.9,22.1,None,0.0,None,0.61,Medium
LOG-06504,2024-05-25,EQ-003,Tractor,2022-08-03,FARM-09,,Alice Jones,12.0,FLD-013,Valley Field,169.83,5.7,43.8,None,0.0,None,0.67,Medium
LOG-01602,2024-05-13,EQ-086,Tractor,2016-11-05,FARM-07,OP-032,James Hernandez,8.0,FLD-014,River Field,281.66,1.6,5.6,None,0.0,None,0.84,
LOG-04577,2024-05-18,EQ-018,Tractor,2015-07-07,FARM-04,OP-022,Robert Hernandez,14.0,FLD-017,East Field,311.6,,43.6,None,0.0,None,0.33,Medium
LOG-03726,2024-09-13,EQ-074,Sprayer,2019-10-01,FARM-07,OP-013,Laura Martinez,17.0,FLD-004,Sunny Field,103.14,11.1,55.0,None,0.0,None,0.43,Medium
LOG-04684,"December 30, 2024",EQ-074,Sprayer,2019-10-01,,OP-031,Alice Anderson,12.0,FLD-020,West Field,220.65,10.3,41.7,None,0.0,None,0.03,Low
LOG-02786,2023-02-10,EQ-089,Planter,2016-09-26,FARM-04,OP-030,Alice Jones,12.0,FLD-006,North Field,264.76,6.7,44.7,None,0.0,None,0.65,Medium
LOG-01524,2022-12-30,EQ-030,Tractor,2017-05-14,FARM-10,OP-045,Michael Wilson,3.0,FLD-015,West Field,216.02,1.4,8.5,None,0.0,None,0.1,Low
LOG-06509,2022-01-11,EQ-050,Harvester,2021-01-18,FARM-09,OP-004,David Hernandez,10.0,FLD-001,Sunny Field,222.94,10.7,61.6,None,0.0,None,0.02,Low
LOG-06207,2024-11-14,EQ-062,Planter,2020-10-20,FARM-08,OP-005,Daniel Garcia,3.0,FLD-003,Golden Field,66.67,1.9,14.4,Repair,55.54,Belt,0.2,
LOG-06480,2022-09-19,EQ-094,Harvester,2015-08-21,,OP-001,William Anderson,9.0,FLD-002,Hill Field,223.83,8.2,54.9,None,0.0,None,0.59,Medium
LOG-01767,2023/08/22,EQ-048,Tractor,2022-01-05,FARM-05,OP-030,Alice Jones,,FLD-012,River Field,258.49,2.6,16.5,None,0.0,None,0.67,Medium
LOG-02712,2022-06-21,,Planter,2018-01-10,FARM-09,OP-037,John Williams,11.0,FLD-014,River Field,281.66,11.5,53.3,None,0.0,None,0.43,Medium
LOG-04038,"March 19, 2022",EQ-072,,2017-02-18,FARM-02,OP-014,John Hernandez,18.0,FLD-019,North Field,158.9,3.4,18.0,None,0.0,None,0.47,Medium
LOG-06377,2023-09-19,EQ-064,Tractor,2018-10-16,FARM-01,OP-049,Michael Williams,,FLD-006,North Field,264.76,3.8,21.0,None,0.0,,0.73,High
LOG-05667,2024-08-30,EQ-047,Sprayer,2020-08-12,FARM-03,OP-024,William Gonzalez,5.0,FLD-011,South Field,362.68,4.3,21.0,None,0.0,None,0.55,Medium
LOG-06540,2023/12/30,EQ-081,Harvester,2015-11-05,FARM-08,,,,FLD-016,Valley Field,341.89,6.1,36.0,Routine,,None,0.6,Medium
LOG-00364,2023-07-31,EQ-094,Harvester,2015-08-21,,OP-035,Sarah Wilson,6.0,FLD-009,South Field,474.95,4.3,15.0,None,0.0,None,0.55,Medium
LOG-02452,2024-03-02,EQ-024,Tractor,2021-10-31,FARM-03,OP-017,Emily Lopez,18.0,FLD-002,Hill Field,,,,None,0.0,None,0.91,
LOG-06292,2023-03-02,,Tractor,2021-12-11,FARM-02,OP-042,Daniel Garcia,10.0,FLD-007,Golden Field,346.56,8.7,60.8,Inspection,200.04,None,0.39,Medium
LOG-04444,2024-06-15,EQ-021,Planter,,FARM-06,OP-042,Daniel Garcia,10.0,FLD-014,River Field,281.66,8.2,63.4,None,0.0,None,,Medium
LOG-05575,06-03-2024,EQ-066,Tractor,2015-10-18,FARM-01,OP-046,Michael Garcia,17.0,FLD-010,,315.35,10.5,46.6,Inspection,191.64,None,0.11,Low
LOG-06459,2024-01-19,EQ-010,Planter,2018-10-25,FARM-05,OP-040,Charles Wilson,2.0,FLD-003,Golden Field,66.67,8.4,45.4,Routine,1375.63,None,0.87,High
LOG-02563,2022-08-04,EQ-093,Planter,2020-08-21,FARM-09,OP-037,John Williams,11.0,FLD-006,North Field,264.76,5.9,34.7,None,0.0,None,0.15,Low
LOG-04880,2023-03-27,EQ-079,Planter,2016-07-28,FARM-07,OP-033,Emily Garcia,18.0,FLD-008,West Field,188.47,1.1,8.6,None,0.0,None,0.36,Medium
LOG-06412,2024-04-07,EQ-068,Sprayer,2015-10-18,FARM-09,OP-001,William Anderson,9.0,FLD-018,River Field,208.98,11.6,65.1,None,0.0,None,0.88,High
LOG-03084,2023-09-12,EQ-034,Harvester,2023-05-10,FARM-09,OP-033,Emily Garcia,18.0,FLD-011,South Field,362.68,7.1,52.8,None,0.0,,0.22,Low
LOG-06443,,EQ-040,Planter,2021-09-08,FARM-02,OP-034,Grace Martinez,5.0,,North Field,264.76,6.6,3590.0,Routine,1372.43,None,0.61,Medium
LOG-02103,2022-07-09,EQ-083,Tractor,2016-01-18,FARM-04,OP-001,William Anderson,9.0,FLD-010,Hill Field,315.35,1.6,10.7,None,0.0,None,0.52,Medium
LOG-00633,2022-04-11,EQ-081,Harvester,2015-11-05,FARM-08,OP-036,Jessica Anderson,,FLD-007,Golden Field,,3.0,9.8,None,0.0,None,,Low
LOG-02494,2023-02-22,EQ-065,Harvester,2021-08-07,FARM-04,OP-040,Charles Wilson,2.0,FLD-013,Valley Field,169.83,3.4,18.4,None,0.0,None,0.09,Low
LOG-02666,2024-05-09,EQ-068,Sprayer,2015-10-18,FARM-09,OP-034,Grace Martinez,5.0,FLD-009,South Field,474.95,6.9,55.0,None,0.0,None,0.86,High
LOG-06345,"April 22, 2023",EQ-045,Tractor,2018-04-17,FARM-07,OP-034,Grace Martinez,5.0,FLD-004,Sunny Field,103.14,,21.0,,168.46,None,0.87,High
LOG-04407,2022-09-30,EQ-059,,2017-05-17,FARM-09,OP-037,John Williams,11.0,FLD-010,,315.35,1.5,8.0,None,0.0,None,0.15,Low
LOG-06210,"May 11, 2024",EQ-009,Sprayer,,FARM-03,OP-025,Michael Williams,15.0,FLD-015,West Field,216.02,8.1,38.9,None,0.0,None,0.93,High
LOG-04955,2023-10-24,EQ-050,Harvester,2021-01-18,FARM-09,OP-010,Robert Anderson,8.0,,North Field,158.9,3.1,23.1,None,0.0,None,,High
LOG-02335,2022-09-25,EQ-092,Tractor,,FARM-10,OP-013,Laura Martinez,17.0,FLD-002,Hill Field,223.83,6.5,33.1,None,0.0,None,0.41,Medium
LOG-05357,2023/05/17,,Tractr,2015-05-03,FARM-02,OP-025,Michael Williams,15.0,FLD-009,South Field,474.95,6.2,37.9,Routine,459.85,None,0.88,High
LOG-03620,2023-12-03,EQ-082,Tractor,2015-07-27,FARM-09,OP-020,James Hernandez,9.0,FLD-007,Golden Field,346.56,10.5,64.2,None,0.0,None,0.5,Medium
LOG-03884,2024-11-16,EQ-038,Planter,2016-01-08,FARM-01,OP-018,,10.0,FLD-011,South Field,362.68,3.8,20.0,None,0.0,None,0.08,Low
LOG-04740,2022-01-29,EQ-050,Harvester,2021-01-18,FARM-09,OP-017,Emily Lopez,18.0,FLD-014,River Field,281.66,4.8,35.6,None,0.0,None,0.69,Medium
LOG-04212,2024-04-03,EQ-017,Sprayer,2021-06-22,FARM-04,OP-039,Michael Williams,4.0,FLD-020,West Field,220.65,5.2,21.3,None,0.0,None,0.82,High
LOG-01495,2024-04-16,EQ-099,Tractor,2021-12-11,FARM-02,OP-050,Michael Smith,4.0,FLD-013,Valley Field,169.83,4.9,20.0,None,0.0,None,0.28,Low
LOG-02402,2022-07-16,EQ-010,Planter,2018-10-25,,OP-040,Charles Wilson,2.0,FLD-016,Valley Field,341.89,2.5,15.8,Repair,156.27,Belt,0.57,
LOG-03875,2022-04-18,EQ-016,Sprayer,2022-01-18,FARM-10,OP-033,Emily Garcia,18.0,FLD-007,Golden Field,346.56,10.0,52.7,None,0.0,None,0.65,Medium
LOG-01233,2023-01-18,EQ-082,Tractor,2015-07-27,FARM-09,OP-041,Chloe Brown,7.0,,River Field,258.49,3.6,27.0,None,0.0,None,0.53,Medium
LOG-02662,2022-02-05,EQ-033,Harvester,2017-12-20,FARM-03,OP-037,John Williams,11.0,FLD-006,,264.76,11.7,73.7,None,0.0,None,0.29,Low
LOG-02818,2022-07-30,EQ-097,Planter,2016-05-06,FARM-10,OP-049,Michael Williams,19.0,FLD-002,Hill Field,223.83,5.2,37.7,None,0.0,None,0.58,Medium
LOG-06389,2022-06-09,EQ-023,Harvester,2022-07-08,FARM-05,OP-007,Emily Johnson,18.0,FLD-006,North Field,264.76,6.9,27.3,Inspection,1287.25,None,0.96,High
LOG-05553,2023-07-26,EQ-009,Sprayer,2015-01-27,FARM-03,OP-034,Grace Martinez,5.0,FLD-016,Valley Field,341.89,6.1,36.6,None,0.0,None,0.69,Medium
LOG-04154,2024-02-02,EQ-075,,2023-03-06,FARM-01,OP-023,Michael Smith,1.0,FLD-012,River Field,258.49,7.3,31.3,Routine,407.78,None,0.57,Medium
LOG-05205,2023/11/06,EQ-019,Sprayer,2015-11-23,FARM-04,OP-022,Robert Hernandez,14.0,FLD-002,Hill Field,223.83,12.0,44.2,None,0.0,None,0.79,High
LOG-03062,2023-05-20,EQ-043,Tractor,2022-08-18,FARM-02,OP-033,Emily Garcia,18.0,FLD-014,River Field,,8.4,26.3,None,0.0,None,0.4,Medium
LOG-05980,"August 04, 2022",EQ-064,Tractor,,FARM-01,OP-022,Robert Hernandez,14.0,FLD-007,Golden Field,346.56,,24.6,None,0.0,None,0.66,Medium
LOG-05225,2022-05-24,EQ-046,Harvester,2020-02-02,FARM-01,OP-015,Laura Anderson,4.0,,,216.02,11.9,61.1,None,0.0,None,0.32,Medium
LOG-01736,2023-08-07,EQ-091,Tractor,2023-05-22,FARM-06,OP-039,Michael Williams,4.0,FLD-015,West Field,216.02,,10.2,None,0.0,None,0.13,Low
LOG-02824,2023-11-26,EQ-019,Sprayer,2015-11-23,FARM-04,OP-034,Grace Martinez,5.0,FLD-017,East Field,,11.5,45.1,None,0.0,None,0.63,Medium
LOG-05330,2023-12-11,EQ-068,Sprayer,2015-10-18,FARM-09,,Sarah Wilson,6.0,FLD-002,Hill Field,223.83,10.3,34.2,None,0.0,None,0.23,Low
LOG-04788,15-05-2024,EQ-018,Tractor,2015-07-07,FARM-04,,Grace Gonzalez,8.0,FLD-006,North Field,264.76,10.2,52.0,None,0.0,None,0.97,High
LOG-02476,2024/12/30,EQ-006,Harvester,2017-08-10,FARM-09,OP-003,Sarah Jones,13.0,FLD-009,South Field,474.95,10.4,42.9,None,0.0,None,0.07,Low
LOG-02565,2024-08-09,EQ-065,Harvester,2021-08-07,FARM-04,OP-035,Sarah Wilson,6.0,FLD-001,Sunny Field,222.94,,35.5,None,0.0,None,0.32,Medium
LOG-05892,2022-03-21,EQ-067,Harvester,2015-10-04,FARM-01,OP-039,Michael Williams,4.0,FLD-020,,220.65,-8.1,37.4,None,0.0,None,0.86,High
LOG-05406,03-11-2022,EQ-041,Planter,2019-04-13,FARM-10,OP-022,Robert Hernandez,14.0,FLD-010,Hill Field,315.35,3.9,22.7,None,0.0,None,0.46,Medium
LOG-00708,,EQ-100,Planter,2022-05-16,FARM-10,OP-029,David Miller,5.0,FLD-001,Sunny Field,222.94,2.6,16.1,None,0.0,None,0.66,Medium
LOG-03047,2022-08-22,EQ-097,Planter,2016-05-06,FARM-10,OP-003,Sarah Jones,13.0,FLD-003,Golden Field,66.67,9.3,39.8,None,0.0,None,0.23,Low
LOG-05971,2023-12-27,EQ-055,Tractor,2015-12-17,FARM-08,OP-001,William Anderson,9.0,FLD-011,South Field,362.68,1.2,7.5,None,0.0,None,0.34,Medium
LOG-05336,2022-03-19,EQ-059,Planter,2017-05-17,FARM-09,OP-006,John Davis,20.0,FLD-011,South Field,362.68,1.3,7.1,Routine,1047.33,None,0.86,
LOG-00073,2024-01-18,EQ-057,,2016-06-09,FARM-08,OP-003,Sarah Jones,13.0,FLD-019,North Field,158.9,9.1,31.4,None,0.0,None,0.74,High
LOG-04449,2022/03/06,EQ-075,Planter,2023-03-06,FARM-01,OP-043,Sarah Brown,1.0,FLD-010,Hill Field,315.35,3.0,11.9,Inspection,854.98,None,0.59,Medium
LOG-06543,30-09-2022,EQ-100,Planter,2022-05-16,FARM-10,OP-048,William Smith,4.0,FLD-007,Golden Field,346.56,9.4,59.7,None,0.0,None,0.39,Medium
LOG-01191,2023-11-10,EQ-017,Sprayr,2021-06-22,FARM-04,OP-045,Michael Wilson,3.0,FLD-004,Sunny Field,103.14,5.5,36.9,,1220.87,Belt,0.03,Low
LOG-02602,2022-03-13,EQ-022,Harvester,2019-02-25,FARM-06,OP-004,David Hernandez,10.0,FLD-005,North Field,357.3,1.3,,None,0.0,None,0.39,Medium
LOG-01126,2022-03-24,EQ-015,Tractr,2019-03-31,FARM-02,OP-013,Laura Martinez,17.0,FLD-010,Hill Field,315.35,2.5,12.8,None,0.0,None,0.04,Low
LOG-01242,2023/12/15,EQ-062,,2020-10-20,FARM-08,OP-013,Laura Martinez,17.0,FLD-003,Golden Field,66.67,8.8,55.1,None,0.0,None,0.8,High
LOG-05466,2024/09/01,EQ-066,Tractor,2015-10-18,FARM-01,OP-044,James Miller,11.0,FLD-020,West Field,220.65,4.5,15.5,None,,None,0.35,Medium
LOG-06298,"August 22, 2023",EQ-023,Harvester,2022-07-08,FARM-05,OP-023,Michael Smith,1.0,FLD-014,River Field,281.66,9.5,,None,0.0,None,0.32,Medium
LOG-03352,2023-06-13,EQ-077,Sprayer,2023-12-24,FARM-02,OP-017,Emily Lopez,18.0,FLD-012,River Field,258.49,2.1,8.5,None,,None,0.26,Low
LOG-04009,2024-01-10,EQ-027,Harvester,2022-09-05,FARM-06,OP-036,Jessica Anderson,14.0,FLD-007,Golden Field,346.56,6.1,30.8,None,0.0,None,0.82,High
LOG-01578,2023-05-29,EQ-014,Sprayer,2015-06-27,FARM-08,OP-016,David Jones,4.0,FLD-008,West Field,188.47,3.0,18.9,None,0.0,None,0.96,High
LOG-03907,2024-09-10,EQ-082,Tractor,2015-07-27,FARM-09,OP-046,Michael Garcia,17.0,FLD-012,River Field,258.49,3.7,27.6,Inspection,1433.36,None,0.14,Low
LOG-03730,28-07-2022,EQ-077,,2023-12-24,FARM-02,OP-029,David Miller,5.0,FLD-001,Sunny Field,222.94,11.3,71.3,None,0.0,None,0.33,Medium
LOG-04359,2022-01-15,EQ-038,Planter,2016-01-08,FARM-01,OP-008,James Rodriguez,9.0,FLD-010,Hill Field,315.35,9.3,38.0,None,0.0,None,0.36,Medium
LOG-01344,2022-02-13,EQ-098,Harvester,2021-06-29,FARM-10,OP-030,Alice Jones,12.0,FLD-004,Sunny Field,103.14,6.5,20.6,None,0.0,None,,Medium
LOG-05518,2024-01-30,EQ-078,Harvester,2017-02-23,FARM-04,OP-018,David Jones,10.0,FLD-004,Sunny Field,103.14,10.6,37.2,None,0.0,None,0.76,High
LOG-00441,2023-05-24,EQ-050,Harvester,2021-01-18,FARM-09,OP-027,Emily Johnson,5.0,FLD-020,West Field,220.65,4.0,31.3,None,0.0,None,0.45,Medium
LOG-01101,2024/02/02,EQ-082,Tractor,2015-07-27,,OP-045,Michael Wilson,3.0,FLD-007,Golden Field,346.56,7.2,44.9,None,0.0,None,0.17,Low
LOG-02638,2024-06-03,EQ-091,Tractor,2023-05-22,FARM-06,OP-018,David Jones,10.0,FLD-013,Valley Field,169.83,5.9,38.8,Routine,848.28,None,0.27,Low
LOG-04923,2024-04-23,EQ-036,Planter,2021-07-18,FARM-07,,Sophia Jones,6.0,FLD-004,Sunny Field,103.14,11.8,51.8,None,0.0,None,0.7,High
LOG-00650,2023-07-11,EQ-041,Planter,2019-04-13,FARM-10,OP-046,Michael Garcia,17.0,,Hill Field,223.83,5.6,30.7,None,0.0,None,0.45,Medium
LOG-01547,2023-06-18,EQ-057,Harvester,2016-06-09,FARM-08,OP-016,David Jones,4.0,FLD-011,South Field,362.68,7.1,50.3,None,0.0,None,0.15,Low
LOG-05315,16-08-2023,EQ-011,Harvester,2017-05-31,FARM-06,OP-001,William Anderson,9.0,FLD-004,Sunny Field,103.14,,36.5,Routine,,None,,Medium
LOG-06308,2024-02-14,EQ-049,Harvester,2016-09-18,FARM-06,OP-009,David Anderson,12.0,FLD-016,Valley Field,341.89,3.7,28.8,Routine,1313.35,None,0.51,Medium
LOG-02853,2023-04-24,EQ-008,Planter,2017-06-21,FARM-08,OP-034,Grace Martinez,5.0,FLD-006,North Field,264.76,4.7,19.6,None,0.0,None,0.48,Medium
LOG-03504,2023-06-24,EQ-047,Sprayer,2020-08-12,FARM-03,OP-021,Chloe Jones,2.0,FLD-010,Hill Field,315.35,8.1,53.0,None,0.0,None,0.31,Medium
LOG-05034,2024/04/16,EQ-057,Harvester,2016-06-09,FARM-08,OP-029,David Miller,5.0,FLD-009,South Field,474.95,11.7,46.7,None,0.0,None,0.89,High
LOG-00631,2022-01-12,EQ-064,Tractor,2018-10-16,FARM-01,OP-032,James Hernandez,8.0,FLD-018,River Field,,7.7,42.1,None,0.0,None,0.66,Medium
LOG-01250,2023-03-11,EQ-009,Sprayer,2015-01-27,FARM-03,OP-025,Michael Williams,15.0,FLD-010,Hill Field,315.35,6.8,23.9,None,0.0,None,0.61,Medium
LOG-04776,25-02-2024,EQ-097,Planter,2016-05-06,FARM-10,,Grace Gonzalez,8.0,FLD-007,Golden Field,346.56,9.9,75.4,None,0.0,None,0.29,Low
LOG-00483,2024-11-18,EQ-079,Planter,2016-07-28,FARM-07,OP-044,James Miller,11.0,FLD-006,North Field,264.76,2.5,9.5,None,0.0,None,0.56,Medium
LOG-01585,2024-11-29,EQ-013,Tractor,2019-01-10,FARM-06,OP-043,Sarah Brown,1.0,FLD-011,South Field,362.68,,26.9,None,0.0,None,0.03,Low
LOG-04677,2022-05-04,EQ-018,Tractor,2015-07-07,FARM-04,OP-008,James Rodriguez,9.0,FLD-006,North Field,264.76,7.1,52.8,None,0.0,None,0.7,High
LOG-01463,2022-11-12,,Tractor,2016-01-15,FARM-07,OP-047,Charles Hernandez,18.0,FLD-008,West Field,188.47,8.5,61.4,None,0.0,None,0.48,Medium
LOG-03041,2024-04-07,EQ-096,Tractor,2022-07-28,FARM-04,OP-013,Laura Martinez,17.0,FLD-001,Sunny Field,222.94,1.4,5.5,Routine,1440.46,None,0.43,Medium
LOG-05376,22-04-2023,EQ-014,Sprayer,2015-06-27,FARM-08,,James Lopez,11.0,,Valley Field,169.83,9.7,74.2,Repair,699.23,None,0.58,Medium
LOG-03274,2023-04-04,EQ-099,Tractor,2021-12-11,FARM-02,OP-044,James Miller,11.0,FLD-008,West Field,188.47,9.3,56.8,None,0.0,None,0.33,Medium
LOG-03684,2024-04-07,EQ-020,Tractor,2019-04-06,FARM-05,,David Miller,5.0,FLD-011,South Field,362.68,1.6,6.1,None,0.0,None,0.14,Low
LOG-04146,2022-12-04,EQ-065,Harvstr,2021-08-07,FARM-04,OP-027,Emily Johnson,5.0,FLD-018,River Field,208.98,6.3,43.8,None,0.0,None,0.14,Low
LOG-04922,2023-10-24,EQ-057,Harvester,2016-06-09,,OP-028,Alice Wilson,12.0,FLD-013,Valley Field,169.83,4.2,12.7,None,0.0,None,,Medium
LOG-03226,2022-04-27,EQ-015,Tractor,2019-03-31,FARM-02,OP-026,Grace Rodriguez,1.0,FLD-007,,346.56,10.7,69.3,Inspection,389.98,None,0.89,High
LOG-01073,"January 24, 2023",EQ-040,Planter,2021-09-08,FARM-02,OP-004,David Hernandez,10.0,FLD-019,North Field,158.9,10.3,81.4,None,0.0,None,0.37,Medium
LOG-02632,2022/03/25,EQ-034,Harvester,2023-05-10,FARM-09,OP-025,Michael Williams,15.0,FLD-008,West Field,188.47,1.6,12.2,None,0.0,None,0.96,High
LOG-01661,2023-08-07,EQ-033,Harvester,2017-12-20,FARM-03,OP-044,James Miller,11.0,FLD-013,Valley Field,169.83,6.9,30.5,None,0.0,None,0.12,Low
LOG-02426,2022-09-22,EQ-098,Harvester,2021-06-29,FARM-10,OP-037,John Williams,11.0,FLD-015,West Field,216.02,1.7,6.6,None,0.0,None,0.76,High
LOG-05898,2023-08-12,EQ-092,Tractor,2015-07-25,FARM-10,OP-050,Michael Smith,4.0,FLD-005,North Field,357.3,11.2,50.3,Repair,1120.45,Belt,0.18,Low
LOG-05310,2022-08-22,EQ-085,Planter,2017-05-25,FARM-07,OP-006,John Davis,20.0,FLD-001,Sunny Field,222.94,8.9,49.4,None,0.0,None,0.44,Medium
LOG-03098,2023-03-29,EQ-037,,2017-06-17,FARM-03,,Emily Garcia,18.0,FLD-019,North Field,158.9,11.8,37.2,Repair,1486.09,Hydraulics,0.73,High
LOG-03977,2023-10-07,EQ-038,Planter,2016-01-08,FARM-01,OP-044,James Miller,,,South Field,474.95,4.1,1920.0,None,0.0,None,0.67,Medium
LOG-06260,2023-12-30,EQ-001,Tractr,2015-04-13,FARM-05,OP-012,Daniel Wilson,18.0,FLD-019,North Field,158.9,1.5,10.4,Routine,689.75,None,0.89,High
LOG-06640,17-01-2024,EQ-034,Harvester,2023-05-10,FARM-09,OP-041,Chloe Brown,7.0,FLD-005,North Field,,5.6,28.1,None,0.0,None,0.55,Medium
LOG-04966,2023-08-30,EQ-004,Tractor,2021-08-15,FARM-07,OP-027,Emily Johnson,5.0,FLD-005,North Field,357.3,5.0,37.9,Repair,610.53,Blade,0.57,Medium
LOG-05544,2023-10-16,EQ-010,Planter,2018-10-25,FARM-05,OP-009,David Anderson,12.0,FLD-007,Golden Field,346.56,2.8,15.8,None,0.0,None,0.67,Medium
LOG-01409,,EQ-090,Sprayer,2017-06-10,FARM-01,,Sarah Wilson,,FLD-017,East Field,311.6,5.2,41.4,None,0.0,None,0.94,High
LOG-01846,2024-01-23,EQ-005,Tractor,2015-05-03,FARM-02,OP-014,John Hernandez,18.0,FLD-003,Golden Field,66.67,10.3,36.9,None,0.0,None,0.38,Medium
LOG-01799,2022-05-26,EQ-071,Planter,2017-09-22,FARM-08,OP-041,Chloe Brown,7.0,FLD-018,River Field,208.98,2.6,9.5,None,0.0,None,0.85,High
LOG-03958,2022-10-08,EQ-088,Planter,2018-03-14,FARM-07,OP-039,Michael Williams,4.0,FLD-008,West Field,188.47,11.9,50.4,None,0.0,None,0.07,Low
LOG-01476,2022-09-06,EQ-060,Harvester,2022-12-30,FARM-05,OP-019,James Lopez,11.0,FLD-002,Hill Field,,10.5,55.7,Routine,919.03,None,0.37,Medium
LOG-00036,2024-09-05,EQ-024,,2021-10-31,FARM-03,OP-004,David Hernandez,10.0,FLD-009,South Field,474.95,2.3,7.7,None,0.0,None,0.58,Medium
LOG-00445,"May 04, 2024",EQ-072,Planter,2017-02-18,,OP-031,Alice Anderson,12.0,FLD-019,North Field,158.9,8.4,62.7,None,0.0,,0.87,High
LOG-02360,2024-11-06,EQ-043,Tractor,2022-08-18,FARM-02,OP-040,Charles Wilson,2.0,FLD-010,Hill Field,315.35,2.0,9.4,None,0.0,None,0.59,Medium
LOG-03655,"June 04, 2024",EQ-086,Tractor,2016-11-05,FARM-07,OP-035,Sarah Wilson,6.0,FLD-012,River Field,258.49,3.6,13.2,None,0.0,None,0.01,Low
LOG-03180,"August 09, 2023",EQ-043,Tractor,2022-08-18,FARM-02,,Chloe Brown,,FLD-009,South Field,474.95,10.8,79.7,None,0.0,None,0.03,Low
LOG-01287,2022-03-26,EQ-036,Planter,2021-07-18,FARM-07,OP-020,James Hernandez,9.0,FLD-007,Golden Field,346.56,7.4,48.2,None,0.0,None,0.13,Low
LOG-06489,2022-09-13,EQ-036,Planter,2021-07-18,FARM-07,OP-013,Laura Martinez,17.0,FLD-007,Golden Field,346.56,5.7,39.0,Routine,919.22,None,0.15,Low
LOG-04446,2023-09-30,EQ-098,Harvester,2021-06-29,FARM-10,OP-040,Charles Wilson,2.0,FLD-019,North Field,158.9,4.0,14.8,None,0.0,None,0.09,Low
LOG-03417,2023-09-23,EQ-008,Plntr,2017-06-21,FARM-08,OP-048,William Smith,4.0,FLD-008,West Field,188.47,7.4,50.1,None,0.0,None,0.42,Medium
LOG-02138,2022-05-16,EQ-047,Sprayer,2020-08-12,FARM-03,OP-023,Michael Smith,1.0,FLD-013,Valley Field,169.83,9.9,66.1,Routine,1399.52,None,0.71,High
LOG-02637,2023-10-21,EQ-053,Sprayr,2018-06-13,FARM-04,OP-002,James Hernandez,11.0,FLD-015,West Field,216.02,5.1,30.0,None,0.0,None,0.29,Low
LOG-04017,2024-11-10,EQ-087,Tractor,2019-05-19,FARM-05,OP-018,David Jones,10.0,FLD-003,Golden Field,66.67,2.8,9.8,None,0.0,None,0.28,Low
LOG-06761,2024-09-26,EQ-027,Harvester,2022-09-05,FARM-06,OP-015,Laura Anderson,4.0,FLD-005,North Field,357.3,7.8,45.3,None,0.0,None,0.71,High
LOG-01682,2024-06-26,EQ-067,Harvester,2015-10-04,FARM-01,OP-028,Alice Wilson,12.0,FLD-006,North Field,264.76,1.3,5.2,None,0.0,None,0.18,Low
LOG-05440,2022-05-27,EQ-037,Sprayer,2017-06-17,FARM-03,OP-034,Grace Martinez,5.0,FLD-019,North Field,158.9,,6.2,None,0.0,None,0.57,Medium
LOG-01693,2023-02-08,EQ-051,Tractr,2021-09-19,FARM-06,OP-010,,8.0,,Sunny Field,103.14,11.6,53.4,None,0.0,None,0.94,High
LOG-05155,2022-05-11,EQ-025,Harvester,2016-10-31,FARM-08,OP-007,Emily Johnson,18.0,FLD-001,Sunny Field,222.94,6.2,40.0,,1201.23,Engine,0.32,Medium
LOG-05571,2024-09-11,EQ-085,Planter,2017-05-25,FARM-07,OP-034,Grace Martinez,5.0,,River Field,258.49,4.1,16.8,Repair,514.12,None,0.03,Low
LOG-03636,2022-10-26,EQ-083,Tractor,2016-01-18,FARM-04,OP-020,James Hernandez,9.0,FLD-010,Hill Field,315.35,6.0,32.7,None,0.0,None,0.7,High
LOG-00373,2024-05-17,EQ-025,,2016-10-31,FARM-08,OP-009,David Anderson,12.0,FLD-002,Hill Field,223.83,1.9,12.2,None,0.0,None,0.82,High
LOG-05370,2022-12-31,EQ-073,Tractor,2022-05-23,,OP-010,Robert Anderson,8.0,FLD-012,River Field,258.49,10.4,62.5,None,0.0,None,0.06,Low
LOG-06626,2024-07-25,EQ-048,Tractor,2022-01-05,FARM-05,OP-017,Emily Lopez,18.0,FLD-017,East Field,311.6,4.4,23.6,None,0.0,None,0.38,Medium
LOG-00141,2024-03-10,EQ-065,Harvester,2021-08-07,FARM-04,OP-036,Jessica Anderson,14.0,FLD-001,,222.94,10.6,34.1,None,0.0,None,0.38,
LOG-04420,2023-10-06,EQ-053,Sprayer,2018-06-13,FARM-04,,Laura Anderson,4.0,FLD-017,East Field,311.6,10.3,77.1,Routine,1466.83,None,0.73,High
LOG-06515,"April 06, 2023",EQ-017,Sprayer,2021-06-22,FARM-04,OP-044,James Miller,11.0,FLD-017,East Field,311.6,2.8,9.9,None,0.0,None,0.83,High
LOG-05993,2022-10-19,EQ-053,Sprayer,2018-06-13,FARM-04,OP-023,Michael Smith,1.0,FLD-011,,362.68,10.9,71.2,None,0.0,None,0.39,Medium
LOG-00715,2024-03-07,EQ-076,Tractor,2015-09-06,FARM-07,,David Jones,4.0,FLD-016,Valley Field,341.89,1.7,9.7,None,0.0,None,0.53,Medium
LOG-03189,2024/07/05,EQ-041,Planter,2019-04-13,FARM-10,OP-025,Michael Williams,15.0,FLD-010,Hill Field,315.35,2.2,15.8,None,0.0,None,0.27,Low
LOG-06175,2022-05-30,EQ-040,Planter,2021-09-08,FARM-02,OP-031,Alice Anderson,12.0,FLD-013,Valley Field,169.83,1.6,12.5,None,0.0,None,0.66,Medium
LOG-04432,2024-09-15,EQ-099,Tractor,2021-12-11,FARM-02,OP-034,Grace Martinez,5.0,FLD-019,,158.9,8.2,35.1,None,0.0,None,0.68,Medium
LOG-04991,2022-03-29,EQ-044,Sprayer,2023-08-15,FARM-06,OP-007,Emily Johnson,18.0,FLD-009,South Field,474.95,7.2,35.9,Routine,1061.06,None,0.67,Medium
LOG-00407,2024-12-09,EQ-038,Planter,2016-01-08,FARM-01,OP-030,Alice Jones,12.0,FLD-017,East Field,,4.7,35.0,None,0.0,None,0.35,Medium
LOG-00021,"June 05, 2022",EQ-049,Harvester,2016-09-18,FARM-06,OP-026,Grace Rodriguez,1.0,FLD-007,Golden Field,346.56,7.5,53.6,None,0.0,None,0.69,
LOG-01005,2022/09/24,EQ-009,Sprayer,2015-01-27,FARM-03,OP-025,Michael Williams,15.0,FLD-007,Golden Field,346.56,10.6,48.2,None,0.0,None,0.66,Medium
LOG-02412,2024-10-13,EQ-086,Tractor,2016-11-05,FARM-07,OP-049,Michael Williams,19.0,FLD-014,River Field,281.66,5.4,31.7,None,0.0,None,0.91,High
LOG-02546,2024-09-15,EQ-028,Tractor,2017-07-27,FARM-01,OP-021,,2.0,FLD-008,West Field,188.47,9.9,68.5,Routine,792.23,None,0.86,High
LOG-02391,09-04-2024,EQ-023,Harvester,2022-07-08,FARM-05,OP-047,Charles Hernandez,18.0,FLD-012,River Field,258.49,1.6,6.3,None,0.0,None,0.98,High
LOG-00120,2022-11-22,EQ-068,Sprayer,2015-10-18,FARM-09,OP-034,Grace Martinez,5.0,FLD-020,West Field,220.65,5.0,37.9,None,,None,0.77,High
LOG-00043,2022-12-06,EQ-019,Sprayer,2015-11-23,FARM-04,OP-005,Daniel Garcia,3.0,FLD-002,Hill Field,223.83,9.7,58.0,None,0.0,None,0.91,High
LOG-02831,2024/07/28,EQ-012,Tractor,2016-01-15,FARM-07,OP-010,Robert Anderson,8.0,FLD-008,West Field,188.47,5.0,15.2,None,0.0,None,0.27,Low
LOG-03372,2023-01-28,EQ-033,Harvester,2017-12-20,FARM-03,OP-006,John Davis,20.0,FLD-003,Golden Field,66.67,7.7,23.7,None,0.0,None,0.24,Low
LOG-03023,,EQ-010,Plntr,2018-10-25,FARM-05,OP-021,Chloe Jones,,FLD-005,,357.3,4.0,20.1,None,0.0,None,0.04,Low
LOG-03365,2022-05-14,EQ-095,Tractor,2017-01-31,FARM-02,OP-033,Emily Garcia,18.0,FLD-014,River Field,,11.8,60.0,None,0.0,None,0.61,Medium
LOG-04400,2024-02-02,EQ-054,Tractor,2017-09-13,FARM-10,OP-020,James Hernandez,9.0,FLD-018,River Field,208.98,8.9,56.8,None,0.0,None,0.14,Low
LOG-00012,19-02-2024,EQ-099,Tractor,2021-12-11,FARM-02,OP-038,Grace Gonzalez,8.0,FLD-001,Sunny Field,222.94,,47.8,None,0.0,None,0.39,Medium
LOG-04761,"July 24, 2023",EQ-007,Tractor,2021-04-17,FARM-04,OP-046,Michael Garcia,17.0,FLD-006,North Field,264.76,11.9,37.5,None,0.0,None,,Medium
LOG-01178,2022-02-23,EQ-091,Tractor,2023-05-22,FARM-06,OP-010,Robert Anderson,8.0,FLD-013,Valley Field,169.83,8.7,44.6,Routine,203.71,None,0.58,Medium
LOG-01948,2022/04/01,EQ-096,Tractor,,FARM-04,OP-041,Chloe Brown,7.0,FLD-008,West Field,188.47,6.2,27.2,Inspection,1148.12,None,0.72,High
LOG-02502,"December 28, 2024",EQ-046,Harvester,2020-02-02,FARM-01,OP-038,Grace Gonzalez,8.0,FLD-014,River Field,281.66,8.1,46.2,None,0.0,None,0.66,Medium
LOG-02864,2022-02-22,EQ-035,Sprayer,2023-05-18,FARM-10,OP-032,James Hernandez,8.0,FLD-014,River Field,281.66,5.9,46.0,None,0.0,None,0.14,Low
LOG-03866,2024-02-16,EQ-088,Planter,2018-03-14,FARM-07,OP-039,Michael Williams,4.0,FLD-015,West Field,216.02,6.9,46.4,None,0.0,None,0.76,High
LOG-01027,2023-11-12,EQ-050,,2021-01-18,FARM-09,OP-044,James Miller,11.0,FLD-005,North Field,357.3,2.9,19.7,None,0.0,None,0.97,High
LOG-03849,2022-10-23,EQ-048,Tractor,2022-01-05,FARM-05,OP-041,Chloe Brown,7.0,FLD-003,Golden Field,66.67,6.1,34.3,None,0.0,None,0.87,High
LOG-02990,2022-04-07,EQ-077,,2023-12-24,FARM-02,OP-003,Sarah Jones,13.0,FLD-004,Sunny Field,103.14,6.0,22.0,None,0.0,None,0.15,Low
LOG-00962,2022-04-23,EQ-017,,2021-06-22,FARM-04,OP-004,David Hernandez,10.0,FLD-015,West Field,216.02,-4.3,26.4,Routine,1032.47,,0.56,Medium
LOG-02890,2022/03/27,EQ-007,Tractor,2021-04-17,FARM-04,OP-026,Grace Rodriguez,1.0,FLD-008,West Field,188.47,5.4,22.6,None,0.0,None,0.37,Medium
LOG-03016,"April 09, 2024",EQ-093,Planter,2020-08-21,FARM-09,OP-009,David Anderson,12.0,,River Field,208.98,4.2,26.0,None,0.0,None,0.21,Low
LOG-03339,2022-07-13,EQ-041,Planter,2019-04-13,FARM-10,OP-027,Emily Johnson,5.0,FLD-008,West Field,188.47,11.9,47.6,Routine,914.75,None,0.97,High
LOG-04936,"June 07, 2022",EQ-051,Tractor,2021-09-19,FARM-06,OP-018,David Jones,10.0,FLD-013,Valley Field,169.83,4.5,34.6,None,0.0,None,0.43,Medium
LOG-00736,2024-05-06,EQ-015,Tractor,2019-03-31,FARM-02,OP-030,Alice Jones,12.0,FLD-015,West Field,,2.9,13.7,None,0.0,None,0.6,Medium
LOG-04401,2022-06-05,EQ-065,Harvester,2021-08-07,FARM-04,OP-010,Robert Anderson,8.0,FLD-010,Hill Field,315.35,8.8,27.4,Routine,116.03,None,0.52,Medium
LOG-01441,2022-02-04,EQ-025,Harvester,2016-10-31,FARM-08,OP-042,Daniel Garcia,10.0,FLD-020,West Field,220.65,4.7,29.9,None,0.0,None,0.89,High
LOG-02876,"February 22, 2024",EQ-090,Sprayer,2017-06-10,FARM-01,OP-022,Robert Hernandez,14.0,FLD-003,Golden Field,66.67,4.1,21.3,None,0.0,None,0.86,High
LOG-03987,2024-03-03,EQ-046,Harvester,2020-02-02,FARM-01,OP-017,Emily Lopez,18.0,FLD-010,Hill Field,315.35,5.7,26.5,Repair,172.59,Hydraulics,0.75,High
LOG-00917,16-03-2023,EQ-055,Tractor,2015-12-17,FARM-08,OP-009,David Anderson,12.0,FLD-016,Valley Field,341.89,5.9,28.6,,,None,0.59,Medium
LOG-05840,2024-05-13,EQ-045,Tractor,2018-04-17,FARM-07,OP-045,Michael Wilson,3.0,FLD-012,River Field,258.49,6.5,42.3,None,0.0,None,0.43,Medium
LOG-05456,2023-10-05,EQ-046,,2020-02-02,FARM-01,OP-007,Emily Johnson,18.0,FLD-011,South Field,362.68,2.8,21.4,None,0.0,None,0.79,High
LOG-04090,2024/05/31,EQ-085,Planter,2017-05-25,FARM-07,OP-022,Robert Hernandez,14.0,FLD-020,West Field,220.65,7.1,45.7,None,0.0,None,0.99,
LOG-06461,2022-05-31,EQ-035,Sprayer,2023-05-18,FARM-10,OP-011,Sophia Jones,6.0,FLD-018,River Field,208.98,2.2,12.6,None,0.0,None,0.91,High
LOG-01878,2024/04/01,EQ-066,Tractor,2015-10-18,FARM-01,OP-020,,9.0,FLD-010,Hill Field,315.35,5.6,42.9,None,0.0,None,0.84,High
LOG-02773,2022-09-23,EQ-008,Planter,,FARM-08,OP-031,Alice Anderson,12.0,FLD-014,,281.66,5.3,21.7,None,0.0,None,0.93,High
LOG-01625,2023-10-05,EQ-091,Tractor,2023-05-22,FARM-06,OP-031,Alice Anderson,12.0,FLD-018,River Field,208.98,2.2,15.7,None,0.0,None,0.35,Medium
LOG-05546,2024-07-31,EQ-009,Sprayer,2015-01-27,FARM-03,OP-006,John Davis,20.0,FLD-001,Sunny Field,222.94,2.1,12.6,Inspection,1440.32,None,0.7,High
LOG-00822,2023-01-18,EQ-024,Tractor,2021-10-31,FARM-03,OP-002,James Hernandez,11.0,FLD-017,East Field,311.6,7.3,29.7,None,0.0,None,0.74,High
LOG-01368,2023-04-16,EQ-030,Tractor,2017-05-14,FARM-10,OP-029,David Miller,5.0,FLD-014,River Field,281.66,7.3,52.1,Repair,829.54,Blade,0.9,High
LOG-03713,2024-07-22,EQ-014,Sprayer,2015-06-27,FARM-08,OP-002,James Hernandez,11.0,FLD-002,Hill Field,223.83,9.8,,Routine,755.12,None,0.95,High
LOG-06285,2023-07-10,EQ-019,,2015-11-23,FARM-04,OP-001,William Anderson,9.0,FLD-015,West Field,216.02,1.6,5.6,None,0.0,None,0.69,Medium
LOG-00851,27-07-2024,EQ-058,Harvester,2017-12-21,FARM-09,OP-016,David Jones,4.0,FLD-012,River Field,258.49,1.9,10.2,None,,None,0.96,
LOG-01001,2023-11-05,EQ-025,Harvester,2016-10-31,FARM-08,OP-031,Alice Anderson,12.0,FLD-004,Sunny Field,103.14,7.3,38.4,None,0.0,None,0.1,Low
LOG-05194,2024/03/10,EQ-058,Harvester,2017-12-21,FARM-09,OP-047,Charles Hernandez,18.0,FLD-005,North Field,357.3,5.4,17.5,None,0.0,None,0.74,High
LOG-04115,2023-07-30,EQ-036,Planter,2021-07-18,FARM-07,OP-045,Michael Wilson,3.0,FLD-003,Golden Field,66.67,10.5,73.9,None,0.0,None,0.78,High
LOG-01638,2023-11-01,EQ-068,Sprayer,2015-10-18,FARM-09,OP-001,William Anderson,9.0,FLD-001,Sunny Field,222.94,5.2,16.3,None,0.0,None,0.56,Medium
LOG-01668,2024-12-18,EQ-057,Harvester,2016-06-09,FARM-08,OP-005,Daniel Garcia,3.0,FLD-008,West Field,188.47,4.2,16.0,None,0.0,None,0.32,Medium
LOG-04590,2022-11-09,EQ-020,Tractor,2019-04-06,FARM-05,,James Hernandez,9.0,FLD-007,Golden Field,,2.8,17.3,Routine,1088.63,None,0.67,Medium
LOG-03174,2022/05/12,EQ-091,Tractor,2023-05-22,FARM-06,OP-018,David Jones,10.0,,South Field,362.68,8.9,44.3,None,0.0,None,0.73,High
LOG-05467,2024-10-04,EQ-086,Tractor,2016-11-05,FARM-07,OP-017,Emily Lopez,18.0,FLD-007,Golden Field,346.56,2.5,15.7,None,0.0,None,0.45,Medium
LOG-01348,2022-04-27,EQ-080,Harvester,2018-02-14,FARM-08,OP-028,Alice Wilson,12.0,FLD-014,River Field,281.66,9.9,57.1,None,0.0,None,0.92,High
LOG-05461,2024-01-01,,Planter,2016-07-28,FARM-07,OP-050,Michael Smith,4.0,FLD-019,North Field,158.9,10.8,76.8,None,0.0,None,0.75,High
LOG-03231,2024-06-27,EQ-034,Harvstr,2023-05-10,FARM-09,OP-046,Michael Garcia,17.0,,West Field,188.47,5.6,19.3,None,0.0,None,0.4,Medium
LOG-04915,2022-07-26,EQ-027,Harvester,2022-09-05,FARM-06,OP-033,Emily Garcia,18.0,FLD-018,River Field,208.98,6.4,42.2,None,0.0,None,0.14,Low
LOG-05372,2023-09-01,EQ-027,Harvstr,2022-09-05,FARM-06,OP-031,Alice Anderson,12.0,FLD-007,Golden Field,346.56,7.8,28.7,None,0.0,None,0.98,High
LOG-04784,2023-10-13,EQ-063,Tractor,2017-10-12,FARM-04,OP-031,Alice Anderson,12.0,FLD-002,Hill Field,223.83,3.9,27.7,None,0.0,None,0.25,Low
LOG-03233,2023-12-16,EQ-055,Tractor,2015-12-17,FARM-08,OP-034,Grace Martinez,5.0,FLD-003,Golden Field,66.67,10.4,76.2,None,0.0,None,0.77,High
LOG-05724,2024-11-12,EQ-083,Tractor,2016-01-18,,OP-001,William Anderson,9.0,FLD-016,Valley Field,341.89,1.9,12.9,None,0.0,None,0.99,High
LOG-00704,2024-05-24,EQ-082,Tractor,2015-07-27,FARM-09,OP-030,Alice Jones,12.0,FLD-009,South Field,474.95,8.6,54.5,None,0.0,None,0.26,Low
LOG-06790,2023-12-18,EQ-069,Harvester,2018-02-14,FARM-08,OP-014,John Hernandez,18.0,FLD-017,East Field,311.6,1.9,9.8,None,0.0,None,0.52,Medium
LOG-03292,2022-05-11,EQ-049,Harvester,2016-09-18,,OP-030,Alice Jones,12.0,FLD-006,North Field,264.76,2.2,10.2,None,0.0,None,0.74,High
LOG-03674,"July 23, 2022",EQ-003,Tractor,2022-08-03,FARM-09,OP-044,James Miller,11.0,FLD-007,Golden Field,346.56,5.2,33.5,None,0.0,None,0.59,Medium
LOG-02409,2022-11-21,EQ-016,Sprayer,2022-01-18,FARM-10,OP-010,Robert Anderson,8.0,FLD-002,Hill Field,223.83,2.3,7.7,None,0.0,None,0.77,High
LOG-01328,2024-10-21,EQ-074,Sprayer,2019-10-01,FARM-07,OP-016,David Jones,4.0,FLD-017,East Field,311.6,4.4,26.8,None,0.0,None,0.88,High
LOG-06510,2024-03-04,EQ-066,Tractor,2015-10-18,FARM-01,OP-032,James Hernandez,8.0,FLD-004,Sunny Field,103.14,8.0,45.2,None,0.0,None,0.59,Medium
LOG-05736,2024-10-16,EQ-065,Harvester,2021-08-07,FARM-04,OP-020,James Hernandez,9.0,FLD-020,West Field,220.65,5.1,35.6,None,0.0,None,0.44,Medium
LOG-04441,12-08-2022,EQ-010,Planter,2018-10-25,FARM-05,OP-022,Robert Hernandez,14.0,FLD-009,South Field,,,28.5,None,0.0,None,0.89,High
LOG-05847,"March 17, 2022",EQ-080,Harvester,2018-02-14,FARM-08,OP-007,Emily Johnson,18.0,FLD-002,,223.83,8.9,63.6,None,0.0,None,0.64,Medium
LOG-00987,2024-02-06,EQ-049,Harvester,2016-09-18,FARM-06,OP-037,John Williams,11.0,FLD-006,North Field,264.76,3.8,13.0,None,0.0,None,0.3,Medium
LOG-06531,2024/07/01,EQ-018,Tractor,2015-07-07,FARM-04,OP-040,Charles Wilson,2.0,FLD-020,West Field,220.65,5.6,27.5,None,0.0,None,0.16,Low
LOG-06346,,EQ-020,Tractor,2019-04-06,,OP-040,Charles Wilson,2.0,FLD-016,Valley Field,341.89,7.1,56.8,None,0.0,None,0.09,Low
LOG-06017,2023-03-27,EQ-081,Harvester,2015-11-05,FARM-08,OP-025,Michael Williams,15.0,FLD-002,Hill Field,223.83,,27.9,None,0.0,None,0.39,Medium
LOG-05794,20-10-2024,EQ-080,Harvester,2018-02-14,FARM-08,OP-027,Emily Johnson,5.0,,Hill Field,315.35,4.3,25.9,None,0.0,None,0.39,Medium
LOG-04050,2024-02-10,EQ-060,Harvester,2022-12-30,FARM-05,OP-014,John Hernandez,,FLD-013,Valley Field,169.83,3.4,22.8,Inspection,1116.95,None,0.65,Medium
LOG-03486,2023-01-28,EQ-008,Planter,2017-06-21,FARM-08,OP-008,James Rodriguez,9.0,FLD-013,Valley Field,169.83,10.2,35.0,None,0.0,None,0.57,Medium
LOG-02475,2022-07-18,EQ-086,Tractor,2016-11-05,FARM-07,OP-036,Jessica Anderson,14.0,FLD-011,South Field,362.68,3.1,20.5,None,0.0,None,0.54,Medium
LOG-03874,2023-04-01,EQ-079,Planter,2016-07-28,FARM-07,OP-036,Jessica Anderson,14.0,FLD-011,South Field,362.68,10.0,33.8,None,0.0,None,0.58,Medium
LOG-01199,2022-10-15,EQ-061,Planter,,FARM-06,,Emily Lopez,18.0,FLD-015,West Field,216.02,11.3,88.8,None,0.0,None,0.37,Medium
LOG-04182,2024-09-14,EQ-036,Planter,2021-07-18,FARM-07,OP-036,Jessica Anderson,14.0,FLD-002,Hill Field,223.83,6.8,33.1,None,0.0,None,0.2,Low
LOG-01519,2023-12-03,EQ-049,Harvester,2016-09-18,FARM-06,OP-001,William Anderson,9.0,FLD-003,,66.67,3.5,14.1,Inspection,932.53,None,0.72,High
LOG-06553,2024-01-13,EQ-088,Planter,2018-03-14,FARM-07,OP-020,James Hernandez,9.0,FLD-018,River Field,208.98,3.7,28.3,Inspection,1477.93,None,0.06,Low
LOG-01800,2022-05-29,EQ-009,Sprayer,2015-01-27,FARM-03,OP-031,Alice Anderson,12.0,FLD-017,East Field,311.6,7.2,30.5,None,0.0,None,0.83,High
LOG-01015,2024/08/08,EQ-091,Tractor,2023-05-22,FARM-06,OP-009,David Anderson,12.0,FLD-011,South Field,362.68,6.3,21.0,None,0.0,None,0.25,Low
LOG-00129,2024-12-29,EQ-096,Tractor,2022-07-28,FARM-04,OP-029,,5.0,FLD-008,West Field,188.47,3.6,28.2,None,0.0,None,0.9,High
LOG-01365,2024-12-01,EQ-078,,2017-02-23,FARM-04,OP-031,Alice Anderson,12.0,FLD-017,East Field,311.6,5.9,25.6,None,0.0,None,0.3,Medium
LOG-06024,2024-05-23,EQ-087,Tractor,2019-05-19,FARM-05,OP-022,Robert Hernandez,14.0,FLD-020,West Field,220.65,10.1,52.8,None,,None,0.8,High
LOG-04471,2024-12-25,EQ-001,Tractor,2015-04-13,FARM-05,OP-009,David Anderson,12.0,FLD-005,North Field,357.3,8.9,33.9,None,0.0,None,0.65,Medium
LOG-00892,2024-08-25,EQ-087,Tractor,2019-05-19,FARM-05,OP-042,Daniel Garcia,10.0,FLD-012,River Field,258.49,9.8,70.8,None,0.0,None,0.29,
LOG-02794,2022-05-03,EQ-078,Harvstr,2017-02-23,FARM-04,OP-037,John Williams,11.0,FLD-002,Hill Field,223.83,2.6,14.0,None,,None,0.58,Medium
LOG-05875,2024-10-12,EQ-053,Sprayer,2018-06-13,FARM-04,OP-013,Laura Martinez,17.0,FLD-005,North Field,357.3,8.7,32.8,Routine,421.83,,,High
LOG-04404,2023-09-30,EQ-003,Tractr,2022-08-03,FARM-09,OP-018,David Jones,10.0,FLD-007,Golden Field,346.56,8.3,35.5,None,0.0,None,,Medium
LOG-06662,2024-02-28,EQ-076,Tractor,2015-09-06,FARM-07,OP-037,John Williams,11.0,FLD-002,Hill Field,223.83,2.4,18.0,None,0.0,None,0.27,Low
LOG-06001,2022-05-23,EQ-085,Planter,2017-05-25,FARM-07,OP-006,John Davis,20.0,FLD-011,South Field,362.68,9.7,72.6,Inspection,1145.47,None,0.43,Medium
LOG-03250,2022-03-22,EQ-040,Plntr,2021-09-08,FARM-02,OP-034,Grace Martinez,5.0,FLD-014,River Field,281.66,1.6,10.0,None,0.0,None,0.01,Low
LOG-01209,2023-07-15,,Harvester,2017-05-31,FARM-06,OP-010,Robert Anderson,8.0,FLD-003,Golden Field,66.67,5.5,24.7,None,0.0,None,0.86,High
LOG-03869,2022-03-13,EQ-035,Sprayer,2023-05-18,FARM-10,OP-038,Grace Gonzalez,8.0,,West Field,220.65,6.7,27.2,None,0.0,None,0.34,Medium
LOG-03692,2022-03-27,EQ-010,Planter,2018-10-25,FARM-05,OP-020,James Hernandez,9.0,FLD-012,River Field,258.49,3.5,11.8,None,0.0,None,0.12,Low
LOG-04066,2024-03-07,,Tractor,2021-10-31,FARM-03,OP-007,Emily Johnson,18.0,FLD-012,River Field,258.49,1.4,5.8,None,,None,0.02,Low
LOG-05985,2023-03-01,EQ-070,Harvester,2021-01-17,FARM-03,OP-003,Sarah Jones,13.0,FLD-001,Sunny Field,222.94,6.4,22.0,Routine,54.44,None,0.63,Medium
LOG-01240,2024/11/26,EQ-004,Tractor,2021-08-15,FARM-07,OP-035,Sarah Wilson,6.0,FLD-001,Sunny Field,222.94,6.6,24.8,None,0.0,None,0.12,Low
LOG-02290,2024-01-08,EQ-091,Tractor,2023-05-22,FARM-06,OP-004,David Hernandez,10.0,FLD-013,Valley Field,169.83,5.9,27.6,Routine,1443.34,,0.17,Low
LOG-02741,2022-01-15,EQ-076,Tractor,2015-09-06,FARM-07,OP-028,Alice Wilson,12.0,FLD-005,North Field,357.3,9.9,31.0,None,0.0,None,0.74,
LOG-00276,2022-07-28,EQ-091,Tractor,2023-05-22,FARM-06,OP-005,Daniel Garcia,3.0,FLD-019,North Field,158.9,9.8,55.7,None,0.0,None,0.2,Low
LOG-04586,2023-11-25,EQ-012,Tractor,2016-01-15,,OP-047,Charles Hernandez,18.0,FLD-009,South Field,474.95,4.9,37.2,None,0.0,None,0.83,
LOG-01036,"April 29, 2023",EQ-076,Tractor,2015-09-06,FARM-07,OP-036,Jessica Anderson,14.0,FLD-007,Golden Field,346.56,6.6,33.9,,0.0,None,0.17,Low
LOG-01230,16-09-2022,EQ-056,Tractor,2023-07-13,,OP-015,Laura Anderson,4.0,FLD-004,Sunny Field,103.14,6.5,40.0,None,0.0,None,0.84,High
LOG-01009,2024-03-11,EQ-059,Planter,2017-05-17,FARM-09,OP-023,Michael Smith,,FLD-010,Hill Field,315.35,7.7,54.3,Inspection,411.25,None,0.89,High
LOG-03829,2022-08-02,EQ-087,,2019-05-19,FARM-05,OP-002,James Hernandez,11.0,FLD-013,Valley Field,169.83,6.0,36.2,None,0.0,None,0.93,High
LOG-02533,2023-05-01,EQ-009,Sprayer,2015-01-27,FARM-03,OP-046,Michael Garcia,17.0,FLD-016,Valley Field,341.89,11.2,69.4,None,0.0,None,0.46,Medium
LOG-04294,2024-10-30,EQ-009,Sprayer,2015-01-27,FARM-03,OP-021,Chloe Jones,2.0,FLD-010,Hill Field,315.35,1.4,6.4,Routine,370.97,None,0.29,Low
LOG-01059,2024-01-10,EQ-044,Sprayer,2023-08-15,FARM-06,OP-021,Chloe Jones,2.0,FLD-008,West Field,188.47,8.3,40.6,Routine,566.24,None,0.33,Medium
LOG-05186,15-12-2024,EQ-007,Tractr,2021-04-17,FARM-04,OP-008,James Rodriguez,9.0,FLD-018,River Field,208.98,3.5,10.7,Repair,1026.84,Hydraulics,0.85,High
LOG-00282,2022-10-07,EQ-046,Harvester,2020-02-02,FARM-01,OP-001,William Anderson,9.0,FLD-016,Valley Field,341.89,3.1,15.3,None,0.0,None,0.65,Medium
LOG-01044,2022-11-29,EQ-005,Tractor,2015-05-03,FARM-02,OP-008,James Rodriguez,9.0,FLD-013,Valley Field,169.83,3.1,16.1,None,0.0,None,0.9,High
LOG-01317,2022/03/02,EQ-052,Planter,2015-03-21,FARM-02,OP-005,Daniel Garcia,3.0,FLD-002,Hill Field,223.83,10.4,39.5,Routine,204.02,None,0.93,High
LOG-00969,2022/10/24,EQ-002,Harvester,2017-07-03,FARM-03,,Grace Martinez,5.0,FLD-019,North Field,158.9,1.6,8.9,None,0.0,None,0.85,High
LOG-02382,2024-01-15,EQ-023,Harvester,,FARM-05,OP-001,William Anderson,9.0,,Hill Field,315.35,10.4,67.1,None,0.0,None,0.78,High
LOG-01257,2024-02-05,EQ-064,Tractor,,FARM-01,OP-042,Daniel Garcia,10.0,,Sunny Field,103.14,11.3,39.7,None,,None,0.82,High
LOG-01940,2024-05-09,EQ-003,Tractor,2022-08-03,FARM-09,OP-021,Chloe Jones,2.0,FLD-018,River Field,,7.2,21.7,Inspection,207.28,None,0.31,Medium
LOG-05020,2024-01-07,EQ-069,Harvester,2018-02-14,FARM-08,OP-019,James Lopez,11.0,FLD-003,Golden Field,66.67,6.5,22.2,Repair,930.92,Filter,0.53,Medium
LOG-01275,,EQ-029,Sprayer,2019-07-02,FARM-05,OP-047,Charles Hernandez,18.0,FLD-009,South Field,474.95,3.3,22.9,None,0.0,None,0.29,Low
LOG-00620,2024-03-18,EQ-049,Harvester,2016-09-18,,,Charles Hernandez,18.0,FLD-011,,362.68,,51.7,None,0.0,None,0.52,Medium
LOG-05080,2024-02-16,EQ-032,Planter,2022-03-18,,OP-008,James Rodriguez,9.0,FLD-013,Valley Field,169.83,1.2,7.6,None,0.0,None,0.68,Medium
LOG-01743,2023-05-06,EQ-098,Harvester,2021-06-29,FARM-10,OP-017,Emily Lopez,18.0,FLD-008,West Field,188.47,1.6,10.3,Routine,982.21,None,0.69,Medium
LOG-01391,07-09-2023,EQ-068,Sprayer,2015-10-18,FARM-09,OP-043,Sarah Brown,1.0,FLD-006,North Field,264.76,10.2,75.2,None,0.0,None,0.49,
LOG-05697,2022-09-11,EQ-079,Planter,2016-07-28,FARM-07,OP-016,David Jones,4.0,FLD-020,West Field,220.65,11.2,55.0,Routine,700.81,None,0.17,Low
LOG-01580,12-03-2022,EQ-055,Tractor,2015-12-17,FARM-08,OP-024,William Gonzalez,5.0,FLD-005,North Field,357.3,9.2,64.4,,0.0,None,0.79,High
LOG-01656,2023-05-20,EQ-006,,2017-08-10,FARM-09,OP-010,Robert Anderson,8.0,FLD-005,North Field,357.3,7.8,33.5,,0.0,None,,Medium
LOG-03569,2024-07-20,EQ-084,Harvester,2019-07-23,FARM-08,OP-046,Michael Garcia,17.0,FLD-019,North Field,158.9,8.4,53.3,None,0.0,None,0.09,Low
LOG-02353,2023-05-18,EQ-069,,2018-02-14,FARM-08,OP-016,David Jones,4.0,FLD-008,West Field,188.47,3.9,15.6,None,0.0,None,0.8,High
LOG-02213,"April 08, 2024",EQ-032,Planter,2022-03-18,FARM-08,OP-024,,5.0,FLD-009,South Field,474.95,10.6,73.3,None,0.0,None,0.19,Low
LOG-02624,,EQ-016,Sprayer,2022-01-18,FARM-10,OP-015,Laura Anderson,4.0,FLD-019,North Field,,5.5,24.0,Inspection,1085.9,None,0.02,Low
LOG-03179,2024-04-10,EQ-066,Tractor,2015-10-18,,OP-011,Sophia Jones,6.0,FLD-018,River Field,208.98,6.5,,Routine,349.93,None,0.02,Low
LOG-03193,2023-02-18,EQ-046,Harvester,2020-02-02,FARM-01,OP-038,Grace Gonzalez,8.0,FLD-017,East Field,311.6,8.3,31.5,Routine,1311.19,None,0.72,High
LOG-01308,2023-02-15,EQ-022,Harvester,2019-02-25,FARM-06,OP-033,Emily Garcia,18.0,FLD-018,River Field,208.98,6.2,27.6,None,0.0,None,0.95,High
LOG-00576,2023-06-29,EQ-091,Tractor,2023-05-22,FARM-06,OP-004,David Hernandez,10.0,FLD-020,West Field,,6.8,45.4,None,0.0,None,0.09,Low
LOG-02361,2024-02-20,EQ-042,Planter,2020-12-07,FARM-05,OP-024,William Gonzalez,5.0,FLD-019,North Field,158.9,5.4,39.0,Inspection,1287.5,None,0.24,Low
LOG-01281,15-07-2024,,Tractor,2016-09-18,FARM-03,OP-048,,4.0,FLD-011,South Field,362.68,6.4,30.4,None,0.0,None,,Medium
LOG-05691,2024-05-23,EQ-099,Tractor,2021-12-11,FARM-02,OP-035,Sarah Wilson,6.0,FLD-017,East Field,311.6,10.3,62.0,None,0.0,None,0.6,
LOG-05791,14-04-2024,EQ-036,Planter,2021-07-18,FARM-07,OP-037,John Williams,11.0,FLD-007,Golden Field,346.56,3.7,19.1,Routine,1494.56,None,0.52,Medium
LOG-01994,03-10-2022,EQ-026,Planter,2018-01-10,FARM-09,OP-032,James Hernandez,8.0,FLD-007,,346.56,5.5,25.4,None,0.0,None,0.87,High
LOG-02640,2024-07-03,EQ-084,Harvester,2019-07-23,FARM-08,OP-015,Laura Anderson,4.0,FLD-017,East Field,311.6,7.6,51.9,None,0.0,None,0.16,Low
LOG-00270,2022-02-20,EQ-065,Harvester,2021-08-07,FARM-04,OP-010,Robert Anderson,8.0,FLD-012,River Field,258.49,6.3,28.2,None,0.0,None,0.09,Low
LOG-00630,2022-08-29,EQ-058,Harvester,2017-12-21,FARM-09,OP-019,James Lopez,11.0,FLD-006,North Field,264.76,10.9,85.0,Routine,1159.82,None,0.02,Low
LOG-05177,2022-09-08,EQ-023,Harvester,2022-07-08,FARM-05,OP-020,James Hernandez,9.0,FLD-003,Golden Field,66.67,3.8,30.4,None,0.0,None,,Medium
LOG-03082,2024-05-04,,Tractor,2015-05-03,FARM-02,OP-010,Robert Anderson,8.0,FLD-017,East Field,,10.4,79.3,None,0.0,None,0.54,Medium
LOG-03467,,EQ-036,Planter,2021-07-18,FARM-07,OP-043,Sarah Brown,1.0,FLD-015,West Field,216.02,9.3,56.5,None,0.0,None,0.03,Low
LOG-06107,2023-05-19,EQ-050,Harvester,2021-01-18,FARM-09,OP-042,Daniel Garcia,10.0,FLD-015,West Field,216.02,3.1,17.8,None,0.0,None,0.97,High
LOG-04397,2023-03-22,EQ-055,Tractor,2015-12-17,FARM-08,OP-016,David Jones,4.0,FLD-016,Valley Field,341.89,1.8,8.2,None,0.0,None,0.21,Low
LOG-04024,2022-02-20,EQ-098,,2021-06-29,FARM-10,OP-041,Chloe Brown,7.0,FLD-019,North Field,158.9,1.7,11.9,,0.0,None,0.87,High
LOG-06628,2024-01-09,EQ-081,Harvester,2015-11-05,FARM-08,OP-026,Grace Rodriguez,1.0,FLD-004,Sunny Field,103.14,1.1,3.8,None,0.0,None,0.9,High
LOG-02047,26-06-2023,EQ-070,Harvester,2021-01-17,FARM-03,OP-019,James Lopez,11.0,FLD-010,Hill Field,315.35,7.5,49.7,Inspection,889.27,None,0.06,Low
LOG-04357,2023-09-15,EQ-091,Tractor,2023-05-22,FARM-06,OP-022,Robert Hernandez,14.0,FLD-006,North Field,264.76,7.5,28.9,None,0.0,None,0.86,High
LOG-05493,2024-06-20,EQ-100,Planter,2022-05-16,FARM-10,OP-003,Sarah Jones,13.0,FLD-019,,158.9,1.7,7.9,None,0.0,None,,Medium
LOG-02114,2022-09-08,EQ-040,Planter,2021-09-08,FARM-02,OP-018,David Jones,10.0,FLD-014,,281.66,6.4,39.8,None,0.0,None,0.87,High
LOG-00028,2022-01-21,EQ-090,Sprayer,2017-06-10,FARM-01,OP-018,David Jones,10.0,FLD-018,River Field,208.98,6.7,26.5,None,0.0,None,0.41,Medium
LOG-02041,2022-11-26,EQ-061,Planter,2022-07-14,FARM-06,OP-025,Michael Williams,15.0,FLD-002,Hill Field,223.83,7.2,55.2,Routine,1177.72,None,0.03,Low
LOG-03929,"May 07, 2022",EQ-085,Planter,2017-05-25,FARM-07,OP-024,William Gonzalez,5.0,FLD-005,North Field,357.3,11.4,85.2,None,0.0,None,0.64,
LOG-06322,2022-04-09,EQ-043,Tractor,2022-08-18,FARM-02,OP-008,James Rodriguez,9.0,FLD-020,West Field,220.65,7.3,38.6,None,0.0,None,0.75,High
LOG-03217,2023-11-20,EQ-086,Tractor,2016-11-05,,OP-017,Emily Lopez,18.0,FLD-015,West Field,216.02,,55.6,None,0.0,None,0.21,Low
LOG-06516,2024/09/25,EQ-056,Tractor,2023-07-13,FARM-09,OP-022,Robert Hernandez,14.0,FLD-003,Golden Field,66.67,11.4,45.7,None,0.0,None,0.84,High
LOG-03815,2024-07-11,EQ-016,Sprayer,2022-01-18,FARM-10,OP-019,James Lopez,11.0,FLD-020,West Field,220.65,2.7,16.1,Routine,252.5,None,0.14,Low
LOG-00130,2024-06-21,EQ-025,Harvester,2016-10-31,FARM-08,OP-024,,5.0,FLD-019,North Field,158.9,6.1,26.9,None,0.0,None,0.53,Medium
LOG-05180,2023/11/24,EQ-077,Sprayer,2023-12-24,FARM-02,OP-023,Michael Smith,1.0,FLD-004,Sunny Field,103.14,7.7,32.3,None,0.0,None,0.42,Medium
LOG-00956,"April 07, 2022",EQ-006,Harvester,2017-08-10,FARM-09,OP-047,Charles Hernandez,18.0,FLD-008,,188.47,4.1,20.9,None,0.0,None,0.02,Low
LOG-04600,2023/06/03,EQ-025,Harvester,2016-10-31,FARM-08,OP-050,Michael Smith,,FLD-008,West Field,188.47,8.0,59.0,None,0.0,None,0.42,Medium
LOG-00014,2022/12/05,EQ-086,Tractor,2016-11-05,FARM-07,OP-044,James Miller,11.0,FLD-013,Valley Field,169.83,,77.5,None,0.0,None,0.53,Medium
LOG-06002,2024-12-07,EQ-052,Planter,2015-03-21,FARM-02,OP-048,William Smith,4.0,FLD-001,Sunny Field,,11.2,56.5,Routine,598.24,None,0.88,High
LOG-04477,30-05-2023,EQ-009,,2015-01-27,FARM-03,OP-017,Emily Lopez,18.0,FLD-007,Golden Field,346.56,11.5,74.6,None,0.0,None,0.87,High
LOG-01526,2022-07-21,EQ-075,Planter,2023-03-06,FARM-01,OP-031,Alice Anderson,12.0,FLD-015,West Field,216.02,6.9,47.7,None,0.0,None,0.63,Medium
LOG-02366,2024-12-29,EQ-088,Planter,2018-03-14,FARM-07,OP-002,James Hernandez,11.0,FLD-001,Sunny Field,222.94,8.1,53.9,None,0.0,None,0.53,Medium
LOG-04649,2023-01-25,EQ-059,Planter,2017-05-17,FARM-09,OP-011,Sophia Jones,6.0,FLD-020,West Field,220.65,3.4,22.5,None,0.0,None,0.88,High
LOG-03053,"January 09, 2024",EQ-036,Planter,2021-07-18,FARM-07,,,1.0,,North Field,158.9,3.0,16.1,None,0.0,None,0.41,Medium
LOG-04006,2023-05-12,EQ-081,Harvester,2015-11-05,FARM-08,OP-010,Robert Anderson,8.0,FLD-011,South Field,362.68,2.9,22.2,Inspection,1138.9,None,0.72,
LOG-02341,2024-03-03,EQ-070,Harvester,2021-01-17,FARM-03,OP-018,David Jones,10.0,FLD-003,Golden Field,66.67,5.3,19.9,Routine,1309.52,None,0.93,
LOG-00375,2024-07-27,EQ-042,Planter,2020-12-07,FARM-05,OP-018,David Jones,10.0,FLD-017,East Field,311.6,11.1,34.0,None,0.0,None,,Medium
LOG-05098,2022-03-18,EQ-063,Tractor,2017-10-12,FARM-04,OP-018,David Jones,10.0,FLD-012,River Field,258.49,7.1,43.7,None,0.0,None,0.61,Medium
LOG-06013,2022-08-10,EQ-064,Tractor,2018-10-16,FARM-01,OP-036,Jessica Anderson,14.0,FLD-017,East Field,311.6,4.3,23.5,None,0.0,None,0.31,Medium
LOG-00940,2024-08-09,EQ-058,Harvester,2017-12-21,FARM-09,OP-003,Sarah Jones,13.0,FLD-001,Sunny Field,222.94,11.6,70.8,None,0.0,None,0.17,Low
LOG-06697,2022-09-18,EQ-055,Tractor,2015-12-17,FARM-08,OP-034,Grace Martinez,5.0,FLD-007,Golden Field,346.56,5.0,24.3,None,0.0,None,0.05,Low
LOG-04574,2024/08/03,EQ-031,Sprayer,2017-05-20,FARM-08,OP-021,Chloe Jones,2.0,FLD-006,North Field,,6.6,47.8,None,0.0,None,0.87,High
LOG-02148,2024-02-01,EQ-057,Harvester,2016-06-09,FARM-08,OP-038,Grace Gonzalez,8.0,FLD-012,River Field,258.49,4.1,29.6,None,0.0,None,0.26,Low
LOG-03592,2023-05-23,EQ-068,,2015-10-18,FARM-09,OP-001,William Anderson,9.0,FLD-011,South Field,362.68,11.7,59.1,None,0.0,None,0.96,High
LOG-05529,2022-05-11,EQ-059,,2017-05-17,FARM-09,OP-024,William Gonzalez,5.0,FLD-001,Sunny Field,222.94,1.9,7.6,Repair,1414.63,Hydraulics,0.03,Low
LOG-02257,2023-02-19,EQ-025,Harvester,2016-10-31,FARM-08,OP-028,Alice Wilson,12.0,FLD-014,,281.66,4.2,15.6,None,0.0,None,0.57,Medium
LOG-05883,2022-04-04,EQ-093,Plntr,2020-08-21,FARM-09,OP-024,,5.0,FLD-008,West Field,188.47,9.4,70.3,None,0.0,None,0.98,High
LOG-03624,2023-08-11,EQ-081,Harvester,2015-11-05,FARM-08,OP-002,James Hernandez,11.0,FLD-002,Hill Field,223.83,1.1,3.7,None,0.0,None,0.48,Medium
LOG-00530,2024-01-18,EQ-027,Harvester,2022-09-05,FARM-06,OP-027,Emily Johnson,5.0,FLD-012,River Field,258.49,10.4,45.7,Inspection,240.15,None,0.57,Medium
LOG-03715,2022-07-31,EQ-005,Tractor,2015-05-03,FARM-02,OP-029,David Miller,5.0,FLD-017,East Field,311.6,2.2,16.3,None,0.0,None,0.57,Medium
LOG-04733,2023/05/24,EQ-090,Sprayer,2017-06-10,FARM-01,OP-028,Alice Wilson,12.0,FLD-002,Hill Field,223.83,2.2,7.7,None,0.0,None,0.02,Low
LOG-01270,2023-03-11,EQ-011,Harvester,2017-05-31,FARM-06,OP-023,Michael Smith,1.0,,River Field,281.66,2.7,14.9,None,0.0,None,0.06,Low
LOG-04282,"August 02, 2023",EQ-026,Planter,2018-01-10,FARM-09,OP-030,Alice Jones,12.0,FLD-004,Sunny Field,103.14,12.0,50.4,None,0.0,None,0.05,Low
LOG-01395,2023-04-26,EQ-063,Tractor,2017-10-12,FARM-04,OP-039,Michael Williams,4.0,FLD-014,River Field,281.66,1.3,5.6,None,0.0,None,0.84,High
LOG-04851,2022-04-25,EQ-010,Planter,2018-10-25,FARM-05,OP-028,Alice Wilson,12.0,FLD-012,River Field,,10.6,80.1,None,0.0,None,0.89,High
LOG-04010,03-01-2022,EQ-068,Sprayer,2015-10-18,FARM-09,OP-009,David Anderson,12.0,FLD-004,Sunny Field,103.14,10.1,39.8,None,0.0,None,0.47,Medium
LOG-04391,2023/12/30,EQ-055,Tractor,2015-12-17,FARM-08,OP-015,Laura Anderson,4.0,FLD-013,Valley Field,169.83,9.1,27.7,None,0.0,None,0.73,High
LOG-01798,2023-01-22,EQ-032,Planter,2022-03-18,FARM-08,OP-031,Alice Anderson,12.0,FLD-007,Golden Field,346.56,8.3,44.7,None,0.0,None,0.18,Low
LOG-02980,2024-07-06,EQ-055,Tractor,2015-12-17,FARM-08,OP-021,Chloe Jones,2.0,FLD-009,South Field,474.95,1.6,11.9,None,0.0,None,0.47,Medium
LOG-01442,2024-11-23,EQ-022,Harvester,2019-02-25,FARM-06,OP-038,Grace Gonzalez,8.0,FLD-012,River Field,,1.2,7.6,None,0.0,None,0.66,Medium
LOG-05229,"February 25, 2023",EQ-077,Sprayer,2023-12-24,FARM-02,OP-016,David Jones,4.0,FLD-016,Valley Field,341.89,9.0,64.8,None,0.0,None,0.07,Low
LOG-01792,"May 07, 2024",EQ-082,Tractor,2015-07-27,FARM-09,OP-035,Sarah Wilson,6.0,FLD-004,Sunny Field,103.14,6.2,27.2,None,0.0,None,0.42,Medium
LOG-03812,2023-10-21,EQ-026,Planter,2018-01-10,FARM-09,OP-046,,17.0,FLD-017,East Field,311.6,4.1,17.1,Inspection,893.38,None,0.6,Medium
LOG-01274,2023-04-09,EQ-069,,2018-02-14,FARM-08,OP-007,Emily Johnson,18.0,FLD-009,South Field,474.95,10.7,69.5,None,0.0,,0.4,Medium
LOG-04704,2022-05-02,EQ-022,Harvester,2019-02-25,FARM-06,OP-002,James Hernandez,11.0,FLD-009,South Field,474.95,,24.4,None,0.0,None,0.25,Low
LOG-01713,15-05-2022,EQ-047,Sprayer,2020-08-12,FARM-03,OP-045,Michael Wilson,3.0,FLD-020,West Field,220.65,7.3,48.4,None,0.0,None,0.36,Medium
LOG-00956,,EQ-006,Harvester,2017-08-10,FARM-09,OP-047,Charles Hernandez,18.0,FLD-008,West Field,188.47,4.1,20.9,None,0.0,None,0.02,
LOG-05175,2022/09/23,EQ-095,Tractor,2017-01-31,FARM-02,OP-021,Chloe Jones,2.0,FLD-010,Hill Field,315.35,9.6,63.5,None,0.0,None,0.87,High
LOG-05591,2022-12-09,EQ-008,Planter,,FARM-08,OP-028,Alice Wilson,12.0,FLD-001,Sunny Field,222.94,2.9,11.2,None,0.0,None,0.91,High
LOG-06184,2024-09-06,EQ-071,Planter,2017-09-22,FARM-08,OP-029,David Miller,5.0,FLD-011,South Field,362.68,11.6,57.4,None,0.0,None,0.38,Medium
LOG-06424,21-10-2022,EQ-014,Sprayer,2015-06-27,FARM-08,OP-027,Emily Johnson,5.0,FLD-019,North Field,158.9,,35.7,None,0.0,None,0.42,Medium
LOG-00404,2024/02/25,EQ-052,Planter,2015-03-21,FARM-02,OP-028,Alice Wilson,12.0,FLD-016,Valley Field,341.89,1.1,6.2,None,0.0,None,0.94,High
LOG-02072,"November 11, 2023",EQ-050,Harvester,2021-01-18,FARM-09,OP-025,Michael Williams,15.0,FLD-020,,220.65,8.5,49.7,Routine,231.0,None,0.28,Low
LOG-06646,"August 28, 2023",EQ-015,Tractr,2019-03-31,FARM-02,OP-023,Michael Smith,1.0,FLD-004,Sunny Field,103.14,4.0,20.1,None,0.0,None,0.65,Medium
LOG-01978,2022-05-13,,Sprayr,2015-10-18,FARM-09,OP-012,Daniel Wilson,18.0,FLD-005,North Field,357.3,1.7,11.9,None,0.0,None,0.86,High
LOG-00159,2023/08/18,EQ-086,Tractor,2016-11-05,FARM-07,OP-023,Michael Smith,1.0,FLD-003,Golden Field,66.67,10.8,78.4,None,0.0,None,0.92,High
LOG-03889,2024-01-08,EQ-053,Sprayer,2018-06-13,FARM-04,OP-008,James Rodriguez,9.0,FLD-003,Golden Field,66.67,5.5,38.6,Repair,241.85,Belt,0.86,High
LOG-00903,2024-07-28,EQ-055,Tractor,2015-12-17,FARM-08,OP-027,Emily Johnson,5.0,FLD-014,River Field,281.66,11.5,64.2,None,,None,0.93,High
LOG-00353,2023-10-12,EQ-056,Tractor,2023-07-13,FARM-09,,Chloe Brown,7.0,FLD-016,Valley Field,341.89,2.9,22.7,None,0.0,None,0.92,
LOG-04541,29-12-2023,EQ-070,Harvester,2021-01-17,FARM-03,OP-046,Michael Garcia,17.0,FLD-019,North Field,158.9,8.8,59.2,None,0.0,None,0.26,Low
LOG-04131,,EQ-034,Harvester,2023-05-10,FARM-09,OP-015,Laura Anderson,4.0,FLD-001,Sunny Field,222.94,1.2,5.9,None,0.0,None,,Low
LOG-00755,2023-04-21,EQ-025,Harvstr,2016-10-31,FARM-08,OP-005,,3.0,FLD-001,Sunny Field,222.94,10.2,57.1,None,0.0,None,0.58,Medium
LOG-02972,2022-12-11,EQ-021,Planter,2022-02-16,FARM-06,OP-016,David Jones,4.0,FLD-008,,,11.7,60.2,None,0.0,None,0.36,Medium
LOG-03497,2022-11-22,EQ-071,Planter,2017-09-22,FARM-08,OP-009,David Anderson,12.0,FLD-003,Golden Field,66.67,5.2,26.4,None,0.0,None,0.61,Medium
LOG-02921,"January 19, 2022",EQ-068,Sprayer,2015-10-18,FARM-09,OP-010,Robert Anderson,8.0,FLD-020,West Field,220.65,9.8,53.1,,0.0,None,0.85,High
LOG-00312,2023-07-23,EQ-069,,2018-02-14,FARM-08,OP-040,Charles Wilson,2.0,FLD-005,North Field,,1.9,6.5,None,0.0,None,0.96,High
LOG-04645,2022-11-09,EQ-098,Harvester,2021-06-29,FARM-10,OP-003,Sarah Jones,13.0,FLD-005,North Field,357.3,8.3,47.9,None,0.0,None,0.98,High
LOG-00662,2022-09-27,EQ-069,Harvester,2018-02-14,FARM-08,OP-006,John Davis,20.0,FLD-015,West Field,216.02,2.0,14.0,None,0.0,None,0.11,Low
LOG-01990,"March 18, 2022",EQ-008,Planter,2017-06-21,FARM-08,OP-044,James Miller,11.0,FLD-011,South Field,362.68,4.2,26.0,None,0.0,None,0.3,Medium
LOG-03666,2023-04-03,EQ-003,Tractor,2022-08-03,FARM-09,OP-030,Alice Jones,12.0,FLD-017,East Field,311.6,9.0,59.0,Routine,823.53,None,0.06,
LOG-00307,2024-11-09,EQ-039,Tractor,2016-09-18,FARM-03,OP-014,John Hernandez,18.0,FLD-017,East Field,311.6,3.1,15.4,None,0.0,None,0.78,High
LOG-02336,2022-04-28,EQ-051,Tractor,2021-09-19,FARM-06,OP-013,Laura Martinez,17.0,FLD-001,Sunny Field,222.94,4.8,33.4,None,0.0,None,0.82,High
LOG-04791,2022/04/24,EQ-006,Harvester,2017-08-10,FARM-09,OP-002,James Hernandez,11.0,FLD-003,Golden Field,66.67,11.6,88.5,None,0.0,None,0.52,Medium
LOG-02357,2023-02-13,EQ-099,Tractor,2021-12-11,FARM-02,OP-041,Chloe Brown,7.0,FLD-011,South Field,362.68,5.0,21.0,None,0.0,None,0.47,Medium
LOG-03703,2023-11-03,EQ-098,Harvester,2021-06-29,FARM-10,OP-010,Robert Anderson,8.0,FLD-015,West Field,216.02,8.3,44.5,None,0.0,None,0.06,Low
LOG-03805,2022-03-05,EQ-073,Tractor,2022-05-23,FARM-07,OP-007,Emily Johnson,18.0,FLD-013,Valley Field,169.83,11.3,75.3,None,0.0,None,0.58,Medium
LOG-01928,2022/08/19,EQ-018,Tractor,2015-07-07,FARM-04,OP-014,John Hernandez,18.0,FLD-009,South Field,474.95,7.3,45.7,None,0.0,None,0.82,High
LOG-06186,2024-06-05,EQ-067,Harvester,2015-10-04,FARM-01,OP-016,David Jones,4.0,FLD-014,River Field,281.66,1.2,7.1,None,0.0,None,0.99,High
LOG-03428,2023-11-27,EQ-059,Planter,2017-05-17,FARM-09,OP-047,Charles Hernandez,18.0,FLD-017,East Field,311.6,2.8,14.8,None,0.0,None,0.82,High
LOG-00750,2023-07-22,EQ-065,Harvester,2021-08-07,FARM-04,OP-044,,11.0,FLD-014,River Field,281.66,1.6,7.8,None,0.0,None,,Medium
LOG-03639,2023-09-19,EQ-029,Sprayer,2019-07-02,FARM-05,OP-040,,2.0,FLD-007,Golden Field,346.56,11.5,73.8,None,0.0,None,,Low
LOG-06585,"July 29, 2022",EQ-093,Planter,2020-08-21,FARM-09,OP-028,Alice Wilson,12.0,FLD-018,River Field,208.98,11.0,53.8,Inspection,,None,0.34,
LOG-01267,30-03-2024,EQ-080,Harvester,2018-02-14,FARM-08,OP-033,Emily Garcia,18.0,FLD-007,Golden Field,346.56,3.1,13.6,Inspection,495.36,None,0.86,High
LOG-05308,2023-01-04,EQ-032,Planter,2022-03-18,FARM-08,OP-030,Alice Jones,12.0,FLD-002,Hill Field,223.83,5.6,29.1,None,0.0,None,0.3,Medium
LOG-06622,2023-01-24,EQ-050,Harvester,2021-01-18,FARM-09,OP-004,David Hernandez,10.0,FLD-018,River Field,208.98,9.2,53.9,Repair,642.17,Engine,0.7,High
LOG-03596,2024-04-01,EQ-092,Tractor,2015-07-25,FARM-10,OP-021,Chloe Jones,2.0,FLD-018,River Field,208.98,11.6,88.3,None,0.0,None,0.77,High
LOG-02135,"December 02, 2024",EQ-059,Planter,2017-05-17,FARM-09,OP-042,Daniel Garcia,10.0,FLD-010,Hill Field,315.35,2.1,14.3,None,0.0,None,0.11,Low
LOG-04110,2022-05-09,EQ-040,Planter,2021-09-08,FARM-02,OP-039,Michael Williams,4.0,FLD-013,Valley Field,169.83,6.0,21.2,None,0.0,None,0.07,Low
LOG-04970,2023-06-11,EQ-055,Tractor,2015-12-17,FARM-08,OP-041,Chloe Brown,7.0,FLD-016,Valley Field,341.89,6.2,38.6,Repair,125.02,Filter,0.09,Low
LOG-04905,2024-04-21,EQ-077,Sprayer,2023-12-24,FARM-02,OP-031,Alice Anderson,12.0,FLD-007,Golden Field,346.56,5.5,39.2,None,0.0,None,0.28,Low
LOG-00515,2023-07-21,EQ-075,Planter,2023-03-06,FARM-01,OP-023,Michael Smith,1.0,FLD-012,River Field,258.49,3.5,27.4,None,0.0,None,0.41,Medium
LOG-06254,2022-02-10,EQ-082,Tractor,2015-07-27,FARM-09,OP-045,Michael Wilson,3.0,FLD-015,West Field,216.02,3.2,13.6,None,0.0,None,0.38,Medium
LOG-00410,2024-12-31,EQ-005,Tractor,2015-05-03,FARM-02,OP-025,Michael Williams,15.0,FLD-009,South Field,474.95,7.9,47.2,Routine,206.76,None,0.83,High
LOG-06474,2023-11-15,,Planter,2022-02-16,FARM-06,OP-042,Daniel Garcia,10.0,FLD-010,Hill Field,315.35,10.0,52.9,None,0.0,None,0.93,High
LOG-05966,2022-10-15,EQ-042,Planter,2020-12-07,FARM-05,OP-047,,18.0,,Sunny Field,103.14,5.2,37.5,None,0.0,None,0.87,High
LOG-05373,2024-05-31,EQ-009,Sprayer,2015-01-27,FARM-03,OP-037,John Williams,11.0,FLD-008,West Field,188.47,5.3,23.5,Inspection,481.35,,0.96,High
LOG-06063,2022-10-13,,Sprayer,2018-06-13,FARM-04,OP-029,David Miller,5.0,FLD-007,Golden Field,346.56,8.0,39.1,None,0.0,None,0.03,Low
LOG-00208,2024-07-20,EQ-018,Tractor,2015-07-07,FARM-04,OP-031,Alice Anderson,12.0,FLD-005,North Field,357.3,9.2,55.5,None,,,0.55,Medium
LOG-00459,20-10-2023,EQ-080,,2018-02-14,FARM-08,OP-016,David Jones,4.0,FLD-002,Hill Field,,5.2,36.3,Repair,,Hydraulics,0.29,Low
LOG-02055,2024/05/27,EQ-003,Tractor,2022-08-03,FARM-09,OP-032,James Hernandez,8.0,FLD-019,North Field,158.9,5.4,41.2,Repair,743.57,Filter,0.4,Medium
LOG-02431,2024-12-18,EQ-043,Tractor,,FARM-02,OP-026,Grace Rodriguez,1.0,FLD-012,River Field,258.49,8.8,43.6,None,0.0,None,0.34,Medium
LOG-00251,2023-01-16,EQ-071,Planter,,FARM-08,OP-025,Michael Williams,15.0,FLD-014,River Field,281.66,8.5,53.6,Routine,,None,0.79,High
LOG-05975,2022-05-15,EQ-034,Harvester,2023-05-10,FARM-09,OP-014,John Hernandez,18.0,FLD-014,River Field,281.66,5.3,25.8,None,0.0,None,0.59,Medium
LOG-01108,2023-07-02,EQ-017,Sprayer,2021-06-22,FARM-04,OP-010,Robert Anderson,8.0,,Valley Field,169.83,1.6,10.6,None,0.0,None,0.7,High
LOG-05674,2022-02-04,EQ-047,Sprayer,2020-08-12,FARM-03,OP-017,Emily Lopez,18.0,FLD-013,Valley Field,169.83,5.2,20.6,None,0.0,None,0.19,Low
LOG-01714,2023-09-07,EQ-062,Planter,2020-10-20,FARM-08,OP-024,William Gonzalez,5.0,FLD-016,Valley Field,,9.4,42.9,,0.0,None,0.2,Low
LOG-03912,2024-07-10,EQ-090,,2017-06-10,FARM-01,OP-044,James Miller,11.0,FLD-008,West Field,,10.8,85.5,None,0.0,None,0.3,Medium
LOG-00716,2023-11-26,EQ-058,Harvester,2017-12-21,FARM-09,OP-002,James Hernandez,,FLD-002,Hill Field,223.83,1.6,11.1,Routine,221.37,None,0.8,High
LOG-00553,2023-08-17,EQ-009,,,FARM-03,OP-012,Daniel Wilson,18.0,FLD-005,North Field,357.3,2.2,11.6,None,0.0,None,0.7,High
LOG-01440,2022-09-02,EQ-017,Sprayer,2021-06-22,FARM-04,OP-006,John Davis,20.0,FLD-014,River Field,281.66,1.6,9.9,Routine,191.34,,0.54,Medium
LOG-02271,18-07-2023,EQ-091,Tractor,2023-05-22,FARM-06,,Robert Hernandez,14.0,FLD-014,River Field,,11.5,60.9,None,0.0,None,0.14,Low
LOG-03145,2022-06-19,EQ-028,,2017-07-27,FARM-01,OP-009,David Anderson,12.0,FLD-008,West Field,188.47,11.6,72.6,None,0.0,,0.91,High
LOG-06679,2023-03-31,EQ-022,Harvester,2019-02-25,,,John Hernandez,18.0,FLD-016,Valley Field,341.89,10.2,61.9,None,0.0,None,0.27,Low
LOG-01926,2022-09-20,EQ-025,,2016-10-31,FARM-08,OP-048,William Smith,4.0,FLD-009,South Field,474.95,7.3,51.6,None,0.0,None,0.96,High
LOG-00635,"December 30, 2022",EQ-079,Plntr,2016-07-28,FARM-07,OP-043,Sarah Brown,1.0,FLD-020,West Field,220.65,11.6,78.3,None,0.0,None,0.05,Low
LOG-00317,2023-11-18,EQ-016,Sprayer,2022-01-18,FARM-10,OP-050,Michael Smith,4.0,FLD-001,Sunny Field,222.94,9.9,43.2,Routine,1082.87,None,0.58,Medium
LOG-06569,2024-05-10,EQ-082,Tractor,2015-07-27,FARM-09,OP-049,Michael Williams,19.0,FLD-002,Hill Field,223.83,11.9,93.2,None,0.0,None,0.94,High
LOG-00428,2024-10-03,EQ-064,Tractor,,FARM-01,OP-011,Sophia Jones,6.0,FLD-003,Golden Field,66.67,,20.9,None,0.0,None,0.51,Medium
LOG-05187,2024-09-27,EQ-036,Planter,2021-07-18,FARM-07,OP-041,Chloe Brown,7.0,FLD-010,Hill Field,315.35,4.4,24.2,None,0.0,None,0.7,High
LOG-00106,2022-04-23,EQ-006,Harvester,2017-08-10,FARM-09,OP-015,Laura Anderson,4.0,FLD-013,Valley Field,169.83,1.1,5.0,None,0.0,None,0.14,Low
LOG-03042,2022-02-08,EQ-043,Tractor,2022-08-18,FARM-02,OP-042,Daniel Garcia,10.0,FLD-011,South Field,362.68,8.4,63.7,Repair,468.04,Filter,0.1,Low
LOG-04239,2024-01-17,EQ-008,Planter,2017-06-21,FARM-08,OP-022,Robert Hernandez,14.0,,Hill Field,315.35,4.7,19.8,None,0.0,None,0.36,Medium
LOG-02170,23-02-2022,EQ-022,Harvester,2019-02-25,FARM-06,OP-028,Alice Wilson,12.0,FLD-005,North Field,357.3,3.4,11.1,None,0.0,None,0.9,High
LOG-01710,2024-12-22,EQ-045,Tractor,2018-04-17,FARM-07,OP-048,William Smith,4.0,FLD-008,West Field,188.47,1.1,8.2,None,0.0,None,0.29,Low
LOG-00090,27-07-2024,EQ-085,Planter,2017-05-25,FARM-07,OP-034,Grace Martinez,5.0,FLD-010,Hill Field,315.35,8.1,25.6,None,0.0,None,0.84,High
LOG-02242,2024-02-20,EQ-094,Harvester,2015-08-21,FARM-09,OP-039,Michael Williams,4.0,FLD-018,,208.98,8.8,34.1,Repair,345.42,None,0.65,Medium
LOG-03175,2024-04-13,EQ-002,Harvester,2017-07-03,FARM-03,OP-026,Grace Rodriguez,1.0,FLD-007,Golden Field,346.56,7.9,50.2,None,0.0,None,0.78,High
LOG-05219,2022-09-10,EQ-057,Harvester,2016-06-09,FARM-08,OP-048,William Smith,4.0,FLD-008,West Field,188.47,2.1,14.6,None,0.0,None,0.67,Medium
LOG-01950,2024-01-01,EQ-001,Tractor,2015-04-13,FARM-05,OP-028,Alice Wilson,12.0,FLD-012,River Field,258.49,9.3,53.8,Inspection,1121.41,None,0.97,High
LOG-04045,2022-10-28,EQ-043,Tractor,2022-08-18,FARM-02,OP-012,Daniel Wilson,18.0,FLD-010,Hill Field,315.35,10.4,51.0,Inspection,521.62,None,0.56,Medium
LOG-02849,2022-03-11,EQ-040,Planter,2021-09-08,FARM-02,OP-048,William Smith,4.0,FLD-008,West Field,188.47,10.6,70.5,None,0.0,None,0.22,Low
LOG-00002,2023/08/05,EQ-095,Tractor,2017-01-31,FARM-02,,Sophia Jones,6.0,FLD-003,Golden Field,66.67,,41.3,None,0.0,None,0.81,High
LOG-04338,2024-12-02,EQ-049,Harvester,2016-09-18,FARM-06,OP-030,Alice Jones,12.0,FLD-001,Sunny Field,222.94,6.9,31.9,None,0.0,None,0.75,High
LOG-00936,2024-10-30,EQ-031,Sprayer,2017-05-20,FARM-08,OP-032,James Hernandez,8.0,FLD-017,East Field,311.6,5.2,18.6,Routine,723.99,None,0.41,Medium
LOG-06143,"August 29, 2023",EQ-057,Harvester,2016-06-09,FARM-08,OP-042,Daniel Garcia,10.0,FLD-008,West Field,188.47,10.1,53.7,None,0.0,None,0.44,Medium
LOG-02721,2022-07-15,EQ-073,Tractor,2022-05-23,FARM-07,OP-036,Jessica Anderson,14.0,FLD-001,Sunny Field,222.94,12.0,89.4,Inspection,626.4,None,0.5,Medium
LOG-00592,2022-04-11,EQ-011,Harvester,2017-05-31,FARM-06,OP-031,Alice Anderson,12.0,FLD-019,,158.9,7.0,30.2,None,0.0,None,0.44,Medium
LOG-05246,,EQ-038,Planter,2016-01-08,FARM-01,OP-046,Michael Garcia,17.0,FLD-014,River Field,281.66,10.3,43.9,,0.0,None,0.53,Medium
LOG-02937,2024-02-20,EQ-029,Sprayer,2019-07-02,FARM-05,OP-038,Grace Gonzalez,8.0,FLD-009,South Field,474.95,2.1,7.4,None,0.0,None,0.58,Medium
LOG-02449,2022-07-06,,Planter,2023-03-06,FARM-01,OP-048,William Smith,4.0,FLD-001,Sunny Field,222.94,6.0,22.9,Inspection,1205.75,None,0.3,Medium
LOG-01577,2022-10-20,EQ-029,Sprayer,2019-07-02,FARM-05,OP-033,Emily Garcia,18.0,FLD-005,North Field,357.3,3.5,11.9,Routine,635.57,None,0.88,High
LOG-05843,2022-01-10,EQ-062,,2020-10-20,FARM-08,OP-044,James Miller,11.0,FLD-002,Hill Field,223.83,2.5,18.9,Repair,1054.3,Tire,0.89,High
LOG-00214,2022-05-04,EQ-055,Tractor,2015-12-17,FARM-08,OP-023,Michael Smith,1.0,FLD-003,Golden Field,66.67,11.3,37.8,None,0.0,None,0.04,Low
LOG-00779,2022-10-05,EQ-019,Sprayer,2015-11-23,FARM-04,OP-021,Chloe Jones,2.0,,West Field,216.02,4.9,16.0,None,0.0,None,0.63,Medium
LOG-03497,2022-11-22,EQ-071,Planter,2017-09-22,FARM-08,OP-009,David Anderson,12.0,FLD-003,Golden Field,66.67,5.2,26.4,None,0.0,None,0.61,Medium
LOG-05488,2024-03-04,EQ-057,Harvester,2016-06-09,FARM-08,OP-003,Sarah Jones,13.0,FLD-019,North Field,,8.4,48.3,None,0.0,None,0.42,Medium
LOG-02044,2023-02-24,EQ-011,Harvester,,FARM-06,OP-030,Alice Jones,12.0,FLD-001,Sunny Field,222.94,10.3,77.2,Inspection,197.4,None,0.6,Medium
LOG-06342,"July 19, 2022",EQ-022,Harvester,2019-02-25,FARM-06,OP-009,David Anderson,12.0,FLD-009,South Field,474.95,6.5,42.5,None,0.0,None,0.78,High
LOG-01568,2024-08-23,EQ-084,Harvester,2019-07-23,FARM-08,OP-042,Daniel Garcia,10.0,FLD-013,Valley Field,169.83,1.2,9.4,None,0.0,None,0.89,High
LOG-00166,07-02-2023,EQ-037,,2017-06-17,FARM-03,OP-006,John Davis,20.0,FLD-009,South Field,474.95,8.0,46.0,Repair,489.1,None,0.1,Low
LOG-04703,2023-11-15,EQ-049,Harvester,2016-09-18,FARM-06,OP-046,Michael Garcia,17.0,FLD-008,West Field,188.47,2.8,12.4,Routine,239.72,None,0.44,Medium
LOG-03567,2023-06-15,EQ-058,Harvester,2017-12-21,FARM-09,OP-025,Michael Williams,15.0,FLD-018,,208.98,2.3,13.3,None,0.0,None,0.41,Medium
LOG-05353,2024-10-16,EQ-027,Harvester,2022-09-05,FARM-06,OP-042,Daniel Garcia,10.0,FLD-018,River Field,208.98,11.0,77.9,None,0.0,None,0.21,Low
LOG-06651,2022-07-29,EQ-017,Sprayer,2021-06-22,FARM-04,OP-015,Laura Anderson,4.0,FLD-018,,208.98,10.2,39.8,None,0.0,None,0.96,High
LOG-02014,2022-10-07,EQ-086,Tractor,2016-11-05,FARM-07,OP-036,Jessica Anderson,14.0,FLD-017,,,5.5,22.3,None,0.0,None,0.61,Medium
LOG-00274,2024-08-04,EQ-043,Tractor,2022-08-18,FARM-02,OP-036,Jessica Anderson,14.0,FLD-014,River Field,281.66,3.6,18.1,Inspection,978.69,None,0.43,Medium
LOG-03861,2024-05-14,EQ-043,Tractor,2022-08-18,FARM-02,OP-041,Chloe Brown,7.0,FLD-008,West Field,188.47,4.5,33.0,None,0.0,None,0.74,High
LOG-04168,18-08-2024,EQ-035,Sprayer,2023-05-18,FARM-10,OP-024,William Gonzalez,5.0,FLD-020,West Field,220.65,2.1,15.2,None,0.0,None,0.36,Medium
LOG-05583,2022-03-03,EQ-072,Planter,2017-02-18,FARM-02,OP-032,James Hernandez,8.0,FLD-003,Golden Field,,10.1,49.7,None,0.0,None,0.23,Low
LOG-03789,2022-06-30,EQ-042,Planter,2020-12-07,FARM-05,OP-029,David Miller,5.0,FLD-016,Valley Field,341.89,,8.7,None,0.0,None,0.59,Medium
LOG-00395,"March 14, 2022",EQ-054,Tractor,2017-09-13,FARM-10,OP-026,Grace Rodriguez,1.0,FLD-013,Valley Field,169.83,7.4,59.0,None,0.0,None,0.35,Medium
LOG-00584,13-11-2024,EQ-041,Planter,2019-04-13,FARM-10,OP-002,James Hernandez,11.0,FLD-009,South Field,474.95,7.1,54.2,Inspection,104.72,None,0.36,Medium
LOG-06186,05-06-2024,EQ-067,Harvester,2015-10-04,FARM-01,OP-016,David Jones,4.0,FLD-014,River Field,281.66,1.2,7.1,None,0.0,None,0.99,High
LOG-06485,2023-11-21,EQ-081,Harvester,2015-11-05,FARM-08,OP-012,Daniel Wilson,18.0,FLD-004,Sunny Field,103.14,2.0,10.3,None,0.0,None,0.23,Low
LOG-05752,"June 26, 2024",EQ-029,Sprayer,2019-07-02,FARM-05,OP-023,Michael Smith,1.0,FLD-006,North Field,264.76,4.8,23.2,None,0.0,,0.7,High
LOG-06690,2022-05-11,EQ-022,,2019-02-25,FARM-06,OP-010,Robert Anderson,8.0,FLD-011,South Field,362.68,8.1,35.6,None,0.0,None,0.18,Low
LOG-00521,2023-12-26,EQ-023,Harvester,2022-07-08,FARM-05,OP-031,Alice Anderson,12.0,FLD-011,South Field,362.68,3.4,,Inspection,1131.93,None,,
LOG-01764,"June 10, 2024",EQ-058,Harvester,2017-12-21,FARM-09,OP-001,William Anderson,9.0,FLD-002,Hill Field,,7.1,46.3,None,0.0,None,0.71,High
LOG-01876,2023-06-17,EQ-009,Sprayer,2015-01-27,FARM-03,OP-030,Alice Jones,12.0,FLD-020,West Field,220.65,2.7,18.6,None,0.0,None,0.5,Medium
LOG-03966,2024-05-27,EQ-022,Harvester,2019-02-25,FARM-06,OP-050,Michael Smith,4.0,FLD-008,West Field,188.47,6.5,37.7,None,0.0,None,0.71,High
LOG-03345,2022-03-17,EQ-068,Sprayer,2015-10-18,FARM-09,OP-022,Robert Hernandez,14.0,FLD-009,South Field,474.95,9.3,30.0,None,0.0,None,0.83,High
LOG-02254,2024-03-15,EQ-012,Tractor,,FARM-07,OP-005,Daniel Garcia,3.0,FLD-001,Sunny Field,222.94,11.1,49.9,Routine,180.93,None,0.83,High
LOG-03225,2022-02-19,EQ-003,Tractor,2022-08-03,FARM-09,OP-021,Chloe Jones,2.0,FLD-003,Golden Field,66.67,7.2,33.8,None,0.0,None,0.15,Low
LOG-00527,"July 25, 2024",EQ-051,Tractor,2021-09-19,FARM-06,OP-044,James Miller,11.0,FLD-006,North Field,264.76,11.7,75.9,None,0.0,None,0.69,Medium
LOG-02947,2023-05-10,EQ-050,Harvester,2021-01-18,FARM-09,OP-013,Laura Martinez,17.0,FLD-018,River Field,208.98,11.7,85.2,None,0.0,None,0.45,Medium
LOG-04474,2023-04-15,EQ-090,Sprayer,2017-06-10,FARM-01,OP-017,Emily Lopez,18.0,FLD-007,Golden Field,346.56,10.0,79.7,None,0.0,None,0.73,High
LOG-03900,2024-07-08,EQ-089,Planter,2016-09-26,FARM-04,OP-035,Sarah Wilson,6.0,FLD-010,Hill Field,315.35,,49.7,Routine,164.9,None,0.23,Low
LOG-00693,2024-02-24,EQ-064,Tractor,2018-10-16,FARM-01,OP-049,Michael Williams,19.0,FLD-014,River Field,281.66,3.6,18.7,None,0.0,None,,Low
LOG-06611,2022-10-22,EQ-075,Planter,2023-03-06,FARM-01,OP-043,Sarah Brown,1.0,FLD-006,North Field,264.76,10.5,44.9,None,0.0,None,0.44,Medium
LOG-04445,2022-10-06,EQ-026,Planter,2018-01-10,FARM-09,OP-036,Jessica Anderson,14.0,FLD-009,South Field,474.95,4.5,23.0,Repair,643.57,Hydraulics,0.32,Medium
LOG-03634,2024-04-04,EQ-039,Tractor,2016-09-18,FARM-03,OP-030,Alice Jones,12.0,FLD-008,West Field,188.47,4.6,14.8,None,0.0,None,0.6,Medium
LOG-01051,2023-12-07,EQ-014,Sprayer,2015-06-27,FARM-08,OP-041,Chloe Brown,7.0,,,158.9,10.0,43.5,None,0.0,None,0.74,High
LOG-00591,2022/07/04,EQ-077,Sprayer,2023-12-24,FARM-02,OP-037,John Williams,11.0,FLD-017,East Field,311.6,3.4,15.1,None,0.0,None,0.14,
LOG-00520,2023-08-12,EQ-090,Sprayr,2017-06-10,FARM-01,OP-017,Emily Lopez,18.0,FLD-008,West Field,188.47,2.0,12.7,None,0.0,None,0.08,Low
LOG-03381,"April 02, 2022",EQ-061,Planter,2022-07-14,FARM-06,OP-026,Grace Rodriguez,1.0,FLD-011,South Field,362.68,3.8,13.8,None,0.0,None,0.21,Low
LOG-03677,2022-03-06,EQ-044,Sprayer,2023-08-15,FARM-06,OP-019,James Lopez,11.0,FLD-019,North Field,158.9,,44.4,Routine,867.2,None,0.91,High
LOG-05824,2022-08-20,EQ-083,Tractor,2016-01-18,FARM-04,OP-026,Grace Rodriguez,1.0,FLD-006,North Field,264.76,5.0,16.7,None,0.0,None,0.69,Medium
LOG-01608,2024-06-03,EQ-067,Harvester,2015-10-04,FARM-01,OP-003,Sarah Jones,13.0,FLD-013,Valley Field,169.83,8.4,26.3,None,0.0,None,0.03,Low
LOG-03611,2022-09-28,EQ-064,Tractor,2018-10-16,FARM-01,OP-039,Michael Williams,4.0,FLD-016,Valley Field,341.89,1.3,4.7,Routine,239.51,None,0.13,Low
LOG-06676,2023-07-19,EQ-003,Tractor,2022-08-03,FARM-09,OP-020,James Hernandez,9.0,,Valley Field,169.83,3.8,11.5,Routine,59.94,None,0.67,Medium
LOG-01810,"July 25, 2023",EQ-067,Harvester,2015-10-04,FARM-01,OP-044,James Miller,,,River Field,281.66,3.9,20.0,None,0.0,None,0.76,High
LOG-00792,2022-01-29,EQ-009,Sprayer,2015-01-27,FARM-03,OP-007,Emily Johnson,18.0,FLD-019,North Field,158.9,6.8,44.7,None,0.0,None,0.18,Low
LOG-00793,2022-07-22,EQ-097,Planter,2016-05-06,,OP-035,Sarah Wilson,6.0,FLD-001,Sunny Field,222.94,-11.2,85.1,None,0.0,None,0.48,Medium
LOG-06645,2022-08-07,EQ-092,Tractor,2015-07-25,FARM-10,OP-018,David Jones,10.0,FLD-020,West Field,220.65,9.8,72.5,None,0.0,None,0.86,High
LOG-01856,2022/05/18,EQ-096,Tractor,2022-07-28,FARM-04,OP-037,John Williams,11.0,FLD-017,East Field,311.6,12.0,45.2,None,0.0,None,0.33,Medium
LOG-01981,2022-05-12,EQ-098,Harvester,2021-06-29,FARM-10,OP-013,Laura Martinez,17.0,FLD-017,East Field,311.6,5.4,22.7,None,0.0,None,0.15,Low
LOG-03234,2022-01-08,EQ-090,Sprayer,2017-06-10,FARM-01,OP-017,Emily Lopez,18.0,FLD-015,West Field,216.02,10.6,80.1,None,0.0,None,0.98,High
LOG-03599,2024-03-14,EQ-015,Tractor,2019-03-31,FARM-02,OP-031,Alice Anderson,12.0,FLD-019,North Field,158.9,4.4,15.7,Routine,332.31,None,0.19,Low
LOG-00934,"October 29, 2023",EQ-022,Harvester,2019-02-25,FARM-06,OP-004,David Hernandez,10.0,,West Field,220.65,3.0,19.7,None,0.0,None,0.11,Low
LOG-03964,2023-11-23,EQ-088,Planter,2018-03-14,FARM-07,OP-024,William Gonzalez,5.0,FLD-018,River Field,208.98,9.2,44.0,None,0.0,None,0.12,Low
LOG-05196,"December 30, 2022",EQ-005,Tractor,2015-05-03,FARM-02,OP-045,Michael Wilson,3.0,FLD-013,Valley Field,169.83,9.1,50.6,,0.0,None,0.61,Medium
LOG-06495,2022-02-28,EQ-070,Harvester,2021-01-17,FARM-03,OP-021,Chloe Jones,2.0,FLD-010,Hill Field,315.35,2.9,19.6,Repair,800.95,Tire,0.71,High
LOG-04180,2023-07-13,EQ-077,Sprayer,2023-12-24,FARM-02,OP-042,Daniel Garcia,10.0,,Sunny Field,222.94,8.5,57.3,None,0.0,None,0.32,Medium
LOG-04027,2024/10/15,EQ-060,Harvester,2022-12-30,FARM-05,OP-009,David Anderson,12.0,FLD-008,West Field,188.47,8.4,33.0,None,0.0,None,,Low
LOG-06193,2022/12/26,EQ-073,Tractr,2022-05-23,,OP-015,Laura Anderson,4.0,FLD-019,North Field,158.9,7.9,50.8,None,0.0,None,0.7,High
LOG-04117,2023-09-15,EQ-098,Harvester,2021-06-29,FARM-10,OP-035,Sarah Wilson,6.0,FLD-005,North Field,357.3,1.5,5.6,None,0.0,None,0.43,Medium
LOG-00989,"October 12, 2023",EQ-053,Sprayer,,,OP-024,William Gonzalez,5.0,FLD-016,Valley Field,341.89,4.0,12.5,None,0.0,None,0.27,Low
LOG-05392,"December 10, 2023",EQ-093,Planter,2020-08-21,FARM-09,OP-001,William Anderson,9.0,FLD-020,West Field,220.65,10.7,45.9,None,0.0,None,0.98,High
LOG-03454,2024-10-05,EQ-030,Tractor,2017-05-14,FARM-10,OP-009,David Anderson,12.0,FLD-012,River Field,,2.4,8.8,None,0.0,None,0.06,Low
LOG-06388,2023-07-06,EQ-096,Tractor,2022-07-28,FARM-04,OP-045,Michael Wilson,3.0,FLD-018,River Field,208.98,9.8,47.3,Routine,613.19,None,0.85,High
LOG-03779,2024-05-01,EQ-053,Sprayer,2018-06-13,FARM-04,OP-040,Charles Wilson,2.0,,North Field,158.9,2.1,13.8,Inspection,528.35,None,0.17,Low
LOG-05999,2024-12-18,EQ-097,Planter,2016-05-06,FARM-10,OP-014,John Hernandez,18.0,FLD-004,Sunny Field,103.14,8.9,55.8,Inspection,880.02,None,0.02,Low
LOG-03094,2023-11-19,EQ-091,Tractor,2023-05-22,FARM-06,OP-016,David Jones,4.0,FLD-003,Golden Field,66.67,3.4,11.1,None,0.0,,0.43,Medium
LOG-03156,2022-11-01,EQ-032,Planter,2022-03-18,FARM-08,OP-037,John Williams,11.0,FLD-018,River Field,,10.6,69.1,Routine,257.64,None,0.44,Medium
LOG-05070,2022-03-14,EQ-089,,2016-09-26,FARM-04,OP-013,Laura Martinez,17.0,FLD-019,North Field,158.9,10.1,57.0,None,0.0,None,0.04,Low
LOG-03202,2024-08-14,EQ-031,Sprayer,2017-05-20,FARM-08,OP-001,William Anderson,9.0,FLD-018,River Field,,10.0,77.1,Routine,1378.34,None,0.92,High
LOG-06352,2023-12-31,EQ-075,Planter,2023-03-06,FARM-01,OP-038,,8.0,FLD-009,,474.95,4.0,30.2,None,0.0,None,0.73,High
LOG-01099,14-05-2024,EQ-017,Sprayer,2021-06-22,FARM-04,OP-047,Charles Hernandez,18.0,FLD-020,West Field,220.65,1.8,7.7,None,0.0,None,0.9,High
LOG-06019,"November 03, 2022",EQ-056,Tractor,2023-07-13,FARM-09,OP-048,William Smith,4.0,FLD-008,West Field,188.47,7.8,40.4,None,0.0,None,0.64,Medium
LOG-02845,2023-06-06,EQ-039,,2016-09-18,FARM-03,OP-008,James Rodriguez,9.0,FLD-008,West Field,188.47,6.8,22.1,None,0.0,None,0.8,High
LOG-00887,2023-08-19,EQ-064,Tractor,2018-10-16,FARM-01,OP-048,William Smith,4.0,FLD-019,,158.9,1.4,7.0,None,0.0,None,0.72,High
LOG-05427,2024-11-07,EQ-053,Sprayer,2018-06-13,FARM-04,OP-001,William Anderson,9.0,FLD-006,North Field,264.76,5.1,29.9,None,0.0,None,0.71,High
LOG-05422,2022-04-04,EQ-052,Planter,2015-03-21,FARM-02,OP-037,John Williams,11.0,FLD-004,,103.14,9.2,30.3,None,0.0,None,0.66,Medium
LOG-00516,2024-04-13,EQ-001,Tractor,2015-04-13,FARM-05,OP-017,Emily Lopez,18.0,FLD-006,North Field,264.76,6.6,38.2,None,0.0,None,0.34,Medium
LOG-06455,2023-09-18,EQ-028,Tractor,2017-07-27,FARM-01,OP-009,David Anderson,12.0,FLD-008,West Field,188.47,9.7,45.2,None,0.0,None,0.35,Medium
LOG-04834,2024-06-13,EQ-013,,2019-01-10,FARM-06,OP-028,Alice Wilson,12.0,FLD-017,East Field,311.6,8.2,28.4,Repair,1121.76,Engine,0.07,Low
LOG-01454,2024-08-14,EQ-024,Tractr,,FARM-03,OP-031,Alice Anderson,12.0,FLD-005,North Field,357.3,7.5,36.5,None,0.0,None,0.59,Medium
LOG-03554,2022-04-19,EQ-091,,2023-05-22,FARM-06,OP-039,Michael Williams,4.0,FLD-015,,216.02,2.4,8.0,None,0.0,None,0.56,Medium
LOG-03610,2024-07-31,EQ-065,Harvester,2021-08-07,FARM-04,OP-046,Michael Garcia,17.0,FLD-004,Sunny Field,103.14,1.1,5.3,None,0.0,None,0.56,Medium
LOG-04666,2024-12-19,EQ-048,Tractor,2022-01-05,FARM-05,OP-042,Daniel Garcia,10.0,FLD-003,Golden Field,66.67,3.4,14.9,None,0.0,None,0.18,Low
LOG-02507,2024-04-23,EQ-081,Harvester,2015-11-05,FARM-08,OP-031,Alice Anderson,12.0,FLD-005,North Field,357.3,5.7,45.3,None,0.0,None,0.76,High
LOG-02995,2022-07-25,EQ-022,Harvester,2019-02-25,FARM-06,OP-043,Sarah Brown,1.0,FLD-007,Golden Field,346.56,4.6,21.6,Routine,1274.03,None,0.32,Medium
LOG-04000,2024-08-17,EQ-094,Harvester,2015-08-21,FARM-09,OP-005,Daniel Garcia,3.0,FLD-017,East Field,311.6,11.6,74.0,None,0.0,None,0.59,Medium
LOG-06630,2023-12-16,EQ-008,Planter,2017-06-21,FARM-08,OP-024,William Gonzalez,5.0,,Sunny Field,222.94,7.8,55.9,None,0.0,None,0.64,Medium
LOG-00907,2023-12-06,EQ-093,Planter,2020-08-21,FARM-09,OP-048,William Smith,4.0,FLD-011,South Field,362.68,1.1,4.8,None,0.0,None,0.91,High
LOG-00029,2024-09-02,EQ-072,Planter,2017-02-18,FARM-02,OP-049,Michael Williams,19.0,FLD-008,West Field,188.47,8.1,44.2,None,0.0,None,0.1,Low
LOG-06004,"September 25, 2022",EQ-054,Tractor,2017-09-13,FARM-10,OP-024,William Gonzalez,5.0,FLD-018,River Field,,9.3,38.1,None,0.0,None,0.26,Low
LOG-02508,2024-09-19,EQ-074,Sprayer,2019-10-01,FARM-07,OP-040,Charles Wilson,2.0,FLD-013,,169.83,1.2,3.6,None,0.0,None,0.46,Medium
LOG-02429,2023/09/16,EQ-036,Planter,2021-07-18,FARM-07,OP-037,John Williams,11.0,FLD-014,River Field,281.66,5.2,17.3,None,0.0,None,0.23,Low
LOG-05044,2023-05-13,EQ-050,Harvester,2021-01-18,FARM-09,OP-005,Daniel Garcia,3.0,FLD-014,River Field,281.66,10.3,47.4,None,0.0,None,0.26,Low
LOG-00763,2023-11-10,EQ-095,Tractor,2017-01-31,FARM-02,OP-035,Sarah Wilson,6.0,FLD-017,East Field,,8.1,36.3,None,0.0,None,0.96,High
LOG-03748,2023-09-10,EQ-098,Harvester,2021-06-29,FARM-10,OP-017,Emily Lopez,18.0,FLD-009,South Field,474.95,8.5,37.3,None,0.0,None,0.8,
LOG-04812,2023-10-10,EQ-047,Sprayer,2020-08-12,FARM-03,OP-007,Emily Johnson,18.0,FLD-010,Hill Field,315.35,3.5,16.7,Inspection,692.93,None,0.3,Medium
LOG-00285,2024-11-12,EQ-099,,2021-12-11,FARM-02,OP-050,Michael Smith,4.0,FLD-016,Valley Field,341.89,2.2,7.9,None,0.0,None,0.82,High
LOG-00687,10-11-2023,EQ-059,Planter,2017-05-17,FARM-09,OP-033,Emily Garcia,,FLD-016,Valley Field,341.89,5.6,43.7,None,0.0,None,0.29,Low
LOG-06465,"March 24, 2024",EQ-087,Tractr,2019-05-19,FARM-05,OP-025,Michael Williams,,FLD-011,South Field,362.68,7.2,26.9,None,0.0,None,0.63,Medium
LOG-02354,2024-01-20,EQ-031,Sprayer,2017-05-20,FARM-08,OP-005,Daniel Garcia,3.0,FLD-003,Golden Field,66.67,10.3,,None,0.0,None,0.38,Medium
LOG-05628,2024-11-06,EQ-087,Tractor,2019-05-19,FARM-05,OP-017,Emily Lopez,18.0,FLD-003,Golden Field,66.67,8.5,27.1,None,0.0,None,0.14,Low
LOG-06012,2023-05-31,,Sprayer,2015-10-18,FARM-09,OP-010,Robert Anderson,8.0,FLD-020,West Field,220.65,4.8,32.5,None,0.0,None,0.21,Low
LOG-00022,2022-09-05,EQ-039,,2016-09-18,FARM-03,OP-044,James Miller,11.0,FLD-020,West Field,220.65,9.8,57.1,Routine,822.48,None,0.66,Medium
LOG-02753,"June 23, 2024",EQ-086,Tractor,2016-11-05,FARM-07,OP-004,David Hernandez,10.0,FLD-017,East Field,,6.3,37.5,None,0.0,None,0.27,Low
LOG-00886,2023-11-15,EQ-073,Tractor,2022-05-23,FARM-07,OP-026,Grace Rodriguez,,FLD-002,Hill Field,223.83,1.1,6.8,None,0.0,None,0.97,High
LOG-00918,2023-06-25,EQ-067,Harvester,2015-10-04,FARM-01,OP-050,Michael Smith,4.0,FLD-013,,,7.4,45.7,None,0.0,None,0.69,Medium
LOG-01041,2023-08-04,EQ-060,Harvester,2022-12-30,FARM-05,OP-020,James Hernandez,9.0,FLD-015,West Field,216.02,5.1,,Routine,248.15,None,0.47,Medium
LOG-05549,2024-10-12,EQ-023,Harvester,2022-07-08,FARM-05,OP-028,Alice Wilson,12.0,,Valley Field,341.89,10.4,42.2,None,0.0,None,0.94,High
LOG-01266,2022-11-12,EQ-098,Harvester,2021-06-29,FARM-10,OP-020,James Hernandez,9.0,FLD-015,West Field,216.02,10.3,36.3,Repair,1379.21,Tire,0.97,High
LOG-04580,2024-04-26,EQ-037,Sprayer,2017-06-17,FARM-03,OP-025,Michael Williams,15.0,FLD-012,River Field,258.49,10.4,58.7,None,0.0,None,0.77,High
LOG-06057,2022-05-22,EQ-058,Harvester,2017-12-21,FARM-09,OP-021,Chloe Jones,2.0,FLD-020,West Field,220.65,4.2,25.0,None,0.0,None,0.84,High
LOG-00278,2024-07-26,EQ-015,Tractor,2019-03-31,FARM-02,OP-023,Michael Smith,1.0,FLD-012,River Field,258.49,7.8,55.1,None,0.0,None,0.3,Medium
LOG-05085,2022-03-25,EQ-084,Harvester,2019-07-23,FARM-08,OP-023,Michael Smith,1.0,FLD-017,East Field,311.6,11.1,45.8,None,0.0,None,0.22,Low
LOG-02085,2023-03-16,EQ-094,Harvester,2015-08-21,FARM-09,OP-012,Daniel Wilson,18.0,FLD-012,River Field,258.49,10.0,53.8,None,0.0,None,0.52,Medium
LOG-01246,2022-05-12,EQ-073,Tractor,2022-05-23,FARM-07,OP-023,Michael Smith,1.0,FLD-012,River Field,258.49,5.9,43.9,None,0.0,None,0.26,Low
LOG-02383,2022/09/22,EQ-029,Sprayer,2019-07-02,FARM-05,OP-023,Michael Smith,1.0,FLD-008,West Field,188.47,3.5,18.0,None,0.0,None,0.96,High
LOG-00572,31-03-2022,EQ-067,Harvester,2015-10-04,FARM-01,OP-043,Sarah Brown,1.0,,Golden Field,66.67,10.2,37.2,None,0.0,None,0.21,Low
LOG-01436,"March 10, 2022",EQ-002,Harvester,,FARM-03,OP-039,Michael Williams,4.0,,South Field,474.95,8.1,50.3,None,0.0,None,0.99,High
LOG-03903,2024-03-08,EQ-057,Harvester,2016-06-09,FARM-08,OP-048,William Smith,4.0,FLD-016,Valley Field,341.89,2.5,19.3,None,0.0,None,0.77,High
LOG-05090,2022-02-07,EQ-076,Tractor,2015-09-06,FARM-07,OP-046,Michael Garcia,17.0,FLD-018,River Field,208.98,4.0,31.5,None,0.0,None,0.55,
LOG-01248,2023-03-17,EQ-046,,2020-02-02,FARM-01,OP-016,David Jones,4.0,FLD-003,Golden Field,66.67,8.2,39.9,None,0.0,None,0.13,Low
LOG-04682,2023-07-14,EQ-022,Harvester,2019-02-25,FARM-06,OP-034,Grace Martinez,5.0,FLD-011,South Field,362.68,6.0,27.7,None,0.0,None,0.44,
LOG-03527,2024-07-19,EQ-006,Harvester,2017-08-10,FARM-09,OP-032,James Hernandez,8.0,FLD-002,Hill Field,223.83,2.4,13.6,None,0.0,None,0.77,High
LOG-02515,2023-07-09,EQ-003,Tractr,2022-08-03,FARM-09,OP-035,Sarah Wilson,6.0,FLD-006,North Field,264.76,6.9,29.4,None,0.0,None,0.76,High
LOG-01008,2024-08-05,EQ-073,Tractor,2022-05-23,FARM-07,OP-032,James Hernandez,8.0,FLD-015,West Field,216.02,7.3,48.8,None,0.0,None,0.87,High
LOG-04771,2023-06-24,EQ-017,Sprayer,2021-06-22,FARM-04,OP-037,John Williams,11.0,FLD-010,Hill Field,315.35,7.4,33.2,None,0.0,None,0.74,High
LOG-04544,2024-08-21,EQ-055,Tractor,2015-12-17,FARM-08,OP-039,Michael Williams,4.0,FLD-010,Hill Field,315.35,5.6,43.4,None,0.0,None,0.4,Medium
LOG-06137,2024-07-02,EQ-095,Tractor,2017-01-31,FARM-02,,Grace Gonzalez,8.0,FLD-007,Golden Field,346.56,1.8,7.9,None,0.0,None,0.5,Medium
LOG-06062,2023-09-26,EQ-039,Tractor,2016-09-18,FARM-03,OP-043,Sarah Brown,1.0,FLD-010,Hill Field,315.35,10.9,60.4,Repair,1009.46,Belt,0.75,High
LOG-02065,2023-08-04,EQ-081,Harvester,2015-11-05,FARM-08,OP-005,Daniel Garcia,3.0,FLD-003,Golden Field,66.67,4.8,29.4,None,,None,0.95,High
LOG-05523,2022-01-26,EQ-029,Sprayer,2019-07-02,FARM-05,OP-024,William Gonzalez,5.0,FLD-001,Sunny Field,222.94,,24.1,None,0.0,None,0.77,High
LOG-01691,2024-06-22,EQ-003,Tractor,2022-08-03,,OP-038,Grace Gonzalez,8.0,FLD-012,River Field,258.49,7.4,28.9,None,0.0,,0.96,High
LOG-06041,2024-02-14,EQ-095,Tractor,2017-01-31,FARM-02,OP-032,James Hernandez,8.0,FLD-007,Golden Field,346.56,11.3,81.6,None,,None,0.53,Medium
LOG-01986,2024-01-26,EQ-024,Tractor,2021-10-31,FARM-03,OP-026,Grace Rodriguez,1.0,FLD-008,,188.47,4.7,30.2,None,,None,0.95,High
LOG-00295,2024-12-30,EQ-090,Sprayer,2017-06-10,FARM-01,OP-023,Michael Smith,1.0,FLD-003,Golden Field,66.67,5.4,,None,0.0,None,0.49,Medium
LOG-01548,2024-01-10,EQ-099,Tractor,2021-12-11,FARM-02,OP-005,Daniel Garcia,3.0,FLD-011,South Field,362.68,11.0,57.5,None,0.0,None,0.19,Low
LOG-02013,2024-12-16,EQ-039,Tractor,2016-09-18,FARM-03,OP-036,Jessica Anderson,14.0,FLD-001,Sunny Field,222.94,11.8,81.4,None,0.0,None,0.24,Low
LOG-00589,2022-04-21,EQ-002,Harvester,2017-07-03,FARM-03,,Chloe Brown,7.0,FLD-013,Valley Field,169.83,4.4,14.1,None,0.0,None,0.16,Low
LOG-03330,2023-01-06,EQ-089,Planter,2016-09-26,FARM-04,OP-006,John Davis,20.0,FLD-012,River Field,258.49,9.2,34.3,None,0.0,None,,High
LOG-02404,2022-06-01,EQ-067,Harvester,2015-10-04,FARM-01,OP-031,Alice Anderson,12.0,FLD-007,Golden Field,346.56,2.8,15.3,None,0.0,None,0.09,Low
LOG-02130,,EQ-094,Harvester,2015-08-21,FARM-09,OP-010,Robert Anderson,,,Sunny Field,103.14,2.7,19.8,None,0.0,None,0.95,High
LOG-03999,2022-07-16,EQ-082,Tractor,2015-07-27,FARM-09,OP-030,Alice Jones,12.0,FLD-016,,341.89,10.1,47.6,None,0.0,None,0.88,High
LOG-06124,2024-11-27,,Harvester,2019-07-23,FARM-08,OP-031,Alice Anderson,12.0,FLD-020,West Field,220.65,11.3,73.2,None,0.0,None,0.67,Medium
LOG-03742,2022-05-10,EQ-016,Sprayer,2022-01-18,FARM-10,OP-031,Alice Anderson,12.0,FLD-013,Valley Field,169.83,8.0,49.1,None,0.0,None,0.82,High
LOG-03509,2023-06-23,EQ-099,Tractor,2021-12-11,FARM-02,OP-019,James Lopez,11.0,FLD-020,West Field,220.65,3.6,12.1,None,,None,0.27,Low
LOG-02720,2023-03-01,EQ-055,Tractor,2015-12-17,FARM-08,OP-038,Grace Gonzalez,8.0,FLD-001,Sunny Field,222.94,,52.0,Inspection,1352.81,None,0.74,High
LOG-04522,2023-10-06,EQ-068,Sprayer,2015-10-18,FARM-09,OP-011,Sophia Jones,6.0,FLD-004,Sunny Field,103.14,7.2,22.5,None,0.0,None,0.82,High
LOG-05151,2022-08-25,EQ-054,Tractor,2017-09-13,FARM-10,OP-017,Emily Lopez,18.0,FLD-001,Sunny Field,222.94,1.5,6.8,Routine,1335.65,None,0.67,Medium
LOG-06371,2024-04-23,EQ-037,Sprayer,2017-06-17,FARM-03,OP-009,David Anderson,12.0,FLD-001,Sunny Field,222.94,3.8,15.2,None,0.0,None,,High
LOG-06378,2022/06/21,EQ-063,Tractor,2017-10-12,FARM-04,OP-008,James Rodriguez,9.0,FLD-005,North Field,357.3,11.0,42.2,None,0.0,None,0.8,High
LOG-00557,2022-05-27,EQ-035,Sprayer,2023-05-18,FARM-10,OP-050,,4.0,FLD-013,Valley Field,169.83,7.0,27.4,None,0.0,None,0.26,Low
LOG-04796,2022-08-01,EQ-023,Harvester,2022-07-08,FARM-05,OP-023,Michael Smith,1.0,FLD-003,Golden Field,66.67,2.0,15.0,None,,None,0.2,Low
LOG-02470,2022-02-26,EQ-019,Sprayer,2015-11-23,FARM-04,OP-039,Michael Williams,4.0,FLD-005,North Field,357.3,8.2,48.1,None,0.0,None,0.16,Low
LOG-03739,"May 17, 2023",EQ-016,Sprayer,2022-01-18,FARM-10,OP-032,James Hernandez,8.0,FLD-015,West Field,216.02,7.9,40.0,None,0.0,None,0.37,Medium
LOG-04287,2024-06-13,,Tractor,2015-04-13,FARM-05,OP-001,William Anderson,9.0,FLD-012,River Field,258.49,7.0,22.5,None,0.0,None,0.32,Medium
LOG-05761,2024-07-23,EQ-014,Sprayer,2015-06-27,FARM-08,OP-042,Daniel Garcia,10.0,FLD-004,Sunny Field,103.14,1.7,8.0,None,0.0,None,0.47,Medium
LOG-01717,2022-11-02,EQ-018,Tractr,2015-07-07,FARM-04,OP-021,Chloe Jones,2.0,FLD-013,Valley Field,169.83,5.4,16.6,None,0.0,None,0.66,Medium
LOG-02605,2024-08-02,EQ-073,Tractor,2022-05-23,FARM-07,,William Anderson,9.0,FLD-001,Sunny Field,222.94,3.4,18.0,Inspection,1179.1,None,0.65,Medium
LOG-05772,21-11-2024,EQ-034,Harvester,2023-05-10,FARM-09,OP-036,Jessica Anderson,14.0,FLD-001,Sunny Field,222.94,8.8,65.1,Routine,,None,0.37,Medium
LOG-01705,2024-06-05,EQ-092,Tractor,2015-07-25,FARM-10,OP-006,John Davis,20.0,FLD-001,Sunny Field,222.94,9.7,40.4,Routine,165.15,None,0.32,Medium
LOG-02140,2022-10-18,EQ-030,Tractor,2017-05-14,FARM-10,OP-030,Alice Jones,12.0,FLD-004,Sunny Field,103.14,4.0,20.5,None,0.0,None,0.33,Medium
LOG-03240,13-12-2024,EQ-031,Sprayer,2017-05-20,FARM-08,OP-028,Alice Wilson,12.0,FLD-018,River Field,208.98,11.0,69.7,Routine,1106.63,None,0.4,Medium
LOG-02384,"April 11, 2022",EQ-061,Planter,2022-07-14,FARM-06,OP-026,Grace Rodriguez,1.0,FLD-003,Golden Field,66.67,7.1,37.6,None,0.0,None,0.39,Medium
LOG-04312,2022-12-11,EQ-064,Tractor,2018-10-16,FARM-01,OP-045,Michael Wilson,3.0,FLD-013,Valley Field,169.83,6.8,32.1,None,0.0,None,0.66,Medium
LOG-01286,2023-06-28,EQ-058,,2017-12-21,FARM-09,OP-034,Grace Martinez,5.0,FLD-006,North Field,,11.0,52.2,None,0.0,None,0.59,Medium
LOG-05959,2024/06/14,EQ-081,Harvester,2015-11-05,FARM-08,OP-039,Michael Williams,4.0,FLD-013,Valley Field,169.83,10.8,62.0,None,0.0,None,0.05,Low
LOG-06250,2023-09-05,EQ-075,Planter,2023-03-06,FARM-01,OP-014,John Hernandez,18.0,FLD-020,West Field,220.65,11.0,37.7,None,0.0,None,0.7,High
LOG-03931,2023-08-28,EQ-039,Tractor,2016-09-18,FARM-03,OP-024,William Gonzalez,5.0,FLD-016,Valley Field,341.89,8.8,40.5,Routine,,None,0.78,High
LOG-05289,2023-03-04,EQ-075,Planter,2023-03-06,FARM-01,OP-002,James Hernandez,11.0,,North Field,357.3,11.4,61.6,None,0.0,None,0.82,High
LOG-01592,2024-05-12,,Planter,2016-01-08,FARM-01,OP-025,Michael Williams,15.0,FLD-017,East Field,311.6,10.8,57.7,Repair,1410.31,Filter,0.08,Low
LOG-06196,2022-12-23,EQ-040,Planter,2021-09-08,FARM-02,OP-002,James Hernandez,11.0,FLD-016,Valley Field,341.89,9.8,54.6,None,0.0,None,0.61,Medium
LOG-02163,2023-07-07,EQ-071,Planter,2017-09-22,FARM-08,OP-005,Daniel Garcia,3.0,FLD-019,North Field,158.9,7.3,33.4,None,0.0,None,0.7,High
LOG-02397,2023-10-05,EQ-047,Sprayer,2020-08-12,FARM-03,OP-025,Michael Williams,15.0,FLD-003,Golden Field,66.67,9.0,62.6,Routine,511.71,None,0.57,Medium
LOG-00318,2024-11-12,EQ-010,Planter,2018-10-25,FARM-05,OP-032,James Hernandez,,FLD-015,West Field,216.02,5.0,27.5,None,0.0,None,0.37,Medium
LOG-06278,2022-04-01,EQ-034,Harvester,2023-05-10,FARM-09,OP-021,Chloe Jones,2.0,FLD-001,Sunny Field,222.94,7.6,23.7,Inspection,1028.58,None,0.76,High
LOG-03112,2024-09-29,EQ-082,Tractor,2015-07-27,FARM-09,OP-045,Michael Wilson,3.0,FLD-012,River Field,258.49,7.1,22.8,None,0.0,None,0.52,Medium
LOG-05234,2024-05-19,EQ-047,,2020-08-12,FARM-03,OP-021,Chloe Jones,2.0,FLD-002,Hill Field,223.83,11.4,81.8,None,,None,0.6,Medium
LOG-05696,2024-08-31,EQ-084,Harvester,2019-07-23,FARM-08,OP-011,Sophia Jones,6.0,FLD-018,River Field,208.98,4.0,13.1,None,0.0,None,0.1,Low
LOG-06794,,EQ-016,Sprayer,2022-01-18,FARM-10,OP-004,David Hernandez,10.0,FLD-004,Sunny Field,103.14,5.2,19.0,None,0.0,None,0.37,
LOG-04037,2024-12-20,EQ-078,Harvester,2017-02-23,,OP-028,Alice Wilson,12.0,FLD-017,East Field,,5.0,20.1,None,0.0,None,0.14,Low
LOG-00796,2024-01-10,EQ-067,Harvester,2015-10-04,FARM-01,OP-009,David Anderson,12.0,FLD-016,Valley Field,341.89,8.8,50.9,Routine,525.77,None,0.12,Low
LOG-03021,2022-05-29,EQ-076,Tractor,2015-09-06,FARM-07,OP-035,Sarah Wilson,6.0,FLD-002,Hill Field,223.83,10.9,44.1,None,0.0,None,0.42,Medium
LOG-01712,2022/01/25,EQ-087,Tractor,2019-05-19,FARM-05,OP-049,Michael Williams,19.0,FLD-015,West Field,216.02,11.7,74.6,None,0.0,None,0.77,High
LOG-03388,"July 16, 2022",EQ-065,Harvester,2021-08-07,FARM-04,OP-028,Alice Wilson,12.0,FLD-001,Sunny Field,222.94,5.2,32.8,None,0.0,None,0.88,High
LOG-00037,2022-11-02,EQ-088,Planter,2018-03-14,FARM-07,OP-004,David Hernandez,10.0,FLD-005,North Field,357.3,9.9,76.7,Routine,409.88,None,0.56,Medium
LOG-04550,2023-07-09,EQ-049,Harvester,2016-09-18,FARM-06,OP-011,Sophia Jones,6.0,FLD-010,Hill Field,315.35,5.6,21.9,Routine,616.49,None,0.43,Medium
LOG-00914,2024/12/28,EQ-096,Tractor,2022-07-28,FARM-04,OP-038,Grace Gonzalez,8.0,FLD-019,North Field,158.9,10.3,42.9,None,0.0,None,0.66,Medium
LOG-05296,2024-01-02,EQ-027,Harvstr,2022-09-05,FARM-06,OP-047,Charles Hernandez,18.0,,Valley Field,341.89,10.7,68.3,None,0.0,None,0.29,Low
LOG-03973,2022-07-28,EQ-069,Harvester,2018-02-14,FARM-08,OP-025,Michael Williams,15.0,FLD-004,Sunny Field,,,33.4,,0.0,None,0.87,High
LOG-04134,2024-07-12,EQ-032,Planter,2022-03-18,FARM-08,OP-018,David Jones,10.0,FLD-019,North Field,158.9,2.8,14.4,None,0.0,None,0.04,Low
LOG-00975,19-08-2023,EQ-072,Planter,2017-02-18,FARM-02,OP-008,James Rodriguez,9.0,FLD-005,North Field,357.3,5.8,35.7,None,0.0,None,0.36,Medium
LOG-00984,2024-10-18,EQ-097,Plntr,2016-05-06,FARM-10,OP-033,Emily Garcia,18.0,FLD-012,River Field,258.49,6.7,26.1,None,0.0,None,0.52,Medium
LOG-06178,2023/05/02,EQ-053,Sprayer,2018-06-13,FARM-04,OP-050,Michael Smith,4.0,FLD-006,North Field,264.76,11.4,80.8,None,0.0,None,0.28,Low
LOG-01419,2023-10-23,EQ-087,Tractor,2019-05-19,,OP-018,David Jones,10.0,FLD-017,East Field,311.6,7.8,37.9,,0.0,None,0.15,Low
LOG-01561,2023-07-10,EQ-039,Tractor,2016-09-18,FARM-03,OP-011,Sophia Jones,,FLD-014,River Field,281.66,3.6,27.4,None,0.0,None,0.04,Low
LOG-04136,2023-12-30,EQ-064,Tractor,2018-10-16,FARM-01,OP-024,William Gonzalez,5.0,FLD-018,River Field,208.98,10.0,65.8,None,0.0,None,0.73,High
LOG-05578,2024-07-23,EQ-099,Tractor,2021-12-11,FARM-02,OP-023,Michael Smith,1.0,FLD-002,,223.83,11.7,42.1,None,0.0,None,0.58,Medium
LOG-04266,28-02-2024,EQ-043,Tractr,2022-08-18,FARM-02,,Chloe Jones,2.0,FLD-019,North Field,158.9,8.6,65.1,None,0.0,None,0.77,High
LOG-01356,2022-04-12,EQ-081,Harvester,2015-11-05,FARM-08,OP-012,Daniel Wilson,18.0,FLD-005,North Field,357.3,3.6,22.6,Inspection,784.74,None,0.44,Medium
LOG-06548,2022-03-04,EQ-073,Tractor,2022-05-23,FARM-07,OP-027,Emily Johnson,5.0,FLD-003,Golden Field,66.67,6.9,47.8,None,0.0,None,0.68,Medium
LOG-06633,2023-01-26,EQ-073,Tractor,2022-05-23,FARM-07,OP-038,Grace Gonzalez,8.0,FLD-002,Hill Field,223.83,4.6,17.3,None,0.0,None,0.76,High
LOG-00988,2022-03-26,EQ-067,Harvester,2015-10-04,FARM-01,OP-023,,1.0,FLD-008,West Field,188.47,6.1,37.2,None,0.0,None,0.47,Medium
LOG-02683,2023-08-24,EQ-022,Harvester,2019-02-25,FARM-06,OP-042,,10.0,FLD-009,South Field,474.95,3.1,21.2,None,0.0,None,0.4,Medium
LOG-05048,2022-01-26,EQ-004,Tractor,2021-08-15,,OP-004,David Hernandez,10.0,FLD-011,South Field,362.68,4.5,21.4,Repair,383.67,Engine,0.55,Medium
LOG-01641,2022-03-21,EQ-020,Tractor,2019-04-06,FARM-05,OP-029,David Miller,5.0,FLD-001,Sunny Field,222.94,11.3,84.1,None,0.0,None,0.13,Low
LOG-01291,2023-05-30,EQ-085,,2017-05-25,FARM-07,OP-001,William Anderson,9.0,FLD-002,Hill Field,223.83,2.5,18.5,None,0.0,None,0.5,Medium
LOG-03682,2023/10/06,,,2022-05-23,FARM-07,OP-037,John Williams,11.0,FLD-014,River Field,281.66,11.9,60.3,None,0.0,None,0.51,
LOG-01381,2022-03-23,EQ-097,Planter,2016-05-06,FARM-10,OP-011,Sophia Jones,6.0,FLD-001,Sunny Field,222.94,11.6,66.1,None,0.0,,0.02,Low
LOG-01934,2022-01-29,EQ-036,Planter,2021-07-18,FARM-07,OP-012,Daniel Wilson,18.0,FLD-014,,281.66,6.2,42.2,Routine,708.92,None,0.31,Medium
LOG-04676,2024-05-01,EQ-072,Planter,2017-02-18,FARM-02,OP-040,Charles Wilson,2.0,FLD-018,River Field,208.98,9.7,75.8,None,0.0,None,0.23,Low
LOG-05887,2022-11-12,EQ-072,Planter,2017-02-18,FARM-02,OP-005,Daniel Garcia,3.0,FLD-017,East Field,311.6,7.1,52.6,None,0.0,None,0.77,High
LOG-03161,2022-10-23,EQ-029,Sprayer,2019-07-02,FARM-05,,William Gonzalez,5.0,FLD-003,Golden Field,66.67,6.4,51.0,,0.0,None,0.35,Medium
LOG-02031,2023/05/31,EQ-044,Sprayer,2023-08-15,FARM-06,OP-049,Michael Williams,19.0,FLD-004,Sunny Field,103.14,10.3,70.9,None,0.0,None,0.16,Low
LOG-00893,2022-09-22,EQ-096,Tractor,2022-07-28,FARM-04,OP-006,John Davis,20.0,FLD-016,,341.89,2.9,11.0,None,0.0,None,0.79,High
LOG-04877,2023-11-04,,Tractor,2015-07-07,FARM-04,OP-026,Grace Rodriguez,1.0,FLD-020,West Field,220.65,6.3,,Repair,1381.15,Tire,0.56,Medium
LOG-04070,"April 09, 2024",EQ-097,Planter,2016-05-06,FARM-10,OP-016,David Jones,4.0,,North Field,158.9,8.7,68.7,None,0.0,None,0.41,Medium
LOG-04256,2024-06-24,EQ-056,Tractor,2023-07-13,FARM-09,OP-027,,5.0,FLD-008,West Field,188.47,7.5,46.9,None,0.0,None,0.68,Medium
LOG-00003,2023-04-06,EQ-097,Planter,2016-05-06,FARM-10,OP-016,David Jones,4.0,FLD-010,Hill Field,315.35,9.9,37.0,Routine,1476.71,None,0.61,Medium
LOG-02110,2023-01-17,EQ-073,Tractor,2022-05-23,FARM-07,OP-042,Daniel Garcia,10.0,FLD-019,North Field,158.9,11.5,87.8,None,0.0,None,0.18,Low
LOG-00850,2024-05-06,EQ-037,Sprayer,2017-06-17,FARM-03,OP-047,Charles Hernandez,18.0,FLD-007,Golden Field,346.56,3.0,20.9,Routine,1465.39,None,0.24,Low
LOG-02738,2023-04-09,EQ-045,Tractor,2018-04-17,FARM-07,OP-004,David Hernandez,10.0,FLD-004,Sunny Field,103.14,11.9,52.6,None,0.0,None,0.68,Medium
LOG-02467,2023-01-08,EQ-058,Harvester,2017-12-21,FARM-09,OP-032,James Hernandez,8.0,FLD-009,South Field,474.95,5.4,33.3,None,0.0,None,0.94,
LOG-01915,2023-06-26,EQ-047,Sprayer,2020-08-12,FARM-03,OP-008,James Rodriguez,9.0,FLD-004,Sunny Field,103.14,9.4,43.2,Repair,885.8,None,0.79,High
LOG-01597,2023-11-02,EQ-019,Sprayer,2015-11-23,FARM-04,OP-044,James Miller,11.0,FLD-009,South Field,474.95,1.1,3.9,None,0.0,None,0.11,Low
LOG-01914,2022-07-10,EQ-037,Sprayer,2017-06-17,FARM-03,OP-021,Chloe Jones,2.0,FLD-006,,264.76,10.6,81.2,None,0.0,None,0.84,High
LOG-05140,2024-07-08,EQ-037,Sprayer,2017-06-17,FARM-03,OP-033,Emily Garcia,18.0,FLD-011,South Field,362.68,7.9,52.0,None,0.0,None,0.61,Medium
LOG-06587,2024-12-06,,Tractor,2015-07-07,FARM-04,OP-008,James Rodriguez,9.0,FLD-019,North Field,158.9,1.3,10.0,None,0.0,None,0.91,High
LOG-02737,2022-05-18,EQ-022,Harvester,2019-02-25,FARM-06,OP-016,David Jones,4.0,FLD-012,River Field,258.49,1.4,9.9,None,0.0,None,0.8,High
LOG-00727,2022-01-10,EQ-039,Tractor,2016-09-18,FARM-03,OP-023,Michael Smith,1.0,FLD-014,River Field,281.66,7.1,28.1,None,0.0,None,0.97,High
LOG-00054,2024-07-24,EQ-062,Planter,2020-10-20,FARM-08,OP-031,Alice Anderson,12.0,FLD-008,West Field,188.47,7.1,34.9,None,0.0,None,0.51,Medium
LOG-01797,2024-12-10,EQ-066,Tractor,2015-10-18,,OP-001,William Anderson,9.0,,Sunny Field,103.14,8.3,49.2,Routine,1326.56,None,0.14,Low
LOG-03846,2023-06-11,EQ-091,Tractor,2023-05-22,FARM-06,OP-042,Daniel Garcia,10.0,FLD-013,Valley Field,169.83,2.3,7.2,None,0.0,None,0.86,
LOG-02554,2024-07-26,EQ-080,Harvester,2018-02-14,FARM-08,OP-049,Michael Williams,19.0,FLD-020,West Field,220.65,7.4,38.4,None,0.0,None,0.87,High
LOG-02801,25-10-2024,EQ-056,Tractor,2023-07-13,FARM-09,OP-022,Robert Hernandez,14.0,FLD-007,Golden Field,346.56,9.4,60.0,,0.0,None,0.06,Low
LOG-00937,2023-04-24,EQ-062,Planter,2020-10-20,FARM-08,OP-002,James Hernandez,11.0,FLD-014,,281.66,11.1,34.3,None,0.0,None,0.58,Medium
LOG-05770,2023/01/30,EQ-082,Tractor,2015-07-27,,OP-013,Laura Martinez,17.0,FLD-002,Hill Field,223.83,10.3,48.9,Inspection,738.32,None,0.95,High
LOG-00825,2022-11-25,EQ-053,Sprayer,2018-06-13,FARM-04,OP-018,David Jones,10.0,FLD-010,Hill Field,315.35,3.8,22.8,None,0.0,None,0.12,Low
LOG-04322,2023-09-21,EQ-080,Harvester,2018-02-14,FARM-08,OP-043,Sarah Brown,1.0,,South Field,362.68,3.4,14.2,,0.0,None,0.58,Medium
LOG-03402,2024-02-13,EQ-034,Harvester,2023-05-10,FARM-09,OP-026,Grace Rodriguez,1.0,FLD-017,East Field,311.6,9.2,6070.0,None,0.0,None,0.54,Medium
LOG-01390,2023/06/23,EQ-023,Harvester,2022-07-08,FARM-05,OP-003,Sarah Jones,13.0,FLD-014,River Field,281.66,7.7,47.4,None,0.0,None,0.35,Medium
LOG-03565,2022/05/31,EQ-008,Planter,2017-06-21,FARM-08,OP-037,John Williams,11.0,FLD-010,Hill Field,315.35,2.4,18.1,None,0.0,None,0.01,Low
LOG-00885,"September 20, 2024",EQ-020,Tractor,,FARM-05,OP-048,William Smith,4.0,FLD-015,West Field,216.02,6.2,45.3,None,0.0,None,0.21,Low
LOG-04868,"February 26, 2022",EQ-085,Planter,2017-05-25,FARM-07,OP-007,Emily Johnson,18.0,FLD-011,South Field,362.68,10.2,36.6,Repair,356.54,Tire,0.18,Low
LOG-01869,22-03-2024,EQ-031,Sprayer,2017-05-20,FARM-08,OP-032,James Hernandez,8.0,FLD-016,Valley Field,341.89,7.5,37.7,None,0.0,None,0.29,Low
LOG-05182,2023-10-07,,Tractor,2023-07-13,FARM-09,OP-049,Michael Williams,19.0,FLD-009,South Field,474.95,,3.5,None,0.0,None,0.82,High
LOG-00011,2024-04-14,EQ-028,Tractor,2017-07-27,FARM-01,OP-005,,3.0,FLD-014,River Field,281.66,4.6,24.5,Routine,1257.69,None,0.39,
LOG-03416,2023-06-17,EQ-098,,2021-06-29,FARM-10,OP-001,William Anderson,9.0,FLD-002,Hill Field,223.83,6.1,44.4,None,0.0,None,,Low
LOG-01464,2024-03-18,EQ-045,Tractor,2018-04-17,FARM-07,OP-007,Emily Johnson,18.0,FLD-016,Valley Field,341.89,8.7,65.8,None,0.0,,0.82,High
LOG-00807,2024-05-31,EQ-070,Harvester,2021-01-17,FARM-03,OP-002,James Hernandez,11.0,FLD-002,Hill Field,223.83,10.7,38.5,None,0.0,None,0.85,High
LOG-05705,2024-11-22,EQ-039,Tractor,2016-09-18,FARM-03,OP-044,James Miller,11.0,FLD-020,West Field,220.65,5.6,17.6,None,0.0,None,0.4,Medium
LOG-05499,2023-04-02,EQ-061,Planter,2022-07-14,FARM-06,OP-035,Sarah Wilson,6.0,FLD-003,Golden Field,66.67,2.3,14.4,None,0.0,None,0.37,Medium
LOG-04069,2024-05-22,EQ-075,Planter,2023-03-06,FARM-01,OP-008,James Rodriguez,9.0,FLD-003,Golden Field,66.67,1.9,7.4,None,0.0,None,0.05,Low
LOG-02109,2024-07-25,EQ-061,Planter,2022-07-14,FARM-06,OP-012,Daniel Wilson,18.0,FLD-003,Golden Field,66.67,8.6,34.3,None,0.0,None,0.72,High
LOG-05906,2022-09-21,EQ-031,Sprayer,2017-05-20,FARM-08,OP-025,Michael Williams,15.0,FLD-002,Hill Field,223.83,6.3,,Repair,1455.94,Tire,0.47,Medium
LOG-05690,2023-07-26,EQ-076,Tractor,2015-09-06,FARM-07,OP-029,David Miller,5.0,FLD-013,Valley Field,169.83,11.5,48.0,None,0.0,None,0.49,Medium
LOG-02235,,EQ-045,Tractor,2018-04-17,FARM-07,OP-012,Daniel Wilson,18.0,FLD-009,South Field,474.95,3.8,24.1,None,0.0,None,0.27,Low
LOG-00964,26-02-2024,EQ-080,Harvester,2018-02-14,FARM-08,OP-001,William Anderson,9.0,FLD-015,West Field,216.02,,31.4,None,0.0,None,0.11,Low
LOG-04495,2022-04-05,EQ-035,,2023-05-18,FARM-10,OP-049,Michael Williams,19.0,FLD-011,South Field,362.68,8.5,54.8,None,0.0,None,0.15,Low
LOG-02633,2023-05-26,EQ-066,Tractor,2015-10-18,FARM-01,OP-018,David Jones,10.0,,West Field,188.47,5.8,43.2,None,0.0,None,0.25,Low
LOG-00705,2022-05-08,EQ-100,Planter,2022-05-16,FARM-10,OP-005,Daniel Garcia,3.0,FLD-009,South Field,474.95,5.2,24.2,Routine,1435.63,None,0.27,Low
LOG-00432,2024-07-23,EQ-066,Tractor,2015-10-18,FARM-01,OP-036,Jessica Anderson,14.0,FLD-007,Golden Field,346.56,11.5,55.4,Routine,373.23,None,,Medium
LOG-04389,2023-03-03,EQ-013,Tractor,2019-01-10,FARM-06,OP-038,Grace Gonzalez,8.0,FLD-014,River Field,281.66,8.3,39.6,None,0.0,None,0.7,High
LOG-00146,2022-03-16,EQ-070,Harvester,2021-01-17,FARM-03,OP-031,Alice Anderson,12.0,FLD-009,South Field,474.95,9.3,36.8,None,,None,0.78,High
LOG-02034,2022/08/28,,Harvester,2021-01-18,FARM-09,OP-005,Daniel Garcia,3.0,FLD-002,Hill Field,223.83,10.2,69.5,None,0.0,None,0.08,Low
LOG-05872,2023-06-20,EQ-022,Harvstr,,,OP-048,William Smith,4.0,FLD-008,West Field,188.47,4.6,30.3,None,0.0,None,0.8,High
LOG-01166,"October 04, 2024",EQ-088,Planter,2018-03-14,FARM-07,OP-025,Michael Williams,15.0,FLD-004,Sunny Field,103.14,2.9,10.3,Repair,1435.98,Engine,0.08,Low
LOG-03501,2022-12-05,EQ-013,Tractor,2019-01-10,FARM-06,OP-020,James Hernandez,9.0,FLD-020,West Field,220.65,4.7,29.9,None,0.0,None,0.28,Low
LOG-02051,2023-01-09,EQ-063,Tractor,2017-10-12,FARM-04,OP-038,,8.0,FLD-018,River Field,208.98,2.1,8.3,None,0.0,None,0.96,High
LOG-03761,2022-03-04,EQ-021,Planter,2022-02-16,FARM-06,OP-014,John Hernandez,18.0,FLD-007,Golden Field,346.56,9.8,56.0,None,0.0,None,0.95,High
LOG-02625,"October 03, 2024",EQ-009,Sprayer,2015-01-27,FARM-03,,Sophia Jones,6.0,FLD-007,Golden Field,346.56,8.5,57.1,None,0.0,None,0.36,Medium
LOG-04485,2023-01-04,EQ-097,Planter,2016-05-06,FARM-10,OP-018,David Jones,10.0,FLD-012,River Field,258.49,3.7,29.5,None,0.0,None,0.57,Medium
LOG-04436,2023-05-17,EQ-066,Tractor,2015-10-18,FARM-01,OP-028,Alice Wilson,12.0,FLD-010,Hill Field,315.35,2.5,8.5,None,0.0,None,0.36,Medium
LOG-05573,2024-05-31,EQ-012,Tractor,2016-01-15,FARM-07,OP-046,Michael Garcia,17.0,FLD-010,Hill Field,315.35,6.7,41.8,None,0.0,None,0.37,Medium
LOG-05419,"September 03, 2023",EQ-052,Planter,2015-03-21,FARM-02,OP-009,David Anderson,12.0,FLD-016,Valley Field,341.89,10.5,65.7,Inspection,1242.27,None,0.9,High
LOG-04362,2024-06-11,EQ-039,Tractor,2016-09-18,,OP-045,Michael Wilson,3.0,FLD-010,Hill Field,315.35,7.8,43.0,None,0.0,None,0.39,Medium
LOG-02425,05-12-2024,EQ-028,Tractor,2017-07-27,,OP-037,John Williams,11.0,FLD-018,River Field,208.98,7.4,56.7,Routine,,None,0.96,High
LOG-01263,24-12-2023,EQ-038,Planter,2016-01-08,FARM-01,OP-046,Michael Garcia,17.0,FLD-003,Golden Field,66.67,7.1,52.3,None,0.0,None,0.73,High
LOG-01772,2022-12-04,EQ-074,Sprayer,2019-10-01,FARM-07,OP-001,William Anderson,9.0,FLD-009,South Field,474.95,9.1,58.4,None,0.0,None,0.49,Medium
LOG-03512,2024-02-06,EQ-051,Tractor,2021-09-19,FARM-06,OP-035,Sarah Wilson,6.0,FLD-011,South Field,362.68,6.1,37.2,None,0.0,None,0.24,Low
LOG-00272,2023-10-16,,Tractor,2019-01-10,FARM-06,OP-029,,5.0,FLD-015,West Field,216.02,1.7,5.5,None,0.0,None,0.03,
LOG-04793,2023-04-21,EQ-037,Sprayer,2017-06-17,FARM-03,OP-016,David Jones,4.0,FLD-013,Valley Field,169.83,10.0,61.8,Routine,926.35,None,0.11,Low
LOG-00204,2022-07-15,EQ-042,,2020-12-07,FARM-05,OP-006,John Davis,20.0,FLD-013,Valley Field,169.83,3.0,11.1,None,0.0,None,0.25,
LOG-00245,2023-07-10,EQ-089,Planter,2016-09-26,FARM-04,OP-037,John Williams,11.0,FLD-016,Valley Field,341.89,1.5,5.1,None,0.0,None,,High
LOG-06787,2023-04-22,EQ-015,Tractor,2019-03-31,FARM-02,OP-042,Daniel Garcia,10.0,FLD-014,River Field,281.66,2.5,13.8,Inspection,70.22,None,0.89,High
LOG-04573,2022-11-04,EQ-081,Harvester,2015-11-05,FARM-08,OP-004,David Hernandez,10.0,FLD-015,West Field,216.02,2.8,20.8,None,0.0,None,0.71,High
LOG-02033,2022-01-03,EQ-022,Harvester,2019-02-25,FARM-06,OP-031,Alice Anderson,12.0,FLD-008,West Field,188.47,,8.0,None,0.0,None,0.39,Medium
LOG-06447,2023-11-03,EQ-016,Sprayer,2022-01-18,FARM-10,OP-027,Emily Johnson,5.0,FLD-010,Hill Field,315.35,10.5,83.3,,0.0,None,0.64,Medium
LOG-05528,2022-10-22,EQ-087,Tractor,2019-05-19,FARM-05,OP-009,David Anderson,12.0,FLD-014,River Field,281.66,9.3,71.5,None,0.0,None,0.96,High
LOG-00814,2022-08-23,EQ-089,Planter,2016-09-26,FARM-04,OP-005,Daniel Garcia,3.0,FLD-010,Hill Field,315.35,4.7,14.6,None,0.0,None,0.46,Medium
LOG-03811,2024-10-04,EQ-085,Planter,2017-05-25,FARM-07,OP-002,James Hernandez,11.0,FLD-001,Sunny Field,222.94,,27.0,None,0.0,None,0.16,
LOG-01916,30-09-2023,EQ-030,Tractor,2017-05-14,FARM-10,OP-004,David Hernandez,10.0,FLD-009,,474.95,10.3,59.2,None,0.0,None,0.85,High
LOG-05680,2023-03-03,EQ-008,Planter,2017-06-21,FARM-08,OP-011,Sophia Jones,6.0,FLD-006,North Field,264.76,10.7,64.2,None,0.0,None,0.3,Medium
LOG-01805,2024-01-27,EQ-099,Tractor,2021-12-11,FARM-02,OP-042,Daniel Garcia,10.0,FLD-002,Hill Field,223.83,4.1,18.1,None,0.0,None,0.98,High
LOG-05944,2022-08-26,EQ-056,Tractor,,FARM-09,OP-029,David Miller,5.0,FLD-012,,258.49,3.9,16.9,None,,None,0.93,High
LOG-04347,2022-12-14,,Harvester,2017-12-20,FARM-03,OP-025,Michael Williams,15.0,FLD-020,West Field,220.65,2.6,,None,0.0,None,0.49,Medium
LOG-02462,2024-02-11,EQ-015,Tractor,2019-03-31,,OP-025,Michael Williams,15.0,FLD-006,North Field,264.76,8.5,54.6,None,0.0,None,,High
LOG-00546,2024-06-09,EQ-059,Planter,2017-05-17,FARM-09,OP-041,Chloe Brown,7.0,FLD-019,North Field,158.9,6.8,42.1,None,0.0,None,0.35,Medium
LOG-03242,2022-01-23,EQ-066,Tractor,2015-10-18,FARM-01,OP-045,Michael Wilson,3.0,FLD-017,East Field,311.6,7.3,47.0,None,0.0,None,0.4,Medium
LOG-00739,2022-11-02,EQ-056,Tractor,2023-07-13,FARM-09,OP-038,Grace Gonzalez,8.0,,West Field,188.47,11.1,83.2,None,0.0,None,0.05,
LOG-00311,2024-10-23,EQ-051,Tractor,2021-09-19,FARM-06,OP-033,Emily Garcia,18.0,FLD-010,Hill Field,315.35,9.4,48.1,None,0.0,None,0.64,Medium
LOG-03522,2024-06-16,EQ-085,Planter,2017-05-25,FARM-07,OP-003,Sarah Jones,13.0,FLD-004,Sunny Field,103.14,9.2,70.8,None,0.0,None,0.78,High
LOG-01132,2022-07-31,EQ-055,Tractor,2015-12-17,FARM-08,,Laura Martinez,17.0,FLD-016,Valley Field,,8.7,48.0,Inspection,1489.2,None,0.59,Medium
LOG-03792,2024-08-09,EQ-046,Harvstr,2020-02-02,FARM-01,OP-034,Grace Martinez,5.0,,North Field,158.9,11.0,35.1,None,0.0,None,0.87,High
LOG-04112,2024/11/20,EQ-025,Harvester,2016-10-31,FARM-08,OP-047,Charles Hernandez,18.0,FLD-004,Sunny Field,103.14,4.0,30.4,Routine,938.3,None,0.82,High
LOG-02770,2022-12-30,EQ-098,Harvester,2021-06-29,FARM-10,OP-013,Laura Martinez,17.0,FLD-018,River Field,208.98,2.5,11.2,None,0.0,None,0.1,Low
LOG-00921,"August 14, 2022",EQ-016,Sprayer,2022-01-18,FARM-10,OP-039,Michael Williams,4.0,FLD-014,River Field,281.66,2.3,13.5,Routine,272.29,None,0.37,Medium
LOG-03588,2024-03-13,EQ-025,Harvester,2016-10-31,FARM-08,OP-022,Robert Hernandez,14.0,FLD-015,West Field,216.02,4.6,17.0,None,0.0,None,0.14,
LOG-03960,2024-05-11,EQ-009,Sprayer,2015-01-27,FARM-03,OP-018,David Jones,10.0,,Hill Field,223.83,3.2,12.5,None,0.0,None,0.84,High
LOG-00039,2022-05-04,EQ-076,Tractor,2015-09-06,FARM-07,OP-028,Alice Wilson,12.0,,Hill Field,315.35,7.7,51.6,None,0.0,None,0.21,Low
LOG-04460,2023-06-02,EQ-079,Planter,2016-07-28,FARM-07,OP-015,Laura Anderson,4.0,FLD-005,North Field,357.3,6.2,32.3,Repair,1430.69,Engine,0.67,Medium
LOG-04279,17-08-2023,EQ-055,Tractor,2015-12-17,FARM-08,OP-007,Emily Johnson,18.0,,Sunny Field,103.14,3.4,25.6,None,0.0,None,0.2,Low
LOG-02984,2024-11-10,EQ-075,Planter,2023-03-06,FARM-01,OP-020,James Hernandez,9.0,FLD-012,River Field,258.49,,81.0,None,0.0,None,0.17,Low
LOG-05291,2022-08-30,EQ-082,Tractor,2015-07-27,FARM-09,OP-023,Michael Smith,1.0,FLD-020,West Field,220.65,2.3,14.9,None,0.0,None,0.3,Medium
LOG-00421,2023-07-11,EQ-052,Planter,2015-03-21,FARM-02,OP-026,Grace Rodriguez,1.0,FLD-015,West Field,216.02,10.2,65.8,None,0.0,None,0.42,Medium
LOG-05218,2023-05-20,EQ-035,Sprayer,2023-05-18,FARM-10,OP-046,Michael Garcia,,FLD-020,West Field,220.65,6.9,27.5,None,0.0,None,0.97,High
LOG-02668,2022-06-18,EQ-085,Planter,2017-05-25,FARM-07,,William Smith,4.0,FLD-009,South Field,474.95,9.8,38.5,None,0.0,None,0.13,Low
LOG-03224,2024-03-12,EQ-085,Planter,2017-05-25,FARM-07,OP-010,Robert Anderson,8.0,FLD-001,Sunny Field,222.94,8.3,28.5,None,0.0,None,0.38,Medium
LOG-01183,24-10-2024,EQ-059,Planter,2017-05-17,FARM-09,OP-036,Jessica Anderson,14.0,FLD-009,South Field,474.95,4.4,18.2,None,0.0,None,0.28,Low
LOG-06347,2022-04-20,EQ-050,Harvester,2021-01-18,FARM-09,OP-029,David Miller,5.0,FLD-001,Sunny Field,222.94,5.6,18.0,Repair,203.37,Belt,0.27,Low
LOG-00615,2023-04-18,EQ-035,Sprayer,2023-05-18,FARM-10,OP-039,Michael Williams,4.0,FLD-019,North Field,158.9,7.6,31.6,Routine,165.24,None,0.77,High
LOG-02626,,EQ-043,Tractor,2022-08-18,FARM-02,OP-001,William Anderson,9.0,FLD-007,Golden Field,346.56,1.0,3.1,None,0.0,None,0.38,Medium
LOG-01467,2022-12-31,EQ-004,Tractor,2021-08-15,FARM-07,OP-015,Laura Anderson,4.0,FLD-020,West Field,220.65,,45.5,None,0.0,None,0.82,High
LOG-04498,2024-11-12,EQ-072,Planter,2017-02-18,FARM-02,OP-044,James Miller,11.0,FLD-014,River Field,281.66,9.1,66.7,None,0.0,None,0.83,High
LOG-03043,2024-04-17,EQ-020,Tractor,2019-04-06,FARM-05,OP-002,James Hernandez,11.0,FLD-013,Valley Field,169.83,6.3,22.1,Routine,513.65,None,0.59,Medium
LOG-00935,2023-06-13,EQ-019,Sprayer,2015-11-23,,OP-027,Emily Johnson,5.0,FLD-011,South Field,362.68,5.1,36.4,Repair,343.71,Blade,0.6,Medium
LOG-02420,21-06-2023,EQ-032,Planter,2022-03-18,FARM-08,OP-020,James Hernandez,9.0,FLD-011,South Field,362.68,10.6,81.7,None,0.0,None,0.23,Low
LOG-05086,2024-09-24,EQ-028,Tractor,2017-07-27,FARM-01,OP-026,Grace Rodriguez,1.0,FLD-010,Hill Field,315.35,2.5,9.6,None,0.0,None,0.77,High
LOG-04878,2022-07-22,EQ-072,Planter,2017-02-18,FARM-02,OP-004,David Hernandez,10.0,FLD-007,Golden Field,346.56,5.7,28.5,None,0.0,None,0.46,Medium
LOG-05668,,EQ-002,Harvester,2017-07-03,FARM-03,OP-044,James Miller,11.0,FLD-016,Valley Field,,9.6,47.7,None,0.0,None,0.34,Medium
LOG-04823,2022-08-14,EQ-060,Harvester,2022-12-30,FARM-05,OP-006,John Davis,20.0,FLD-013,Valley Field,169.83,,55.9,None,0.0,None,0.17,Low
LOG-00827,13-07-2023,,Tractor,2015-05-03,FARM-02,OP-013,Laura Martinez,17.0,FLD-006,North Field,264.76,2.5,10.7,None,0.0,None,0.66,Medium
LOG-01522,,EQ-065,Harvester,2021-08-07,FARM-04,OP-005,Daniel Garcia,3.0,FLD-009,South Field,474.95,10.3,58.6,Routine,1206.98,None,0.45,Medium
LOG-02931,2022-03-23,,Tractor,2023-07-13,FARM-09,OP-011,Sophia Jones,6.0,FLD-001,Sunny Field,,3.7,,None,0.0,None,0.66,Medium
LOG-04233,2023-08-06,EQ-043,,2022-08-18,FARM-02,OP-024,William Gonzalez,5.0,FLD-020,West Field,220.65,7.0,31.9,None,0.0,None,0.42,
LOG-00629,2023-01-02,EQ-020,Tractor,2019-04-06,FARM-05,OP-011,Sophia Jones,6.0,,North Field,357.3,9.5,30.9,None,0.0,None,0.73,High
LOG-04431,2022-03-01,EQ-085,Planter,2017-05-25,FARM-07,OP-019,James Lopez,11.0,FLD-008,,188.47,6.1,22.4,None,0.0,None,0.66,Medium
LOG-03854,2022-04-30,EQ-008,,2017-06-21,FARM-08,OP-031,Alice Anderson,12.0,FLD-010,Hill Field,315.35,4.1,16.9,None,0.0,None,0.58,Medium
LOG-00391,2024-03-24,EQ-039,Tractor,2016-09-18,FARM-03,OP-044,James Miller,11.0,FLD-017,,311.6,7.4,22.5,None,0.0,None,0.96,High
LOG-04346,"January 07, 2022",EQ-037,Sprayer,,FARM-03,OP-027,Emily Johnson,5.0,FLD-006,North Field,264.76,11.0,85.9,None,0.0,None,0.34,Medium
LOG-03409,2024-09-02,EQ-004,Tractor,2021-08-15,FARM-07,OP-049,Michael Williams,19.0,FLD-008,,188.47,5.3,,None,0.0,None,0.03,Low
LOG-03991,2024-05-15,EQ-071,Planter,2017-09-22,FARM-08,OP-015,Laura Anderson,4.0,FLD-006,North Field,264.76,4.1,27.3,None,0.0,None,0.71,High
LOG-00401,2023-02-15,,Tractor,2021-04-17,FARM-04,OP-010,Robert Anderson,8.0,FLD-005,North Field,357.3,4.8,38.1,None,0.0,None,0.98,High
LOG-04807,2022-10-04,EQ-010,Planter,2018-10-25,FARM-05,OP-038,Grace Gonzalez,8.0,FLD-005,North Field,357.3,9.4,69.3,Routine,276.32,None,0.96,High
LOG-05136,"August 19, 2023",EQ-087,Tractor,2019-05-19,FARM-05,OP-011,Sophia Jones,6.0,FLD-004,Sunny Field,103.14,1.5,11.7,None,0.0,None,0.2,Low
LOG-05651,2024-09-09,EQ-072,Planter,2017-02-18,FARM-02,OP-028,Alice Wilson,12.0,,Golden Field,66.67,11.2,78.6,Repair,705.55,Tire,0.03,Low
LOG-03360,2023-04-16,EQ-089,Planter,2016-09-26,,OP-040,Charles Wilson,2.0,FLD-017,East Field,311.6,9.9,32.7,None,0.0,None,0.25,Low
LOG-00047,2024/06/11,EQ-036,Planter,2021-07-18,FARM-07,OP-012,Daniel Wilson,18.0,FLD-019,North Field,158.9,8.0,43.7,Routine,554.54,None,0.34,Medium
LOG-06711,2024-08-19,EQ-018,Tractor,2015-07-07,FARM-04,OP-030,Alice Jones,12.0,FLD-018,River Field,208.98,5.8,40.0,None,0.0,None,0.02,
LOG-02319,2024-07-26,EQ-023,Harvester,2022-07-08,FARM-05,OP-001,William Anderson,9.0,FLD-005,North Field,,5.1,28.6,Routine,719.82,None,0.46,Medium
LOG-03643,2022-07-27,EQ-030,Tractor,2017-05-14,FARM-10,OP-028,Alice Wilson,12.0,FLD-010,Hill Field,315.35,10.3,38.8,None,0.0,None,0.92,High
LOG-03727,2022-07-27,EQ-047,Sprayer,,FARM-03,OP-024,William Gonzalez,5.0,FLD-018,River Field,208.98,6.3,26.1,None,0.0,None,0.61,Medium
LOG-06403,2023-01-15,EQ-073,Tractor,2022-05-23,FARM-07,OP-039,Michael Williams,4.0,FLD-012,River Field,258.49,11.2,39.0,None,0.0,None,0.73,High
LOG-05209,2022-11-01,EQ-010,Planter,2018-10-25,FARM-05,OP-009,David Anderson,12.0,FLD-019,North Field,158.9,1.9,8.7,Repair,1337.81,Filter,0.24,Low
LOG-05320,2023-11-03,EQ-009,Sprayer,2015-01-27,FARM-03,,Michael Garcia,17.0,FLD-004,Sunny Field,103.14,7.7,58.2,None,0.0,None,0.81,High
LOG-06791,2023-07-24,EQ-016,Sprayer,2022-01-18,FARM-10,,Emily Johnson,5.0,FLD-010,Hill Field,315.35,8.9,45.0,None,0.0,None,0.8,High
LOG-02422,"June 14, 2023",EQ-097,Planter,2016-05-06,FARM-10,OP-039,Michael Williams,4.0,FLD-008,West Field,188.47,4.0,21.0,None,0.0,None,0.87,High
LOG-01751,2023/09/04,EQ-027,Harvester,2022-09-05,FARM-06,OP-013,Laura Martinez,17.0,FLD-019,North Field,158.9,10.2,65.0,None,0.0,None,0.81,High
LOG-06764,2024-07-30,EQ-046,Harvester,2020-02-02,FARM-01,OP-008,James Rodriguez,9.0,FLD-010,Hill Field,315.35,4.9,38.0,None,0.0,None,0.73,High
LOG-06696,2024-07-18,EQ-100,Planter,2022-05-16,FARM-10,,Michael Williams,19.0,FLD-011,South Field,362.68,4.2,23.2,None,0.0,None,0.24,Low
LOG-04063,2024-10-27,EQ-041,Planter,2019-04-13,FARM-10,OP-040,Charles Wilson,2.0,FLD-007,Golden Field,346.56,1.4,5.3,None,0.0,None,0.16,Low
LOG-00339,2022-07-08,EQ-083,Tractor,2016-01-18,FARM-04,OP-029,David Miller,5.0,FLD-005,North Field,357.3,11.0,78.6,None,0.0,None,,Low
LOG-00216,"September 30, 2022",EQ-049,Harvester,2016-09-18,FARM-06,OP-025,Michael Williams,15.0,FLD-003,Golden Field,66.67,8.2,38.9,Inspection,829.02,None,0.53,Medium
LOG-03664,26-09-2024,EQ-002,Harvester,2017-07-03,FARM-03,OP-031,Alice Anderson,12.0,FLD-005,North Field,357.3,2.7,8.1,None,0.0,None,0.55,
LOG-01342,2022-06-10,EQ-080,Harvester,2018-02-14,FARM-08,OP-032,James Hernandez,8.0,FLD-009,South Field,474.95,3.2,11.8,None,0.0,None,0.24,Low
LOG-06396,2023-06-08,EQ-027,,2022-09-05,,OP-029,David Miller,5.0,FLD-006,North Field,264.76,5.8,30.5,None,,None,0.84,High
LOG-03895,2023-10-16,EQ-051,Tractor,2021-09-19,FARM-06,OP-027,Emily Johnson,5.0,FLD-003,Golden Field,66.67,8.7,39.1,None,0.0,None,,Medium
LOG-03641,2023-05-24,EQ-043,Tractor,,FARM-02,OP-030,Alice Jones,12.0,FLD-007,Golden Field,346.56,10.1,72.0,Routine,370.91,None,0.03,Low
LOG-00330,"April 30, 2023",EQ-008,Planter,2017-06-21,FARM-08,OP-028,Alice Wilson,12.0,FLD-005,North Field,357.3,4.2,30.5,None,0.0,None,0.4,Medium
LOG-05502,2022-07-21,EQ-070,Harvester,2021-01-17,FARM-03,OP-005,Daniel Garcia,3.0,FLD-011,South Field,362.68,7.7,31.7,None,0.0,None,0.16,Low
LOG-03005,"September 01, 2022",EQ-065,Harvester,2021-08-07,FARM-04,OP-043,Sarah Brown,1.0,FLD-007,,346.56,4.9,37.9,None,0.0,None,0.7,High
LOG-06680,2022-04-02,EQ-027,Harvester,2022-09-05,FARM-06,OP-010,Robert Anderson,8.0,FLD-013,,169.83,4.7,15.2,None,0.0,None,0.36,Medium
LOG-03116,2022-03-16,EQ-081,Harvester,2015-11-05,FARM-08,OP-009,David Anderson,12.0,FLD-018,River Field,208.98,2.9,18.0,None,0.0,None,0.92,High
LOG-06767,2022-05-24,EQ-073,Tractor,2022-05-23,FARM-07,OP-025,,15.0,FLD-013,Valley Field,169.83,8.4,40.7,Inspection,1326.48,None,0.16,Low
LOG-02323,2024-01-20,EQ-063,Tractor,2017-10-12,FARM-04,OP-047,Charles Hernandez,18.0,FLD-001,Sunny Field,222.94,7.2,37.2,None,0.0,None,0.5,Medium
LOG-04198,"January 09, 2023",EQ-016,Sprayr,2022-01-18,FARM-10,OP-011,Sophia Jones,6.0,FLD-020,West Field,220.65,3.6,23.7,None,0.0,None,0.86,
LOG-03550,2024-03-03,EQ-006,Harvester,2017-08-10,FARM-09,OP-015,,4.0,FLD-006,North Field,264.76,10.3,64.6,None,0.0,None,0.26,Low
LOG-01459,2024-05-22,EQ-065,Harvester,2021-08-07,FARM-04,OP-007,Emily Johnson,18.0,FLD-014,River Field,281.66,9.5,73.8,None,0.0,None,0.04,Low
LOG-00172,2024-11-20,EQ-052,Planter,2015-03-21,FARM-02,OP-009,David Anderson,12.0,FLD-012,,258.49,7.2,33.1,None,0.0,None,0.27,Low
LOG-04204,2024-11-25,EQ-002,Harvester,2017-07-03,FARM-03,OP-015,Laura Anderson,4.0,FLD-009,South Field,474.95,10.3,49.0,None,0.0,None,0.92,High
LOG-05859,2022-12-01,EQ-042,Planter,2020-12-07,FARM-05,OP-037,John Williams,11.0,FLD-009,South Field,474.95,3.0,16.9,Repair,326.88,Hydraulics,0.16,Low
LOG-03570,2022-04-02,EQ-098,Harvester,2021-06-29,FARM-10,OP-031,Alice Anderson,12.0,FLD-008,West Field,188.47,3.5,13.6,None,0.0,None,0.42,Medium
LOG-04227,2022-10-06,EQ-004,Tractor,2021-08-15,FARM-07,OP-033,Emily Garcia,18.0,FLD-019,North Field,158.9,8.2,36.4,None,0.0,None,0.05,Low
LOG-05159,2024-01-11,EQ-061,Planter,2022-07-14,FARM-06,OP-028,Alice Wilson,12.0,FLD-008,West Field,188.47,3.0,10.6,None,0.0,,0.04,Low
LOG-05708,"June 06, 2022",,Tractor,2021-04-17,FARM-04,OP-035,Sarah Wilson,6.0,FLD-002,Hill Field,223.83,8.7,63.7,,0.0,None,0.89,High
LOG-05919,2024-01-11,EQ-044,Sprayer,2023-08-15,FARM-06,OP-036,Jessica Anderson,14.0,,Valley Field,341.89,7.3,24.1,None,0.0,None,,Low
LOG-00939,"December 11, 2022",EQ-019,Sprayer,2015-11-23,FARM-04,OP-024,William Gonzalez,5.0,FLD-018,River Field,208.98,9.6,54.6,None,0.0,None,0.9,High
LOG-00061,2024-03-25,EQ-034,Harvester,2023-05-10,FARM-09,OP-022,Robert Hernandez,14.0,FLD-020,West Field,220.65,8.1,58.8,None,0.0,None,0.85,High
LOG-01241,2022-10-11,EQ-028,Tractor,2017-07-27,FARM-01,OP-002,James Hernandez,,FLD-011,South Field,362.68,3.4,22.6,None,0.0,,0.27,Low
LOG-05137,"June 19, 2022",EQ-068,Sprayer,2015-10-18,FARM-09,OP-044,James Miller,11.0,,West Field,216.02,11.2,75.8,None,0.0,None,0.2,Low
LOG-02941,2024-03-25,EQ-082,Tractor,2015-07-27,FARM-09,OP-011,,6.0,FLD-011,South Field,362.68,8.9,59.9,None,0.0,None,0.07,Low
LOG-02121,2024-09-28,EQ-006,Harvester,2017-08-10,FARM-09,OP-017,,18.0,FLD-018,River Field,208.98,7.7,59.3,None,0.0,None,0.52,Medium
LOG-01525,2022-09-29,EQ-025,Harvester,2016-10-31,FARM-08,OP-047,Charles Hernandez,18.0,FLD-003,Golden Field,66.67,6.7,22.1,,0.0,None,0.58,Medium
LOG-00154,"November 11, 2022",EQ-073,Tractor,2022-05-23,FARM-07,OP-003,Sarah Jones,13.0,FLD-020,West Field,220.65,8.5,65.8,None,,None,0.76,High
LOG-00482,2022-07-05,,Harvester,2022-12-30,FARM-05,OP-033,Emily Garcia,18.0,FLD-017,East Field,311.6,5.4,29.8,None,0.0,None,0.84,High
LOG-04461,,EQ-014,Sprayer,2015-06-27,FARM-08,OP-046,Michael Garcia,17.0,FLD-016,Valley Field,341.89,3.2,20.6,None,0.0,None,0.22,Low
LOG-03921,"October 18, 2024",EQ-016,,2022-01-18,FARM-10,OP-016,David Jones,4.0,FLD-017,East Field,311.6,2.0,13.6,Repair,374.58,Engine,0.43,Medium
LOG-01763,2023-07-02,EQ-093,Planter,2020-08-21,FARM-09,OP-031,Alice Anderson,12.0,FLD-007,Golden Field,346.56,1.3,5.7,None,0.0,None,0.24,Low
LOG-00751,2024-12-27,EQ-016,Sprayer,2022-01-18,FARM-10,OP-031,Alice Anderson,12.0,FLD-018,River Field,,10.9,57.3,None,0.0,None,0.67,Medium
LOG-01786,"June 03, 2023",EQ-050,Harvester,2021-01-18,FARM-09,OP-035,Sarah Wilson,6.0,FLD-002,Hill Field,223.83,7.4,48.0,None,0.0,None,0.89,High
LOG-05818,03-05-2023,EQ-068,Sprayer,2015-10-18,FARM-09,OP-001,William Anderson,9.0,FLD-006,North Field,264.76,7.1,35.0,None,0.0,None,0.98,High
LOG-04502,2023-12-31,EQ-015,Tractor,2019-03-31,FARM-02,OP-028,Alice Wilson,12.0,FLD-009,South Field,474.95,8.4,50.3,None,0.0,None,0.92,High
LOG-04854,10-12-2023,EQ-085,Planter,2017-05-25,FARM-07,OP-043,Sarah Brown,1.0,FLD-001,Sunny Field,222.94,8.0,54.0,None,0.0,None,0.44,Medium
LOG-02712,2022-06-21,EQ-026,Planter,2018-01-10,FARM-09,OP-037,John Williams,11.0,FLD-014,River Field,281.66,11.5,53.3,None,0.0,None,0.43,Medium
LOG-05653,2024/01/07,EQ-075,Planter,2023-03-06,FARM-01,OP-004,David Hernandez,10.0,FLD-014,River Field,,9.5,42.4,None,0.0,None,0.59,Medium
LOG-04194,2023-03-17,EQ-012,Tractor,2016-01-15,FARM-07,OP-017,Emily Lopez,18.0,,South Field,474.95,,56.5,None,0.0,None,0.27,Low
LOG-01334,2022-02-07,EQ-069,Harvester,2018-02-14,FARM-08,OP-039,Michael Williams,4.0,FLD-013,Valley Field,169.83,7.1,23.2,None,0.0,None,0.69,Medium
LOG-06226,2022-07-24,EQ-087,Tractor,2019-05-19,FARM-05,OP-036,Jessica Anderson,14.0,FLD-014,River Field,281.66,9.3,58.8,None,0.0,None,0.09,
LOG-02855,2022-03-11,EQ-073,Tractor,2022-05-23,FARM-07,OP-050,Michael Smith,4.0,FLD-018,River Field,208.98,8.1,59.0,None,0.0,None,0.14,Low
LOG-00187,2024-04-20,EQ-053,Sprayer,2018-06-13,FARM-04,,Michael Wilson,3.0,FLD-007,Golden Field,346.56,6.5,39.4,,0.0,None,0.84,High
LOG-01137,2022-04-17,EQ-024,Tractor,2021-10-31,FARM-03,OP-003,Sarah Jones,13.0,FLD-001,Sunny Field,222.94,8.3,38.2,None,0.0,None,0.28,Low
LOG-02059,2022-11-04,,Planter,2018-03-14,FARM-07,OP-017,Emily Lopez,18.0,FLD-013,Valley Field,169.83,9.1,51.1,None,0.0,None,0.18,Low
LOG-05866,2023-08-23,EQ-041,Planter,2019-04-13,FARM-10,OP-034,Grace Martinez,5.0,FLD-002,Hill Field,223.83,3.1,21.5,None,0.0,None,0.32,Medium
LOG-05861,2024-06-23,EQ-001,,2015-04-13,FARM-05,OP-007,Emily Johnson,18.0,FLD-013,Valley Field,169.83,8.7,46.1,None,0.0,None,0.2,Low
LOG-00149,2022-06-11,EQ-011,Harvester,,FARM-06,OP-047,Charles Hernandez,18.0,FLD-014,River Field,281.66,5.7,45.5,Inspection,475.96,None,0.11,Low
LOG-04125,2024-01-19,EQ-032,Planter,2022-03-18,FARM-08,OP-017,Emily Lopez,18.0,FLD-011,South Field,362.68,3.5,23.4,,1445.17,None,0.17,Low
LOG-04890,2024/10/26,EQ-092,,2015-07-25,FARM-10,OP-011,Sophia Jones,6.0,FLD-004,Sunny Field,103.14,8.3,45.9,None,0.0,None,0.8,High
LOG-05663,2023/10/15,,Harvester,2017-07-03,FARM-03,OP-033,Emily Garcia,18.0,,,169.83,4.5,16.2,None,,None,0.77,High
LOG-03364,2024-06-18,EQ-090,Sprayer,2017-06-10,FARM-01,OP-039,Michael Williams,4.0,FLD-010,Hill Field,315.35,5.5,35.8,None,0.0,None,0.13,Low
LOG-04789,2022-03-08,EQ-100,Planter,2022-05-16,FARM-10,OP-033,Emily Garcia,18.0,FLD-002,Hill Field,223.83,7.2,40.2,None,0.0,None,0.84,High
LOG-02867,2022-12-07,EQ-012,Tractor,2016-01-15,FARM-07,OP-031,,12.0,FLD-008,West Field,188.47,10.5,62.6,Routine,559.93,None,0.2,Low
LOG-03777,2022-10-20,EQ-063,Tractr,2017-10-12,FARM-04,OP-027,Emily Johnson,5.0,FLD-010,Hill Field,,7.4,37.5,None,0.0,None,0.52,Medium
LOG-01387,2022-01-17,EQ-072,Plntr,2017-02-18,FARM-02,OP-043,Sarah Brown,1.0,FLD-002,Hill Field,223.83,3.7,21.9,None,0.0,None,0.23,Low
LOG-06608,2024-02-12,EQ-046,Harvester,2020-02-02,FARM-01,OP-016,David Jones,4.0,FLD-018,,208.98,,51.7,Repair,680.52,Blade,0.08,Low
LOG-05819,2022-01-17,EQ-006,Harvester,2017-08-10,FARM-09,OP-001,,9.0,FLD-018,River Field,208.98,5.0,28.6,None,0.0,None,0.13,Low
LOG-03630,2022-05-15,EQ-074,Sprayer,2019-10-01,FARM-07,OP-001,William Anderson,9.0,FLD-001,Sunny Field,222.94,6.7,24.3,None,0.0,None,0.23,Low
LOG-06521,"April 26, 2024",EQ-033,Harvester,2017-12-20,FARM-03,OP-035,Sarah Wilson,6.0,FLD-007,Golden Field,346.56,2.9,10.0,None,0.0,None,0.94,High
LOG-04798,2024-07-07,EQ-024,Tractor,,FARM-03,OP-021,Chloe Jones,2.0,FLD-019,North Field,158.9,7.8,52.2,None,0.0,None,0.72,High
LOG-03029,2023-01-02,EQ-071,Planter,2017-09-22,FARM-08,OP-021,Chloe Jones,2.0,FLD-001,Sunny Field,222.94,9.2,43.0,Routine,1096.91,None,0.21,Low
LOG-02970,17-02-2023,EQ-067,Harvester,2015-10-04,FARM-01,OP-047,Charles Hernandez,18.0,FLD-006,North Field,264.76,1.0,5.6,None,0.0,None,0.83,High
LOG-06081,2023-11-17,EQ-015,Tractor,2019-03-31,FARM-02,OP-024,William Gonzalez,5.0,FLD-007,,346.56,3.2,19.7,None,0.0,None,0.04,Low
LOG-01709,2023-08-31,EQ-021,Plntr,2022-02-16,FARM-06,OP-026,Grace Rodriguez,1.0,FLD-019,North Field,158.9,7.6,,None,0.0,None,0.43,Medium
LOG-02954,2023-06-17,EQ-023,Harvester,2022-07-08,FARM-05,,Emily Lopez,18.0,FLD-010,Hill Field,315.35,1.8,10.0,None,0.0,None,0.92,High
LOG-00455,2023/09/09,EQ-007,Tractor,2021-04-17,FARM-04,,Michael Smith,4.0,FLD-020,West Field,220.65,6.4,37.5,None,0.0,None,0.78,High
LOG-00610,"September 27, 2022",EQ-043,Tractor,2022-08-18,FARM-02,OP-029,David Miller,5.0,FLD-018,River Field,208.98,3.3,12.2,None,0.0,None,0.79,High
LOG-04264,2023-07-07,EQ-030,Tractor,2017-05-14,FARM-10,OP-032,James Hernandez,,FLD-018,River Field,208.98,1.6,7.9,,0.0,None,0.21,Low
LOG-04827,2023-01-02,EQ-016,,2022-01-18,FARM-10,OP-040,Charles Wilson,2.0,FLD-005,North Field,357.3,9.0,69.8,Routine,1201.57,None,0.95,High
LOG-05931,2022-05-26,EQ-099,Tractr,2021-12-11,FARM-02,OP-014,John Hernandez,18.0,FLD-016,Valley Field,341.89,4.8,35.8,None,0.0,None,0.2,Low
LOG-02075,2023-07-06,EQ-088,Planter,2018-03-14,FARM-07,OP-035,Sarah Wilson,6.0,FLD-019,,158.9,9.7,69.4,None,0.0,None,0.93,High
LOG-04053,2023-09-12,EQ-005,Tractor,2015-05-03,,OP-039,Michael Williams,4.0,FLD-001,Sunny Field,222.94,7.0,36.1,None,0.0,None,0.72,High
LOG-05687,2024-05-13,EQ-060,,2022-12-30,FARM-05,,John Davis,20.0,FLD-019,North Field,158.9,6.2,28.8,None,0.0,None,0.97,High
LOG-01623,2024-01-17,EQ-034,Harvester,2023-05-10,FARM-09,OP-028,Alice Wilson,12.0,FLD-012,River Field,258.49,10.9,83.8,None,0.0,None,0.36,Medium
LOG-04684,2024-12-30,,Sprayer,2019-10-01,FARM-07,OP-031,Alice Anderson,12.0,FLD-020,West Field,220.65,10.3,41.7,None,0.0,None,0.03,Low
LOG-05498,2023-03-20,EQ-086,Tractor,2016-11-05,FARM-07,OP-041,Chloe Brown,7.0,FLD-006,North Field,264.76,8.3,40.4,None,0.0,None,0.64,Medium
LOG-06126,2024-02-18,EQ-038,Plntr,2016-01-08,FARM-01,OP-040,Charles Wilson,2.0,FLD-020,West Field,220.65,6.0,39.0,None,0.0,None,0.2,
LOG-00041,2023-04-20,EQ-061,Planter,2022-07-14,FARM-06,OP-019,James Lopez,11.0,FLD-002,Hill Field,223.83,4.2,,None,0.0,None,0.08,Low
LOG-05476,2023-07-08,EQ-093,Planter,2020-08-21,FARM-09,OP-022,Robert Hernandez,14.0,FLD-002,,223.83,3.6,28.7,None,0.0,None,0.01,Low
LOG-02090,2022-10-08,EQ-045,Tractor,2018-04-17,FARM-07,OP-026,Grace Rodriguez,1.0,FLD-006,North Field,264.76,11.3,65.4,None,0.0,None,0.77,High
LOG-03925,2024-01-24,EQ-078,,2017-02-23,,OP-028,Alice Wilson,12.0,FLD-020,West Field,220.65,6.1,46.3,None,0.0,None,0.3,Medium
LOG-02176,11-10-2022,EQ-034,Harvester,2023-05-10,FARM-09,OP-020,James Hernandez,9.0,FLD-018,River Field,208.98,2.8,10.1,None,0.0,None,0.88,High
LOG-00075,2022-08-24,EQ-062,Planter,2020-10-20,FARM-08,OP-019,James Lopez,11.0,FLD-011,South Field,362.68,6.2,20.9,None,0.0,None,0.23,Low
LOG-05598,2024-09-09,EQ-050,Harvester,2021-01-18,FARM-09,OP-018,David Jones,10.0,FLD-014,River Field,281.66,,27.1,None,0.0,None,0.38,Medium
LOG-06639,2024/03/01,EQ-002,Harvester,2017-07-03,FARM-03,OP-014,John Hernandez,18.0,FLD-010,Hill Field,315.35,3.4,13.5,None,0.0,None,0.51,Medium
LOG-02658,2022-05-04,EQ-011,Harvester,2017-05-31,FARM-06,OP-043,Sarah Brown,1.0,FLD-006,North Field,264.76,8.0,38.5,Routine,1463.7,None,0.12,Low
LOG-03181,17-04-2022,EQ-048,,2022-01-05,FARM-05,OP-027,Emily Johnson,5.0,FLD-009,South Field,474.95,2.3,9.1,None,0.0,None,0.37,Medium
LOG-02077,2024-09-16,EQ-024,Tractor,2021-10-31,FARM-03,OP-035,Sarah Wilson,6.0,FLD-011,South Field,,3.0,23.2,None,0.0,None,0.96,High
LOG-00442,2024-11-15,EQ-018,Tractor,2015-07-07,FARM-04,OP-009,David Anderson,12.0,FLD-014,,281.66,4.3,28.0,None,0.0,None,0.71,High
LOG-02052,28-11-2023,EQ-022,Harvester,2019-02-25,FARM-06,OP-037,John Williams,11.0,FLD-018,River Field,208.98,9.1,49.7,None,0.0,None,0.6,
LOG-02542,2023-05-06,EQ-009,Sprayer,2015-01-27,FARM-03,OP-045,Michael Wilson,3.0,FLD-007,Golden Field,346.56,10.1,56.6,None,0.0,None,0.19,Low
LOG-01302,2022-05-05,EQ-062,Planter,2020-10-20,FARM-08,OP-045,Michael Wilson,3.0,FLD-011,South Field,362.68,2.3,,None,0.0,None,0.71,High
LOG-03431,2024-04-27,EQ-096,Tractor,2022-07-28,FARM-04,,James Miller,11.0,FLD-014,River Field,281.66,4.4,,None,0.0,None,0.31,Medium
LOG-01305,2024/11/30,EQ-020,,2019-04-06,FARM-05,OP-039,Michael Williams,4.0,FLD-004,Sunny Field,103.14,2.1,8.4,None,0.0,None,0.83,High
LOG-00237,2022-10-09,EQ-098,Harvester,2021-06-29,FARM-10,OP-001,William Anderson,9.0,FLD-014,River Field,281.66,10.3,42.8,None,0.0,None,0.02,Low
LOG-05833,2022-05-13,EQ-087,Tractor,2019-05-19,FARM-05,OP-040,Charles Wilson,2.0,FLD-010,,315.35,5.7,33.2,None,0.0,None,0.16,Low
LOG-02600,2024-12-28,EQ-054,Tractor,2017-09-13,FARM-10,OP-007,Emily Johnson,18.0,,Sunny Field,103.14,10.1,,Inspection,604.73,None,0.43,Medium
LOG-04617,2023-09-16,EQ-037,Sprayer,2017-06-17,FARM-03,OP-047,Charles Hernandez,18.0,FLD-016,Valley Field,341.89,5.8,20.7,None,0.0,None,0.62,Medium
LOG-02574,2024-09-25,EQ-049,Harvester,2016-09-18,FARM-06,OP-016,David Jones,4.0,FLD-019,North Field,,,34.5,None,0.0,None,0.12,Low
LOG-03281,"August 09, 2022",EQ-061,Planter,2022-07-14,FARM-06,OP-012,Daniel Wilson,18.0,FLD-018,River Field,208.98,5.6,22.4,None,0.0,None,0.39,Medium
LOG-03187,2023-07-17,EQ-025,Harvester,2016-10-31,FARM-08,OP-034,Grace Martinez,5.0,FLD-004,Sunny Field,103.14,,27.4,None,0.0,None,0.32,Medium
LOG-03954,2024-10-15,EQ-051,Tractor,2021-09-19,FARM-06,OP-002,James Hernandez,11.0,FLD-007,Golden Field,346.56,11.6,64.0,Routine,995.87,None,,High
LOG-02769,2022-06-03,EQ-003,Tractor,2022-08-03,FARM-09,OP-046,,17.0,FLD-008,West Field,188.47,1.5,10.2,None,0.0,None,0.25,Low
LOG-04832,2024-10-31,EQ-004,Tractor,2021-08-15,FARM-07,OP-013,Laura Martinez,,FLD-006,North Field,264.76,2.7,14.5,None,0.0,None,0.31,Medium
LOG-04224,2022-03-26,EQ-011,,2017-05-31,FARM-06,OP-022,Robert Hernandez,14.0,FLD-011,South Field,,3.7,28.4,Repair,663.67,,0.85,High
LOG-02107,2022-07-04,EQ-042,Planter,2020-12-07,FARM-05,OP-010,,8.0,FLD-020,West Field,220.65,6.6,45.4,None,0.0,None,0.45,Medium
LOG-02680,2024-10-01,EQ-050,Harvstr,2021-01-18,FARM-09,OP-017,Emily Lopez,18.0,FLD-016,Valley Field,341.89,9.5,53.9,None,0.0,None,0.83,High
LOG-02762,2022-06-14,EQ-041,Planter,2019-04-13,FARM-10,OP-048,William Smith,4.0,FLD-012,River Field,258.49,9.6,47.6,None,0.0,None,0.18,Low
LOG-04689,2022/06/17,EQ-003,Tractor,2022-08-03,FARM-09,OP-032,James Hernandez,8.0,FLD-011,South Field,362.68,9.8,,Routine,471.9,None,0.39,Medium
LOG-05400,,EQ-031,Sprayer,2017-05-20,FARM-08,OP-041,Chloe Brown,7.0,FLD-015,West Field,216.02,8.9,39.3,Inspection,1457.17,None,0.83,High
LOG-01388,2022-11-07,EQ-026,Planter,2018-01-10,FARM-09,OP-017,Emily Lopez,18.0,FLD-016,Valley Field,341.89,6.3,24.8,None,0.0,None,0.14,Low
LOG-06564,"February 01, 2024",EQ-028,Tractor,2017-07-27,FARM-01,OP-029,David Miller,,FLD-017,East Field,311.6,8.7,45.6,Routine,1332.17,None,0.46,Medium
LOG-06328,2022-02-12,EQ-077,Sprayr,2023-12-24,FARM-02,OP-002,James Hernandez,11.0,FLD-014,River Field,281.66,10.4,64.7,None,0.0,None,0.13,Low
LOG-06751,08-06-2023,EQ-079,,2016-07-28,FARM-07,OP-037,John Williams,11.0,FLD-007,Golden Field,346.56,7.6,38.2,None,0.0,None,0.46,Medium
LOG-05001,2024-03-18,EQ-005,Tractor,2015-05-03,FARM-02,OP-031,Alice Anderson,12.0,,South Field,474.95,5.3,34.7,None,0.0,None,0.76,High
LOG-01280,2023/08/19,EQ-015,Tractor,2019-03-31,FARM-02,OP-003,Sarah Jones,13.0,FLD-001,Sunny Field,222.94,10.2,,Inspection,262.55,None,0.1,Low
LOG-06242,2024-05-25,EQ-015,Tractor,2019-03-31,FARM-02,OP-014,John Hernandez,18.0,FLD-005,North Field,357.3,6.3,25.7,None,0.0,None,0.31,Medium
LOG-01719,2024-03-14,EQ-026,Planter,2018-01-10,FARM-09,OP-002,James Hernandez,11.0,FLD-016,Valley Field,341.89,2.7,19.3,None,0.0,None,0.28,
LOG-01556,2024/04/02,EQ-095,Tractr,2017-01-31,FARM-02,OP-028,Alice Wilson,,FLD-001,Sunny Field,222.94,7.3,22.1,None,0.0,None,0.03,Low
LOG-06323,2024-02-16,EQ-001,Tractor,2015-04-13,FARM-05,OP-029,David Miller,5.0,FLD-019,North Field,158.9,8.2,25.8,None,0.0,None,0.4,Medium
LOG-03191,2023-02-23,EQ-078,Harvester,2017-02-23,FARM-04,OP-034,Grace Martinez,5.0,FLD-018,,208.98,6.3,22.1,Routine,580.43,None,0.92,High
LOG-04567,2024-06-23,EQ-077,Sprayer,2023-12-24,FARM-02,OP-008,James Rodriguez,9.0,FLD-005,North Field,357.3,4.8,20.2,None,0.0,None,0.37,Medium
LOG-04803,2023-02-23,EQ-053,Sprayr,2018-06-13,FARM-04,OP-016,David Jones,4.0,FLD-006,North Field,264.76,8.0,58.9,None,0.0,None,0.7,High
LOG-06559,2022-10-01,,Tractor,2015-07-07,FARM-04,OP-032,James Hernandez,8.0,FLD-009,South Field,,1.9,8.9,,746.21,None,0.34,Medium
LOG-04842,2022-03-12,EQ-033,Harvester,2017-12-20,FARM-03,OP-042,Daniel Garcia,10.0,FLD-008,West Field,188.47,,12.2,None,0.0,,0.69,Medium
LOG-03595,2022-06-03,EQ-022,Harvester,2019-02-25,FARM-06,OP-008,James Rodriguez,9.0,FLD-008,West Field,,11.1,35.2,None,0.0,None,0.62,Medium
LOG-01921,17-09-2022,EQ-003,Tractor,2022-08-03,FARM-09,OP-031,Alice Anderson,12.0,FLD-007,Golden Field,346.56,2.9,22.6,None,0.0,None,0.51,Medium
LOG-00514,2022-02-01,EQ-076,Tractor,2015-09-06,FARM-07,OP-013,Laura Martinez,17.0,FLD-017,East Field,311.6,9.1,30.4,Routine,462.52,None,0.82,High
LOG-04178,2023-12-26,EQ-096,Tractor,2022-07-28,FARM-04,OP-006,John Davis,20.0,FLD-012,River Field,258.49,10.3,72.6,None,0.0,None,0.85,High
LOG-01309,2024/03/12,,Tractor,2018-10-16,FARM-01,OP-024,,5.0,FLD-009,South Field,474.95,5.2,36.4,None,0.0,None,0.81,High
LOG-00915,,EQ-092,Tractor,2015-07-25,FARM-10,OP-037,John Williams,11.0,FLD-005,North Field,357.3,6.7,28.4,None,0.0,None,0.58,Medium
LOG-03453,2024-10-13,EQ-068,Sprayer,2015-10-18,FARM-09,,Laura Martinez,17.0,FLD-009,South Field,474.95,7.3,55.9,Routine,55.63,None,0.35,Medium
LOG-03696,2022-10-20,EQ-094,Harvester,2015-08-21,FARM-09,OP-021,Chloe Jones,2.0,FLD-013,Valley Field,169.83,10.8,71.6,None,0.0,,0.55,Medium
LOG-04243,2023-08-25,EQ-054,Tractor,2017-09-13,FARM-10,OP-049,Michael Williams,19.0,FLD-002,Hill Field,223.83,3.2,17.2,None,0.0,None,0.33,
LOG-03157,2024-02-18,EQ-077,Sprayer,2023-12-24,FARM-02,OP-043,Sarah Brown,1.0,FLD-017,East Field,311.6,5.2,21.0,None,0.0,None,0.75,High
LOG-02199,2022-01-06,EQ-006,Harvester,2017-08-10,FARM-09,OP-035,Sarah Wilson,6.0,FLD-018,River Field,208.98,10.5,55.7,None,0.0,None,0.1,Low
LOG-00775,2022-09-12,EQ-082,Tractor,2015-07-27,FARM-09,OP-041,Chloe Brown,7.0,FLD-016,Valley Field,341.89,8.2,61.2,None,0.0,None,0.49,Medium
LOG-04426,2024-06-27,EQ-038,Planter,2016-01-08,FARM-01,OP-026,Grace Rodriguez,1.0,FLD-004,Sunny Field,103.14,5.0,27.3,None,0.0,None,0.88,High
LOG-00944,2024-07-16,EQ-088,,2018-03-14,FARM-07,OP-022,Robert Hernandez,14.0,FLD-009,South Field,474.95,4.0,25.2,None,0.0,None,0.22,Low
LOG-00823,2024/06/07,EQ-060,Harvester,2022-12-30,,OP-018,David Jones,10.0,FLD-018,,208.98,11.3,75.0,Routine,340.94,None,0.46,Medium
LOG-05006,,EQ-027,Harvester,2022-09-05,FARM-06,OP-021,Chloe Jones,2.0,FLD-001,Sunny Field,222.94,11.7,79.5,None,0.0,None,0.66,Medium
LOG-04278,2022-02-12,EQ-099,Tractor,2021-12-11,FARM-02,OP-027,Emily Johnson,5.0,FLD-012,River Field,258.49,4.7,17.2,Routine,311.28,None,0.61,Medium
LOG-00165,"October 23, 2023",EQ-039,Tractor,2016-09-18,FARM-03,OP-011,,6.0,FLD-006,North Field,264.76,11.3,46.6,None,0.0,None,0.52,Medium
LOG-05620,03-06-2022,EQ-034,Harvester,2023-05-10,FARM-09,OP-013,Laura Martinez,17.0,FLD-010,Hill Field,315.35,3.1,22.6,None,0.0,None,0.13,Low
LOG-04548,19-01-2022,EQ-093,Planter,2020-08-21,FARM-09,OP-048,William Smith,4.0,FLD-005,North Field,357.3,3.1,24.1,None,0.0,None,0.11,Low
LOG-03984,08-05-2023,EQ-089,Planter,2016-09-26,FARM-04,OP-017,Emily Lopez,18.0,FLD-001,Sunny Field,222.94,4.0,22.6,None,0.0,None,0.28,Low
LOG-02539,18-08-2022,EQ-096,Tractor,2022-07-28,FARM-04,OP-047,Charles Hernandez,18.0,FLD-010,Hill Field,315.35,,73.6,Repair,891.84,Hydraulics,0.8,High
LOG-06671,2023-12-08,EQ-014,Sprayer,2015-06-27,FARM-08,OP-043,,1.0,FLD-010,Hill Field,315.35,2.1,12.4,Routine,894.51,None,0.69,Medium
LOG-01312,2022/01/19,EQ-093,Planter,2020-08-21,FARM-09,OP-030,Alice Jones,12.0,FLD-009,South Field,474.95,11.8,56.5,None,0.0,None,0.5,Medium
LOG-05208,2024/12/02,EQ-059,Planter,2017-05-17,FARM-09,OP-010,Robert Anderson,8.0,FLD-008,West Field,188.47,8.9,31.1,None,0.0,None,0.78,
LOG-06358,2023-04-15,EQ-003,Tractor,2022-08-03,FARM-09,OP-036,Jessica Anderson,14.0,FLD-020,West Field,,10.8,45.9,None,0.0,None,,Medium
LOG-05384,2023-08-27,EQ-075,Planter,2023-03-06,FARM-01,OP-035,Sarah Wilson,6.0,FLD-006,North Field,264.76,6.1,19.8,None,0.0,None,0.36,Medium
LOG-05835,2022-09-05,EQ-070,Harvester,2021-01-17,FARM-03,OP-006,John Davis,20.0,FLD-003,Golden Field,66.67,6.2,23.6,None,0.0,None,0.78,High
LOG-06692,2024-06-11,EQ-087,Tractor,2019-05-19,FARM-05,OP-040,Charles Wilson,,FLD-011,South Field,362.68,3.2,12.6,None,0.0,None,0.42,Medium
LOG-03301,2022-06-15,EQ-077,Sprayer,2023-12-24,FARM-02,OP-048,William Smith,4.0,FLD-020,West Field,220.65,5.1,20.3,None,0.0,None,0.32,Medium
LOG-03311,2022-09-06,EQ-087,Tractor,2019-05-19,FARM-05,OP-025,,15.0,FLD-017,East Field,311.6,9.0,55.7,None,0.0,None,0.83,High
LOG-00328,2022-07-10,EQ-019,Sprayer,2015-11-23,FARM-04,OP-046,Michael Garcia,17.0,FLD-009,South Field,474.95,1.5,6.2,None,0.0,,0.41,Medium
LOG-02491,2022-01-04,EQ-068,Sprayer,2015-10-18,FARM-09,OP-016,David Jones,4.0,FLD-018,River Field,208.98,11.3,65.2,Inspection,656.0,None,0.8,High
LOG-06552,2023-12-07,EQ-093,Planter,2020-08-21,FARM-09,OP-015,Laura Anderson,4.0,,Sunny Field,103.14,9.2,70.6,None,0.0,None,0.62,Medium
LOG-04409,2022-06-07,EQ-011,Harvester,2017-05-31,FARM-06,OP-032,James Hernandez,8.0,FLD-013,Valley Field,169.83,8.8,61.6,None,0.0,None,0.75,High
LOG-00833,2024-10-01,EQ-033,Harvester,2017-12-20,FARM-03,OP-038,Grace Gonzalez,8.0,FLD-002,Hill Field,223.83,6.9,44.8,Repair,841.33,Tire,0.68,Medium
LOG-03080,2022-08-01,EQ-033,Harvester,2017-12-20,FARM-03,OP-035,Sarah Wilson,6.0,FLD-003,Golden Field,66.67,5.4,42.5,None,0.0,None,0.71,High
LOG-03463,2023-03-28,EQ-046,Harvester,2020-02-02,FARM-01,OP-028,Alice Wilson,12.0,FLD-005,North Field,357.3,6.7,36.6,None,0.0,None,0.51,Medium
LOG-05298,2022-04-20,EQ-071,Planter,2017-09-22,FARM-08,OP-041,Chloe Brown,7.0,FLD-011,South Field,362.68,9.1,27.7,None,0.0,None,0.19,Low
LOG-06127,2022-02-23,,Tractr,2022-05-23,FARM-07,OP-027,Emily Johnson,5.0,FLD-017,East Field,311.6,,59.4,None,,None,0.61,Medium
LOG-00055,2024-04-29,EQ-018,Tractor,2015-07-07,FARM-04,OP-005,Daniel Garcia,3.0,FLD-009,South Field,474.95,4.7,32.6,None,0.0,None,0.01,Low
LOG-04065,2024-01-04,EQ-029,Sprayer,2019-07-02,FARM-05,OP-020,James Hernandez,9.0,FLD-008,West Field,188.47,3.8,19.1,None,0.0,None,0.99,High
LOG-03452,20-02-2024,EQ-082,Tractor,2015-07-27,FARM-09,OP-026,Grace Rodriguez,1.0,FLD-006,North Field,264.76,10.2,59.6,None,0.0,None,0.15,Low
LOG-01902,,EQ-066,Tractor,2015-10-18,FARM-01,OP-008,James Rodriguez,9.0,FLD-016,Valley Field,341.89,9.6,45.9,Routine,305.78,None,0.8,High
LOG-01482,2022-06-11,EQ-013,Tractor,2019-01-10,FARM-06,OP-025,Michael Williams,15.0,FLD-017,,311.6,4.7,29.1,None,0.0,None,0.4,Medium
LOG-04874,2022-10-31,EQ-061,Planter,2022-07-14,FARM-06,OP-017,,18.0,FLD-004,Sunny Field,103.14,1.1,3.9,Routine,682.72,None,0.59,Medium
LOG-04896,2023-08-22,EQ-052,Planter,2015-03-21,FARM-02,OP-002,James Hernandez,11.0,FLD-017,East Field,311.6,2.1,13.6,None,0.0,None,0.56,Medium
LOG-04151,"June 05, 2024",EQ-015,Tractor,2019-03-31,FARM-02,OP-034,Grace Martinez,5.0,FLD-010,Hill Field,315.35,4.9,18.5,None,0.0,None,0.13,Low
LOG-03336,"October 09, 2023",EQ-080,Harvester,2018-02-14,FARM-08,OP-039,Michael Williams,4.0,FLD-002,Hill Field,223.83,2.8,20.6,Repair,230.15,Engine,0.55,Medium
LOG-04927,2024-06-21,EQ-041,Planter,2019-04-13,FARM-10,OP-008,James Rodriguez,9.0,FLD-001,Sunny Field,222.94,1.1,7.3,None,0.0,None,0.97,High
LOG-00947,2024-06-30,EQ-010,,2018-10-25,FARM-05,OP-035,Sarah Wilson,6.0,FLD-001,Sunny Field,222.94,8.4,40.0,None,0.0,None,0.82,High
LOG-03294,2022-06-23,EQ-079,Planter,2016-07-28,FARM-07,OP-024,William Gonzalez,5.0,FLD-008,West Field,188.47,10.8,69.4,None,0.0,None,0.66,Medium
LOG-02162,2022-02-10,EQ-016,Sprayer,2022-01-18,FARM-10,OP-017,Emily Lopez,18.0,FLD-002,Hill Field,223.83,9.2,39.7,None,0.0,,0.76,High
LOG-06775,2024-07-26,EQ-061,Planter,2022-07-14,FARM-06,OP-016,David Jones,4.0,FLD-018,River Field,208.98,7.6,39.5,None,0.0,None,0.39,
LOG-05084,2024-02-27,EQ-080,Harvester,2018-02-14,FARM-08,OP-044,James Miller,11.0,FLD-002,Hill Field,223.83,4.4,30.6,None,0.0,None,0.34,Medium
LOG-05924,"December 20, 2022",EQ-018,Tractor,2015-07-07,FARM-04,OP-030,Alice Jones,12.0,FLD-001,Sunny Field,222.94,4.7,17.2,None,0.0,None,0.8,High
LOG-03058,2023-10-13,EQ-098,Harvester,2021-06-29,FARM-10,OP-026,Grace Rodriguez,1.0,FLD-014,River Field,281.66,8.3,38.9,None,0.0,None,0.69,
LOG-05491,2023-12-15,EQ-100,Planter,2022-05-16,FARM-10,OP-014,John Hernandez,18.0,FLD-015,West Field,216.02,7.8,61.9,None,0.0,None,0.54,Medium
LOG-00769,2024-02-03,,Tractor,2015-12-17,FARM-08,OP-024,William Gonzalez,5.0,,Valley Field,169.83,1.1,5.2,None,0.0,None,0.45,Medium
LOG-06574,2024-03-02,EQ-037,Sprayer,2017-06-17,FARM-03,OP-021,Chloe Jones,2.0,FLD-016,Valley Field,341.89,10.8,44.0,None,0.0,None,0.27,Low
LOG-03496,2023-05-19,EQ-046,Harvester,2020-02-02,FARM-01,OP-021,Chloe Jones,2.0,FLD-007,Golden Field,346.56,10.5,66.9,None,0.0,None,0.87,High
LOG-00286,2024-06-22,EQ-047,Sprayer,2020-08-12,FARM-03,,Sarah Wilson,6.0,FLD-002,Hill Field,223.83,7.0,,Repair,1253.6,Blade,0.25,Low
LOG-02824,2023-11-26,EQ-019,Sprayer,2015-11-23,FARM-04,,Grace Martinez,5.0,FLD-017,East Field,311.6,11.5,45.1,None,0.0,None,0.63,Medium
LOG-04525,2024-03-10,EQ-060,Harvstr,2022-12-30,FARM-05,OP-042,Daniel Garcia,,FLD-013,Valley Field,169.83,1.1,5.0,None,0.0,None,,High
LOG-06220,"May 23, 2024",EQ-012,Tractor,2016-01-15,FARM-07,OP-014,John Hernandez,18.0,FLD-011,South Field,362.68,9.1,72.1,None,0.0,None,0.99,High
LOG-02333,22-07-2023,EQ-082,Tractor,2015-07-27,FARM-09,OP-014,John Hernandez,18.0,FLD-002,Hill Field,223.83,11.3,73.2,None,0.0,None,0.14,Low
LOG-02718,2022-12-03,EQ-063,Tractor,2017-10-12,FARM-04,OP-007,Emily Johnson,18.0,FLD-014,River Field,281.66,1.6,7.2,None,0.0,None,0.54,Medium
LOG-02080,2023-06-23,EQ-083,Tractor,2016-01-18,FARM-04,OP-032,James Hernandez,8.0,FLD-017,East Field,311.6,11.5,89.1,None,0.0,None,0.03,Low
LOG-03390,03-11-2023,EQ-056,Tractor,2023-07-13,FARM-09,,John Williams,11.0,FLD-017,East Field,311.6,1.2,9.5,None,0.0,None,0.33,Medium
LOG-00723,2024-06-17,EQ-048,Tractor,,FARM-05,OP-036,Jessica Anderson,14.0,FLD-006,North Field,264.76,3.7,21.9,Repair,1197.03,Hydraulics,0.61,Medium
LOG-00952,"December 26, 2022",EQ-085,Planter,2017-05-25,FARM-07,OP-048,William Smith,4.0,FLD-019,North Field,158.9,1.7,6.2,Routine,426.46,None,0.57,Medium
LOG-06096,2022-07-26,EQ-096,Tractor,2022-07-28,FARM-04,OP-005,Daniel Garcia,3.0,FLD-018,River Field,208.98,3.7,26.7,None,0.0,None,0.49,Medium
LOG-02263,2022-05-30,EQ-074,Sprayer,2019-10-01,FARM-07,OP-024,William Gonzalez,5.0,,North Field,357.3,9.6,46.1,None,0.0,None,0.96,High
LOG-00990,2023-08-27,EQ-010,Planter,2018-10-25,FARM-05,OP-023,Michael Smith,1.0,FLD-003,Golden Field,66.67,10.3,57.3,None,0.0,None,0.78,High
LOG-03213,2022-06-05,EQ-017,Sprayer,2021-06-22,FARM-04,OP-006,John Davis,20.0,FLD-019,North Field,158.9,9.4,39.7,None,0.0,None,0.02,Low
LOG-01760,2023-07-14,EQ-075,Planter,2023-03-06,FARM-01,OP-045,Michael Wilson,3.0,FLD-018,River Field,208.98,4.0,26.1,None,0.0,None,0.73,High
LOG-05745,2022-03-12,EQ-005,Tractor,2015-05-03,FARM-02,OP-043,Sarah Brown,1.0,FLD-005,North Field,357.3,6.3,,None,0.0,None,0.13,Low
LOG-04423,2024-04-26,EQ-005,Tractor,2015-05-03,FARM-02,OP-029,David Miller,5.0,FLD-017,,311.6,6.0,,None,0.0,None,0.53,Medium
LOG-05480,2023-05-10,EQ-003,Tractor,2022-08-03,FARM-09,OP-049,Michael Williams,19.0,FLD-005,North Field,357.3,3.7,22.4,None,0.0,,0.87,High
LOG-01725,2023-10-03,EQ-042,Planter,2020-12-07,FARM-05,OP-045,Michael Wilson,3.0,FLD-008,West Field,188.47,8.0,60.1,None,0.0,None,,Low
LOG-05183,2024-09-01,EQ-014,Sprayer,2015-06-27,FARM-08,OP-007,Emily Johnson,18.0,FLD-007,Golden Field,346.56,11.8,90.2,Repair,374.46,Hydraulics,0.29,Low
LOG-00342,2024-04-23,EQ-083,Tractor,2016-01-18,FARM-04,OP-019,James Lopez,11.0,FLD-016,Valley Field,341.89,10.7,57.7,Routine,605.37,None,0.42,Medium
LOG-03702,2023-12-26,EQ-026,Planter,2018-01-10,FARM-09,OP-007,Emily Johnson,18.0,FLD-009,South Field,474.95,9.4,46.5,None,0.0,None,0.13,Low
LOG-04244,2022-11-21,EQ-061,Planter,2022-07-14,FARM-06,OP-036,Jessica Anderson,14.0,FLD-011,South Field,362.68,2.0,13.2,None,0.0,None,0.24,Low
LOG-00689,2022-02-25,EQ-007,Tractor,2021-04-17,FARM-04,OP-043,Sarah Brown,1.0,FLD-010,Hill Field,315.35,4.2,14.3,None,0.0,None,0.84,High
LOG-03433,2024-12-30,EQ-035,Sprayr,2023-05-18,FARM-10,,Emily Johnson,5.0,FLD-011,South Field,362.68,10.0,47.5,None,0.0,None,0.93,High
LOG-05204,2024-01-27,EQ-062,Planter,2020-10-20,FARM-08,OP-017,Emily Lopez,18.0,FLD-004,Sunny Field,103.14,8.1,42.7,None,0.0,None,0.61,Medium
LOG-04945,2024-11-27,EQ-091,Tractor,2023-05-22,FARM-06,OP-015,Laura Anderson,4.0,FLD-011,South Field,362.68,8.9,55.9,None,0.0,None,0.59,
LOG-00967,2022-05-04,EQ-032,Planter,2022-03-18,FARM-08,OP-009,,12.0,FLD-002,,223.83,2.4,14.2,None,0.0,None,,Medium
LOG-06603,2024/03/13,EQ-031,Sprayer,2017-05-20,FARM-08,OP-025,Michael Williams,15.0,FLD-010,Hill Field,315.35,2.1,6.9,None,0.0,None,0.91,High
LOG-06338,2023-01-06,EQ-007,Tractor,2021-04-17,FARM-04,OP-033,Emily Garcia,18.0,FLD-005,North Field,357.3,10.7,48.4,None,0.0,None,0.66,Medium
LOG-02204,2022-10-04,EQ-015,Tractor,2019-03-31,FARM-02,OP-008,,9.0,FLD-020,West Field,220.65,8.9,56.9,Routine,1046.81,None,0.48,Medium
LOG-02714,2024-08-06,,Tractor,2017-01-31,FARM-02,OP-031,Alice Anderson,12.0,FLD-017,East Field,311.6,6.5,30.5,None,0.0,None,0.44,Medium
LOG-04758,2022-03-03,EQ-011,Harvester,2017-05-31,FARM-06,OP-030,Alice Jones,12.0,FLD-016,Valley Field,341.89,9.9,40.1,None,0.0,None,0.39,Medium
LOG-05099,2023-04-20,EQ-058,Harvester,2017-12-21,FARM-09,OP-008,James Rodriguez,9.0,FLD-015,West Field,216.02,8.2,28.3,None,0.0,,0.5,Medium
LOG-06159,2024-11-30,EQ-093,Planter,2020-08-21,FARM-09,OP-050,Michael Smith,4.0,,South Field,,3.8,24.1,Repair,625.53,None,0.9,High
LOG-06685,2022/07/03,EQ-002,Harvester,2017-07-03,FARM-03,OP-045,,3.0,FLD-011,South Field,362.68,3.8,24.7,,1286.07,Engine,0.1,
LOG-05281,2024-06-10,EQ-082,Tractor,2015-07-27,FARM-09,OP-012,Daniel Wilson,18.0,FLD-015,West Field,216.02,8.5,38.5,None,0.0,None,0.64,
LOG-03573,2022-08-28,EQ-090,Sprayer,2017-06-10,FARM-01,OP-029,David Miller,5.0,FLD-007,Golden Field,346.56,7.0,55.7,None,0.0,None,0.85,High
LOG-04806,2022/04/26,EQ-061,Planter,,FARM-06,OP-033,,18.0,,River Field,281.66,4.8,34.3,None,0.0,None,,Medium
LOG-05300,"December 23, 2023",EQ-046,Harvester,,FARM-01,OP-003,Sarah Jones,13.0,FLD-011,South Field,362.68,3.2,16.4,None,0.0,None,0.15,Low
LOG-01991,2023-12-29,EQ-027,Harvester,2022-09-05,FARM-06,OP-014,John Hernandez,18.0,FLD-007,Golden Field,346.56,3.1,17.5,None,0.0,None,0.88,High
LOG-04121,2024-01-11,EQ-028,Tractor,2017-07-27,FARM-01,OP-044,James Miller,11.0,FLD-011,South Field,362.68,6.5,34.2,None,0.0,None,0.94,High
LOG-04760,2023-07-28,EQ-042,Planter,2020-12-07,FARM-05,OP-038,Grace Gonzalez,8.0,FLD-017,East Field,311.6,4.7,18.6,None,0.0,None,0.49,Medium
LOG-05739,"November 28, 2023",EQ-024,Tractor,2021-10-31,FARM-03,OP-034,Grace Martinez,5.0,FLD-001,Sunny Field,222.94,6.3,41.8,None,0.0,None,0.25,Low
LOG-05299,12-06-2022,EQ-058,Harvester,2017-12-21,FARM-09,OP-031,Alice Anderson,12.0,FLD-005,North Field,357.3,11.9,69.9,None,0.0,None,0.4,Medium
LOG-06111,2024-12-10,EQ-094,Harvester,2015-08-21,FARM-09,OP-018,David Jones,10.0,FLD-006,North Field,264.76,8.1,42.0,None,0.0,None,0.16,Low
LOG-04972,,EQ-051,,2021-09-19,FARM-06,OP-002,James Hernandez,11.0,FLD-003,Golden Field,66.67,6.2,33.3,None,0.0,None,0.35,Medium
LOG-06627,2024-01-31,EQ-029,Sprayer,2019-07-02,FARM-05,OP-002,James Hernandez,11.0,FLD-002,,223.83,5.3,16.1,None,0.0,None,0.31,Medium
LOG-05035,2022-12-15,EQ-019,Sprayer,2015-11-23,FARM-04,OP-010,Robert Anderson,8.0,FLD-014,River Field,281.66,6.5,39.5,Routine,50.75,None,0.22,Low
LOG-03601,2022-06-12,EQ-063,Tractor,2017-10-12,FARM-04,OP-020,James Hernandez,9.0,FLD-011,South Field,362.68,2.7,8.4,None,0.0,None,0.73,High
LOG-06383,,EQ-008,,2017-06-21,,OP-007,Emily Johnson,18.0,FLD-018,River Field,208.98,1.6,7.0,None,0.0,None,0.75,High
LOG-03669,2022-03-14,EQ-050,Harvester,2021-01-18,,OP-031,,12.0,FLD-009,South Field,474.95,11.4,55.8,None,,None,0.42,Medium
LOG-05767,23-02-2022,EQ-079,Planter,2016-07-28,FARM-07,OP-035,Sarah Wilson,6.0,FLD-006,North Field,264.76,9.7,70.3,Routine,273.18,None,0.94,High
LOG-00386,2023-12-18,EQ-023,Harvester,2022-07-08,FARM-05,OP-031,Alice Anderson,12.0,FLD-019,North Field,158.9,4.8,34.5,None,0.0,None,0.82,High
LOG-06102,2023-06-08,EQ-043,Tractor,2022-08-18,FARM-02,OP-010,,8.0,FLD-019,North Field,158.9,2.2,15.5,Repair,189.54,Blade,0.31,Medium
LOG-06385,"July 08, 2022",EQ-044,Sprayer,2023-08-15,FARM-06,OP-031,Alice Anderson,12.0,FLD-012,,258.49,1.3,4.1,None,0.0,None,0.85,
LOG-00537,10-06-2022,EQ-100,Planter,2022-05-16,FARM-10,OP-048,William Smith,4.0,FLD-015,West Field,216.02,5.2,23.0,None,0.0,None,0.15,Low
LOG-06524,2023-06-03,EQ-090,Sprayer,2017-06-10,FARM-01,OP-021,Chloe Jones,2.0,FLD-010,Hill Field,315.35,6.9,24.7,None,0.0,None,0.85,High
LOG-05033,2024-03-06,EQ-025,Harvester,2016-10-31,FARM-08,OP-025,Michael Williams,15.0,FLD-010,Hill Field,315.35,-9.4,39.6,None,0.0,None,0.3,Medium
LOG-04213,"March 29, 2024",EQ-022,Harvester,2019-02-25,FARM-06,OP-016,David Jones,4.0,FLD-012,River Field,258.49,4.9,38.4,None,0.0,None,0.04,Low
LOG-03508,10-09-2022,EQ-085,Planter,2017-05-25,FARM-07,OP-004,David Hernandez,10.0,FLD-004,Sunny Field,103.14,11.4,70.9,None,0.0,None,0.85,High
LOG-00202,2024-07-28,EQ-015,Tractor,2019-03-31,FARM-02,OP-022,Robert Hernandez,14.0,FLD-006,North Field,264.76,8.1,53.4,Routine,538.81,None,0.3,Medium
LOG-01333,2023-04-12,EQ-056,Tractor,2023-07-13,FARM-09,OP-031,Alice Anderson,12.0,FLD-010,Hill Field,,1.2,3.9,None,0.0,None,0.81,High
LOG-03503,2023-12-19,EQ-057,Harvester,2016-06-09,FARM-08,OP-029,David Miller,5.0,FLD-014,River Field,281.66,5.2,23.9,None,0.0,None,0.48,Medium
LOG-02709,12-04-2024,EQ-061,Planter,2022-07-14,FARM-06,OP-039,Michael Williams,4.0,FLD-002,,223.83,10.9,70.5,None,0.0,None,0.52,Medium
LOG-05032,2024-07-03,EQ-011,Harvester,2017-05-31,FARM-06,OP-038,Grace Gonzalez,8.0,FLD-007,Golden Field,346.56,6.8,46.6,None,0.0,None,0.43,Medium
LOG-04663,2024-03-04,EQ-079,Planter,2016-07-28,FARM-07,OP-012,Daniel Wilson,18.0,FLD-009,South Field,474.95,4.2,24.9,None,0.0,None,0.98,High
LOG-04022,2023-04-11,EQ-098,Harvester,2021-06-29,FARM-10,OP-003,Sarah Jones,13.0,FLD-013,Valley Field,169.83,4.7,24.3,None,,,0.64,Medium
LOG-01855,2024-09-25,EQ-075,Planter,2023-03-06,FARM-01,OP-008,James Rodriguez,9.0,FLD-015,West Field,216.02,5.8,32.3,None,0.0,None,0.55,Medium
LOG-06251,2023-12-31,EQ-034,Harvester,2023-05-10,FARM-09,OP-011,Sophia Jones,6.0,FLD-003,Golden Field,66.67,3.8,25.1,None,0.0,None,0.04,Low
LOG-02873,2022-12-31,EQ-092,Tractor,2015-07-25,FARM-10,OP-035,Sarah Wilson,6.0,FLD-005,North Field,357.3,1.9,10.8,None,0.0,None,0.59,Medium
LOG-03031,2023-05-09,EQ-001,Tractor,2015-04-13,FARM-05,OP-020,James Hernandez,9.0,FLD-016,Valley Field,341.89,11.5,,None,0.0,None,0.28,Low
LOG-01206,2024-07-19,EQ-061,Planter,2022-07-14,FARM-06,,James Rodriguez,9.0,FLD-009,South Field,474.95,1.4,5.3,None,0.0,None,0.64,Medium
LOG-01646,2022-07-22,EQ-085,Planter,2017-05-25,FARM-07,OP-046,Michael Garcia,17.0,FLD-019,,158.9,10.3,35.6,None,0.0,None,0.9,High
LOG-03418,2024-10-24,EQ-011,Harvester,2017-05-31,FARM-06,OP-039,Michael Williams,4.0,FLD-020,West Field,220.65,7.2,48.1,None,0.0,None,0.98,High
LOG-03477,2024-10-25,EQ-053,,2018-06-13,FARM-04,OP-041,Chloe Brown,7.0,FLD-016,Valley Field,341.89,1.2,9.3,None,0.0,None,0.8,High
LOG-05888,28-03-2022,EQ-039,Tractor,2016-09-18,FARM-03,OP-034,Grace Martinez,5.0,FLD-013,Valley Field,169.83,1.5,7.1,None,0.0,None,0.71,High
LOG-02862,2022-05-26,EQ-019,Sprayer,2015-11-23,FARM-04,OP-045,Michael Wilson,3.0,FLD-011,South Field,362.68,7.5,41.8,Inspection,716.45,None,0.2,Low
LOG-01793,2024-01-03,EQ-009,Sprayer,2015-01-27,FARM-03,OP-006,,20.0,FLD-009,South Field,474.95,6.2,34.3,None,0.0,None,0.92,High
LOG-05527,2023-03-22,EQ-047,,2020-08-12,FARM-03,OP-033,Emily Garcia,18.0,FLD-015,West Field,216.02,5.2,29.2,None,0.0,None,0.54,Medium
LOG-03798,2024-09-21,EQ-029,Sprayer,2019-07-02,FARM-05,OP-014,John Hernandez,18.0,FLD-017,East Field,311.6,9.2,68.2,None,0.0,None,0.87,High
LOG-03369,2023-02-13,EQ-100,Planter,2022-05-16,FARM-10,OP-005,Daniel Garcia,3.0,FLD-001,Sunny Field,222.94,4.5,20.7,None,0.0,None,0.74,High
LOG-03368,2022-04-25,EQ-012,Tractor,2016-01-15,FARM-07,OP-044,James Miller,11.0,FLD-020,West Field,220.65,6.6,47.0,None,0.0,None,0.08,Low
LOG-03534,"March 10, 2024",EQ-019,Sprayer,2015-11-23,FARM-04,OP-033,Emily Garcia,18.0,FLD-017,East Field,311.6,5.7,33.7,Routine,233.07,None,0.14,Low
LOG-06134,2024-07-18,EQ-016,Sprayer,,FARM-10,OP-024,William Gonzalez,5.0,FLD-016,Valley Field,341.89,2.4,14.2,,0.0,None,0.49,Medium
LOG-05110,2023-07-14,EQ-002,Harvester,2017-07-03,FARM-03,OP-037,John Williams,11.0,FLD-012,River Field,258.49,11.2,82.4,None,0.0,None,0.77,High
LOG-03450,2022-11-24,EQ-094,,2015-08-21,FARM-09,OP-034,Grace Martinez,5.0,FLD-005,North Field,357.3,8.3,30.5,None,0.0,None,0.41,Medium
LOG-00604,2023-10-09,EQ-066,Tractor,2015-10-18,FARM-01,OP-046,Michael Garcia,17.0,FLD-004,Sunny Field,103.14,6.3,37.7,Routine,338.37,None,0.96,
LOG-03057,2024-01-30,EQ-029,Sprayer,2019-07-02,FARM-05,OP-016,David Jones,4.0,FLD-013,Valley Field,169.83,2.8,20.7,None,0.0,None,0.94,High
LOG-06086,2022-06-14,EQ-087,Tractor,2019-05-19,FARM-05,OP-019,James Lopez,11.0,FLD-004,Sunny Field,103.14,11.0,64.1,None,0.0,None,0.57,Medium
LOG-00127,2023-01-06,EQ-049,Harvstr,2016-09-18,FARM-06,OP-010,Robert Anderson,8.0,FLD-006,North Field,264.76,10.1,69.2,None,,None,0.17,Low
LOG-03877,2022-10-02,EQ-045,Tractor,2018-04-17,FARM-07,OP-040,Charles Wilson,2.0,,Valley Field,341.89,1.1,800.0,None,0.0,None,0.82,High
LOG-02936,2024-05-03,EQ-085,Planter,2017-05-25,FARM-07,OP-014,John Hernandez,18.0,FLD-005,North Field,357.3,9.5,49.2,None,,None,0.14,Low
LOG-05444,2023-11-05,EQ-094,Harvstr,2015-08-21,FARM-09,OP-016,David Jones,4.0,FLD-019,North Field,158.9,7.7,34.4,None,0.0,None,0.45,Medium
LOG-04452,2022-06-30,EQ-064,Tractor,2018-10-16,FARM-01,OP-046,Michael Garcia,17.0,FLD-017,East Field,311.6,7.4,54.9,None,0.0,None,0.45,
LOG-03532,"November 11, 2022",EQ-081,Harvester,2015-11-05,FARM-08,OP-028,Alice Wilson,12.0,FLD-012,River Field,258.49,5.3,16.6,Inspection,1282.21,None,0.19,Low
LOG-02731,2022-12-07,EQ-043,Tractor,2022-08-18,FARM-02,OP-011,,6.0,FLD-015,West Field,,7.1,32.1,None,0.0,None,0.59,Medium
LOG-00828,2024-09-22,EQ-023,Harvester,2022-07-08,FARM-05,OP-042,,,FLD-002,Hill Field,223.83,9.6,31.5,None,,None,0.32,Medium
LOG-01640,2022-12-29,EQ-020,Tractor,2019-04-06,FARM-05,OP-039,Michael Williams,4.0,FLD-012,River Field,258.49,,70.5,None,0.0,None,0.18,Low
LOG-00985,2024-08-28,EQ-062,Planter,2020-10-20,FARM-08,OP-046,Michael Garcia,17.0,FLD-016,Valley Field,341.89,4.0,20.0,None,0.0,None,0.58,Medium
LOG-03282,2024-09-01,EQ-018,Tractor,2015-07-07,FARM-04,OP-006,John Davis,20.0,FLD-011,South Field,362.68,5.1,26.1,,0.0,None,0.86,High
LOG-02335,2022-09-25,EQ-092,Tractr,2015-07-25,FARM-10,OP-013,Laura Martinez,17.0,FLD-002,Hill Field,223.83,6.5,33.1,None,0.0,None,0.41,Medium
LOG-02189,2023/06/29,EQ-065,Harvester,2021-08-07,FARM-04,,John Williams,11.0,FLD-008,West Field,188.47,6.9,39.1,None,0.0,None,0.61,Medium
LOG-06442,2024-04-30,EQ-031,Sprayer,2017-05-20,FARM-08,OP-007,Emily Johnson,18.0,FLD-017,East Field,311.6,5.9,42.2,None,0.0,None,0.46,
LOG-02444,2023-06-04,,Tractor,2022-08-03,FARM-09,OP-015,Laura Anderson,4.0,FLD-007,Golden Field,346.56,5.5,28.6,None,0.0,None,0.13,Low
LOG-00363,2022-07-27,EQ-056,Tractor,2023-07-13,FARM-09,OP-011,Sophia Jones,6.0,FLD-002,Hill Field,223.83,4.6,36.2,None,0.0,None,0.55,Medium
LOG-02350,2022-07-20,EQ-077,Sprayer,2023-12-24,FARM-02,OP-044,James Miller,11.0,FLD-020,,220.65,9.1,69.6,Repair,398.15,Engine,0.9,High
LOG-00346,,EQ-013,Tractor,2019-01-10,FARM-06,OP-016,David Jones,4.0,FLD-008,West Field,188.47,6.9,48.0,,0.0,None,0.76,High
LOG-00815,2024-05-12,EQ-055,Tractor,2015-12-17,FARM-08,OP-037,,11.0,FLD-017,East Field,311.6,3.9,25.3,None,0.0,,0.98,High
LOG-04808,2023-07-07,EQ-057,Harvester,2016-06-09,FARM-08,OP-021,Chloe Jones,2.0,FLD-015,West Field,216.02,1.4,7.7,None,0.0,None,0.19,Low
LOG-03206,,EQ-057,Harvester,2016-06-09,FARM-08,OP-006,John Davis,20.0,FLD-005,North Field,357.3,1.5,5.6,None,0.0,None,0.15,Low
LOG-05811,2024-11-03,EQ-088,,2018-03-14,FARM-07,OP-006,John Davis,20.0,FLD-006,North Field,264.76,10.0,41.8,None,0.0,None,0.52,Medium
LOG-06705,2023-06-25,EQ-017,Sprayer,2021-06-22,FARM-04,OP-008,James Rodriguez,9.0,FLD-010,Hill Field,315.35,4.5,33.9,Repair,986.7,Engine,0.33,Medium
LOG-03326,2024-03-23,EQ-030,Tractor,2017-05-14,FARM-10,OP-008,James Rodriguez,9.0,FLD-020,West Field,220.65,11.9,7959.999999999999,None,0.0,None,0.91,High
LOG-04107,2023-08-28,EQ-064,Tractr,2018-10-16,FARM-01,OP-048,William Smith,4.0,FLD-016,,341.89,1.5,5.0,None,0.0,None,,High
LOG-06257,2024-09-25,EQ-080,Harvester,2018-02-14,FARM-08,OP-019,James Lopez,11.0,FLD-001,Sunny Field,222.94,2.9,20.3,None,0.0,None,0.94,High
LOG-02117,2022-12-24,EQ-057,Harvester,2016-06-09,FARM-08,OP-001,William Anderson,9.0,FLD-006,North Field,264.76,5.8,22.1,None,0.0,None,0.66,Medium
LOG-01835,2022-10-18,EQ-058,Harvester,2017-12-21,FARM-09,OP-010,Robert Anderson,8.0,FLD-010,Hill Field,315.35,10.4,45.7,None,0.0,None,0.23,Low
LOG-00794,"June 19, 2024",EQ-090,Sprayer,2017-06-10,FARM-01,OP-038,Grace Gonzalez,8.0,FLD-006,North Field,264.76,8.4,29.7,None,0.0,None,0.97,High
LOG-05972,2022-04-20,EQ-007,Tractor,2021-04-17,FARM-04,OP-044,James Miller,11.0,FLD-020,West Field,220.65,7.0,22.5,None,0.0,None,0.19,Low
LOG-02675,2023-11-05,EQ-082,Tractor,2015-07-27,FARM-09,OP-030,Alice Jones,12.0,FLD-017,East Field,311.6,10.5,79.9,None,0.0,None,0.09,Low
LOG-00095,2023-10-03,EQ-052,Planter,2015-03-21,FARM-02,OP-027,Emily Johnson,5.0,FLD-004,Sunny Field,103.14,5.7,36.1,None,0.0,None,0.16,Low
LOG-04226,2023-07-31,EQ-098,Harvester,2021-06-29,FARM-10,OP-019,James Lopez,11.0,FLD-017,East Field,311.6,7.4,26.5,None,0.0,None,0.33,Medium
LOG-03757,2024-01-06,EQ-074,Sprayer,2019-10-01,FARM-07,OP-013,Laura Martinez,17.0,FLD-020,West Field,220.65,11.7,85.0,None,0.0,None,0.35,Medium
LOG-02892,2023-03-20,EQ-076,Tractor,2015-09-06,,OP-008,James Rodriguez,9.0,FLD-001,Sunny Field,222.94,7.5,44.7,None,0.0,None,0.07,Low
LOG-02372,2022-09-28,EQ-057,Harvester,2016-06-09,FARM-08,OP-030,Alice Jones,12.0,FLD-015,West Field,216.02,7.4,37.0,None,0.0,,0.19,Low
LOG-01808,2023-05-31,EQ-067,Harvester,2015-10-04,FARM-01,OP-040,Charles Wilson,2.0,FLD-003,Golden Field,66.67,7.9,60.6,None,0.0,None,0.59,Medium
LOG-06197,03-08-2022,EQ-045,Tractor,2018-04-17,FARM-07,OP-040,Charles Wilson,2.0,FLD-017,East Field,311.6,7.9,50.0,None,0.0,None,0.66,Medium
LOG-03229,2024-12-14,EQ-069,Harvester,2018-02-14,FARM-08,OP-003,Sarah Jones,13.0,FLD-006,North Field,264.76,8.1,62.7,None,0.0,None,0.94,High
LOG-06235,2024-07-15,EQ-083,Tractor,2016-01-18,FARM-04,OP-025,Michael Williams,15.0,FLD-015,West Field,216.02,4.4,28.4,None,0.0,None,0.69,Medium
LOG-02854,2022-07-29,EQ-055,Tractor,,FARM-08,OP-028,Alice Wilson,12.0,FLD-020,West Field,220.65,,33.6,None,0.0,None,0.4,Medium
LOG-06473,2023-11-20,EQ-075,Plntr,2023-03-06,FARM-01,OP-019,James Lopez,11.0,FLD-016,Valley Field,341.89,2.5,13.9,None,0.0,None,0.8,High
LOG-02913,2023/06/28,EQ-061,Planter,2022-07-14,FARM-06,OP-047,Charles Hernandez,18.0,FLD-003,Golden Field,66.67,3.7,11.2,None,0.0,None,0.56,Medium
LOG-01866,2024-01-14,EQ-090,Sprayer,,FARM-01,OP-035,Sarah Wilson,6.0,FLD-017,East Field,311.6,5.5,27.5,,0.0,None,0.3,Medium
LOG-05755,2024-02-24,EQ-064,Tractor,2018-10-16,FARM-01,OP-019,James Lopez,11.0,FLD-003,Golden Field,66.67,10.6,69.5,None,0.0,None,0.94,High
LOG-04613,22-09-2024,,Planter,2022-03-18,FARM-08,OP-007,Emily Johnson,18.0,FLD-015,West Field,216.02,8.0,40.0,None,0.0,,0.69,Medium
LOG-01858,"January 25, 2022",EQ-006,Harvester,2017-08-10,FARM-09,OP-003,Sarah Jones,13.0,FLD-010,Hill Field,315.35,11.5,45.7,None,,,0.42,Medium
LOG-02646,2022-12-21,EQ-005,Tractor,2015-05-03,FARM-02,OP-004,David Hernandez,10.0,FLD-015,West Field,216.02,3.4,14.7,None,0.0,None,0.06,Low
LOG-02244,2022-11-18,EQ-064,Tractor,2018-10-16,FARM-01,OP-002,James Hernandez,11.0,FLD-013,Valley Field,169.83,11.4,66.5,None,0.0,None,0.52,Medium
LOG-05374,2022-06-22,EQ-045,Tractor,2018-04-17,FARM-07,OP-044,James Miller,11.0,FLD-007,Golden Field,346.56,8.2,61.5,None,,,0.69,Medium
LOG-02337,2024-03-25,EQ-059,Planter,2017-05-17,FARM-09,OP-030,Alice Jones,12.0,FLD-012,River Field,258.49,10.9,37.9,None,0.0,None,0.14,Low
LOG-00951,2022-08-16,EQ-026,Planter,2018-01-10,FARM-09,OP-041,Chloe Brown,7.0,FLD-013,Valley Field,169.83,10.6,62.0,None,0.0,None,0.55,Medium
LOG-03069,2024-06-24,EQ-026,Planter,,FARM-09,OP-038,Grace Gonzalez,8.0,FLD-010,Hill Field,,5.4,24.9,None,0.0,None,0.15,Low
LOG-01121,2023-11-04,EQ-001,Tractor,2015-04-13,FARM-05,OP-040,Charles Wilson,2.0,FLD-015,West Field,216.02,4.3,15.2,None,0.0,None,0.72,High
LOG-02598,13-04-2024,EQ-050,Harvester,,FARM-09,OP-017,Emily Lopez,18.0,FLD-019,North Field,158.9,3.3,12.8,Routine,769.21,None,0.3,Medium
LOG-02205,2022-04-02,EQ-047,Sprayer,2020-08-12,FARM-03,OP-016,David Jones,4.0,FLD-013,Valley Field,169.83,4.9,16.4,Routine,1040.01,None,0.07,Low
LOG-00420,2023-07-04,EQ-043,Tractor,2022-08-18,,OP-023,Michael Smith,1.0,FLD-015,West Field,216.02,10.7,37.1,None,0.0,None,0.19,Low
LOG-00923,10-01-2023,EQ-040,Planter,2021-09-08,FARM-02,OP-019,James Lopez,11.0,FLD-007,Golden Field,346.56,10.0,54.4,Repair,555.54,Blade,0.05,Low
LOG-01255,,EQ-003,,,FARM-09,OP-005,Daniel Garcia,3.0,FLD-016,Valley Field,341.89,10.1,51.3,None,0.0,None,0.32,Medium
LOG-00478,2022-06-17,EQ-023,Harvester,2022-07-08,FARM-05,OP-042,Daniel Garcia,10.0,FLD-020,West Field,220.65,10.3,75.1,Repair,831.0,Engine,0.73,High
LOG-02036,"June 14, 2022",EQ-008,Planter,2017-06-21,FARM-08,OP-040,Charles Wilson,2.0,FLD-009,South Field,474.95,4.2,25.3,None,0.0,None,0.32,Medium
LOG-06438,2023-12-09,EQ-043,Tractor,2022-08-18,FARM-02,OP-045,Michael Wilson,3.0,FLD-015,West Field,216.02,7.8,61.3,Routine,1326.2,None,0.3,Medium
LOG-05789,2024-03-25,EQ-090,Sprayer,2017-06-10,FARM-01,OP-047,Charles Hernandez,18.0,FLD-014,River Field,281.66,1.6,11.4,None,0.0,None,0.04,Low
LOG-05743,2023-03-05,EQ-082,Tractor,2015-07-27,FARM-09,OP-030,Alice Jones,12.0,FLD-001,,222.94,11.0,57.6,None,0.0,None,,High
LOG-05568,"March 02, 2022",EQ-029,Sprayer,2019-07-02,FARM-05,OP-043,Sarah Brown,1.0,FLD-005,North Field,357.3,7.5,39.1,Routine,1303.96,None,0.58,Medium
LOG-01203,2024-08-04,EQ-010,Planter,2018-10-25,FARM-05,OP-015,Laura Anderson,4.0,FLD-013,Valley Field,169.83,8.4,39.9,None,0.0,None,0.53,Medium
LOG-02627,2024-07-17,EQ-038,Planter,2016-01-08,FARM-01,OP-048,William Smith,,FLD-013,Valley Field,169.83,3.6,12.8,,798.43,None,0.57,Medium
LOG-05766,2022-01-10,EQ-028,Tractor,2017-07-27,FARM-01,OP-050,,4.0,FLD-002,Hill Field,,4.2,30.2,Inspection,1321.62,None,0.03,Low
LOG-06734,2024-12-17,EQ-031,Sprayer,,FARM-08,OP-037,John Williams,11.0,FLD-013,Valley Field,169.83,8.2,55.4,Inspection,1200.56,None,0.94,High
LOG-01971,2022-12-26,EQ-099,Tractor,2021-12-11,FARM-02,OP-005,Daniel Garcia,3.0,FLD-005,North Field,357.3,10.1,44.9,None,0.0,None,0.05,Low
LOG-03111,2022-09-26,EQ-083,Tractor,2016-01-18,FARM-04,OP-034,Grace Martinez,5.0,FLD-019,North Field,158.9,11.2,34.0,None,0.0,None,0.29,Low
LOG-04019,2024-06-14,,,2019-04-06,FARM-05,OP-004,David Hernandez,10.0,FLD-006,North Field,264.76,11.7,58.3,None,0.0,None,0.23,Low
LOG-02152,2024-07-06,EQ-067,Harvester,2015-10-04,FARM-01,OP-007,Emily Johnson,18.0,FLD-012,River Field,258.49,2.2,13.1,None,0.0,None,0.12,Low
LOG-03688,2023-03-22,EQ-070,Harvester,2021-01-17,,OP-008,James Rodriguez,9.0,FLD-006,North Field,264.76,7.4,40.2,None,0.0,None,0.77,High
LOG-04917,2023-10-15,,Tractor,2017-05-14,FARM-10,OP-037,John Williams,11.0,FLD-003,Golden Field,66.67,6.6,52.7,None,0.0,None,0.48,Medium
LOG-01998,2022-08-18,EQ-043,Tractor,2022-08-18,FARM-02,OP-050,Michael Smith,,FLD-014,River Field,281.66,7.0,50.3,None,0.0,None,0.02,Low
LOG-04034,"August 29, 2023",EQ-084,Harvester,2019-07-23,FARM-08,OP-041,Chloe Brown,7.0,FLD-013,Valley Field,169.83,5.1,33.3,None,,None,0.72,High
LOG-02254,2024-03-15,EQ-012,Tractor,2016-01-15,,OP-005,Daniel Garcia,3.0,,Sunny Field,222.94,,49.9,Routine,180.93,None,0.83,High
LOG-03055,2024-09-26,EQ-073,Tractor,2022-05-23,FARM-07,OP-005,Daniel Garcia,3.0,FLD-009,South Field,474.95,9.4,46.5,Inspection,1191.92,None,0.86,High
LOG-01249,2023-11-05,EQ-041,Plntr,2019-04-13,FARM-10,OP-045,Michael Wilson,3.0,FLD-001,Sunny Field,222.94,3.4,19.8,None,0.0,None,0.24,Low
LOG-02193,2022-08-10,EQ-027,Harvester,2022-09-05,FARM-06,OP-046,,17.0,FLD-014,River Field,281.66,3.6,19.4,None,0.0,None,0.01,Low
LOG-02713,2023/10/06,EQ-033,,2017-12-20,FARM-03,OP-050,Michael Smith,4.0,FLD-001,Sunny Field,222.94,3.1,19.5,None,0.0,None,0.45,Medium
LOG-00993,18-01-2022,EQ-095,Tractor,2017-01-31,FARM-02,OP-035,Sarah Wilson,6.0,FLD-009,South Field,474.95,9.5,41.9,None,0.0,None,0.99,High
LOG-02191,2022-02-15,EQ-074,Sprayr,2019-10-01,FARM-07,OP-005,Daniel Garcia,3.0,FLD-014,River Field,281.66,7.9,26.2,None,0.0,None,0.22,Low
LOG-04671,2024-02-13,EQ-050,Harvester,2021-01-18,FARM-09,OP-008,James Rodriguez,9.0,FLD-001,Sunny Field,222.94,9.9,59.1,None,0.0,None,0.74,High
LOG-05143,2023-05-25,EQ-015,Tractor,2019-03-31,FARM-02,OP-019,James Lopez,11.0,FLD-019,North Field,158.9,7.1,55.1,None,0.0,None,0.49,Medium
LOG-03763,2023/04/03,EQ-018,Tractor,2015-07-07,,OP-033,Emily Garcia,18.0,FLD-015,West Field,216.02,11.6,83.4,Inspection,210.41,None,0.88,High
LOG-03598,2022-11-19,EQ-090,Sprayer,2017-06-10,FARM-01,OP-005,Daniel Garcia,3.0,FLD-009,South Field,474.95,9.9,57.8,None,0.0,None,0.18,Low
LOG-04712,2024-02-13,EQ-044,Sprayer,2023-08-15,FARM-06,,,19.0,FLD-015,West Field,216.02,4.4,20.9,None,0.0,None,0.88,High
LOG-01319,2023-05-28,EQ-054,,2017-09-13,FARM-10,OP-005,Daniel Garcia,3.0,FLD-002,Hill Field,223.83,2.3,16.6,Routine,1156.86,None,0.6,Medium
LOG-01864,2022-04-16,EQ-039,Tractor,2016-09-18,FARM-03,OP-032,James Hernandez,8.0,FLD-013,,169.83,11.5,51.8,None,0.0,None,0.11,Low
LOG-02344,2024-01-11,EQ-066,Tractor,2015-10-18,FARM-01,OP-026,Grace Rodriguez,1.0,FLD-012,River Field,258.49,1.7,10.0,None,0.0,None,0.78,High
LOG-02450,2024-04-27,EQ-048,Tractor,,FARM-05,OP-004,David Hernandez,10.0,FLD-015,West Field,216.02,11.1,47.7,None,0.0,None,,Medium
LOG-02137,2022-11-04,EQ-086,Tractor,2016-11-05,FARM-07,OP-021,Chloe Jones,2.0,FLD-005,North Field,357.3,7.6,37.1,Routine,1243.7,None,0.2,Low
LOG-01066,2022-08-25,EQ-060,Harvstr,2022-12-30,FARM-05,OP-011,Sophia Jones,6.0,FLD-015,West Field,216.02,6.3,35.9,None,0.0,None,0.18,Low
LOG-05323,"November 03, 2022",EQ-065,Harvester,2021-08-07,FARM-04,OP-022,Robert Hernandez,14.0,FLD-013,Valley Field,169.83,4.5,21.4,None,0.0,None,,Low
LOG-04228,"April 25, 2024",EQ-043,Tractor,2022-08-18,FARM-02,OP-002,James Hernandez,11.0,FLD-015,West Field,216.02,7.6,36.5,None,0.0,None,0.6,Medium
LOG-02622,15-03-2024,EQ-068,Sprayer,2015-10-18,FARM-09,OP-050,Michael Smith,4.0,FLD-007,Golden Field,346.56,7.7,51.2,Repair,336.2,Engine,0.97,High
LOG-00078,2023-03-30,EQ-072,Planter,2017-02-18,FARM-02,OP-021,Chloe Jones,2.0,FLD-020,West Field,220.65,8.1,50.0,None,0.0,None,,High
LOG-02899,2023-12-19,EQ-077,Sprayer,2023-12-24,FARM-02,OP-025,Michael Williams,15.0,FLD-012,River Field,258.49,6.8,30.0,,,,0.29,Low
LOG-04821,2024-12-22,EQ-041,Planter,2019-04-13,FARM-10,OP-022,Robert Hernandez,14.0,FLD-016,Valley Field,341.89,11.3,69.9,None,0.0,None,0.53,Medium
LOG-01315,"August 24, 2024",EQ-083,Tractr,2016-01-18,FARM-04,OP-031,Alice Anderson,12.0,FLD-013,Valley Field,169.83,7.7,,None,0.0,,0.51,Medium
LOG-06105,2022-05-04,EQ-039,Tractor,2016-09-18,FARM-03,OP-034,Grace Martinez,5.0,FLD-003,Golden Field,66.67,1.0,3.3,None,0.0,None,0.22,Low
LOG-00873,2024-12-15,EQ-092,Tractr,2015-07-25,FARM-10,OP-010,Robert Anderson,8.0,FLD-016,Valley Field,341.89,7.9,44.4,None,0.0,None,0.44,Medium
LOG-03851,2022-02-06,EQ-035,Sprayr,2023-05-18,,OP-006,John Davis,20.0,FLD-013,,169.83,1.9,11.4,None,0.0,None,0.56,Medium
LOG-05469,2024-02-09,EQ-015,Tractor,2019-03-31,FARM-02,OP-038,Grace Gonzalez,,FLD-019,North Field,158.9,8.3,38.0,None,0.0,None,0.96,High
LOG-06689,2023/10/16,EQ-078,Harvester,2017-02-23,FARM-04,OP-040,Charles Wilson,2.0,FLD-007,Golden Field,346.56,11.2,50.4,None,0.0,None,0.56,Medium
LOG-02966,26-12-2023,EQ-006,Harvester,2017-08-10,FARM-09,OP-015,Laura Anderson,4.0,FLD-003,Golden Field,66.67,11.0,66.0,None,0.0,None,0.34,Medium
LOG-03392,2022-10-05,EQ-044,Sprayer,2023-08-15,FARM-06,OP-020,James Hernandez,9.0,FLD-002,Hill Field,223.83,10.1,,None,0.0,None,0.18,Low
LOG-05416,2024/06/07,EQ-082,Tractor,2015-07-27,FARM-09,OP-003,Sarah Jones,13.0,FLD-019,North Field,158.9,1.8,10.8,Routine,1365.26,None,0.09,Low
LOG-02561,2022-08-22,EQ-065,Harvester,2021-08-07,FARM-04,OP-022,Robert Hernandez,14.0,FLD-014,River Field,281.66,9.5,56.0,None,0.0,None,0.98,High
LOG-04249,2023-03-21,EQ-091,Tractor,2023-05-22,FARM-06,OP-013,Laura Martinez,17.0,FLD-008,West Field,188.47,11.3,58.4,None,0.0,None,0.05,Low
LOG-02636,2022-01-25,EQ-003,Tractor,2022-08-03,FARM-09,,Laura Martinez,17.0,FLD-009,South Field,474.95,1.8,7.2,None,0.0,None,0.28,Low
LOG-05257,2022-06-30,EQ-024,Tractor,2021-10-31,FARM-03,OP-033,Emily Garcia,18.0,FLD-003,Golden Field,66.67,10.4,72.5,None,0.0,None,0.63,Medium
LOG-03531,16-04-2022,EQ-003,Tractor,2022-08-03,FARM-09,OP-013,Laura Martinez,17.0,FLD-001,Sunny Field,222.94,11.1,70.7,None,0.0,None,0.37,Medium
LOG-00376,2022-11-03,,,2017-09-13,FARM-10,OP-008,James Rodriguez,9.0,FLD-014,River Field,281.66,,15.4,None,0.0,None,0.93,High
LOG-01909,2022-06-24,EQ-001,Tractor,2015-04-13,FARM-05,OP-021,Chloe Jones,2.0,FLD-015,West Field,216.02,2.5,8.7,None,0.0,None,0.76,High
LOG-04430,2023-04-18,EQ-060,Harvester,2022-12-30,FARM-05,OP-050,,4.0,FLD-001,Sunny Field,222.94,3.7,17.1,None,0.0,None,0.69,Medium
LOG-06721,2022-06-22,EQ-089,Planter,2016-09-26,FARM-04,OP-026,Grace Rodriguez,1.0,FLD-012,River Field,258.49,4.4,26.7,None,0.0,None,0.21,Low
LOG-06114,2024-02-04,EQ-074,Sprayer,2019-10-01,FARM-07,OP-033,Emily Garcia,18.0,FLD-003,Golden Field,66.67,4.7,16.2,None,0.0,None,0.36,Medium
LOG-04028,2024-08-23,,Tractr,2015-05-03,FARM-02,OP-015,Laura Anderson,4.0,FLD-008,West Field,188.47,10.1,67.3,None,0.0,None,0.06,Low
LOG-01605,09-02-2024,EQ-100,,2022-05-16,FARM-10,OP-046,Michael Garcia,17.0,FLD-016,Valley Field,,7.7,56.6,None,0.0,None,0.05,Low
LOG-01119,2023-09-05,EQ-099,Tractor,2021-12-11,FARM-02,OP-008,James Rodriguez,9.0,FLD-010,Hill Field,315.35,6.3,27.2,Routine,965.21,None,0.4,Medium
LOG-03678,2024-04-02,EQ-027,Harvester,2022-09-05,FARM-06,OP-037,John Williams,11.0,,Valley Field,341.89,7.9,33.1,None,0.0,None,0.14,Low
LOG-03491,2024-03-28,EQ-031,Sprayer,2017-05-20,FARM-08,OP-024,William Gonzalez,5.0,FLD-017,East Field,311.6,5.4,36.4,Repair,551.58,Engine,0.28,Low
LOG-03939,2022-01-17,EQ-042,Planter,2020-12-07,FARM-05,OP-020,James Hernandez,9.0,FLD-014,River Field,281.66,1.9,14.3,Routine,1451.48,None,0.12,Low
LOG-02959,2022-05-22,EQ-004,Tractor,2021-08-15,FARM-07,OP-039,Michael Williams,4.0,FLD-009,South Field,474.95,3.3,20.9,Routine,1166.73,None,0.64,Medium
LOG-01995,2022-06-21,EQ-005,Tractor,2015-05-03,FARM-02,OP-047,Charles Hernandez,18.0,FLD-003,Golden Field,66.67,11.1,67.3,None,0.0,None,0.75,High
LOG-06788,2022-06-06,EQ-041,Planter,2019-04-13,FARM-10,OP-031,Alice Anderson,12.0,FLD-010,Hill Field,315.35,1.4,7.5,None,0.0,None,0.18,Low
LOG-06079,2024-02-28,EQ-095,Tractor,2017-01-31,FARM-02,OP-027,Emily Johnson,5.0,FLD-001,Sunny Field,222.94,4.2,25.4,None,0.0,None,0.84,High
LOG-02377,2024-03-26,EQ-089,Planter,2016-09-26,FARM-04,OP-008,James Rodriguez,9.0,FLD-007,Golden Field,346.56,6.8,41.7,Routine,1490.51,None,0.9,High
LOG-06404,2023-01-11,EQ-088,Planter,2018-03-14,FARM-07,OP-021,Chloe Jones,2.0,FLD-009,South Field,474.95,3.8,13.2,Routine,1124.93,None,0.22,Low
LOG-01343,2022-09-09,EQ-095,Tractor,2017-01-31,FARM-02,OP-036,Jessica Anderson,14.0,,Golden Field,346.56,5.1,36.1,Repair,1467.97,Hydraulics,0.44,Medium
LOG-00321,2023-10-22,EQ-084,Harvester,2019-07-23,FARM-08,OP-027,Emily Johnson,5.0,FLD-008,West Field,188.47,3.7,28.0,None,0.0,None,0.82,
LOG-01620,2024-06-20,EQ-029,Sprayer,2019-07-02,FARM-05,OP-016,David Jones,4.0,FLD-008,West Field,188.47,8.1,33.0,Routine,403.34,,0.03,Low
LOG-03714,2023-10-04,EQ-029,Sprayer,2019-07-02,FARM-05,OP-042,Daniel Garcia,10.0,FLD-016,Valley Field,,7.3,33.2,Inspection,342.88,None,0.98,High
LOG-06401,2023/08/18,EQ-051,Tractor,2021-09-19,FARM-06,OP-003,Sarah Jones,13.0,FLD-007,Golden Field,346.56,10.4,73.0,None,0.0,,0.9,High
LOG-02061,2023/04/27,EQ-069,Harvester,2018-02-14,FARM-08,OP-050,Michael Smith,4.0,FLD-009,South Field,474.95,5.7,34.5,None,0.0,None,0.55,Medium
LOG-02220,2024-01-04,EQ-026,Planter,2018-01-10,FARM-09,OP-006,John Davis,20.0,FLD-006,North Field,264.76,5.9,40.9,Routine,1212.78,None,0.45,Medium
LOG-01674,2023-04-04,EQ-059,Planter,2017-05-17,FARM-09,OP-035,Sarah Wilson,6.0,FLD-012,River Field,258.49,2.6,16.1,Inspection,1452.69,None,0.99,High
LOG-00261,2023-05-12,EQ-095,Tractor,,FARM-02,,Michael Wilson,3.0,FLD-016,Valley Field,341.89,4.6,20.2,None,0.0,None,0.37,Medium
LOG-06291,2023-03-16,EQ-015,Tractor,,FARM-02,OP-010,Robert Anderson,8.0,FLD-014,,281.66,6.1,37.9,None,0.0,None,0.61,
LOG-02040,2022-10-08,EQ-098,Harvester,2021-06-29,FARM-10,OP-027,Emily Johnson,,FLD-005,North Field,357.3,4.8,27.7,Routine,1315.05,None,0.72,High
LOG-04786,2024-10-11,EQ-071,Planter,2017-09-22,FARM-08,,Daniel Garcia,10.0,FLD-018,River Field,208.98,9.2,38.7,None,0.0,None,0.75,High
LOG-00902,2022-11-07,EQ-047,Sprayer,2020-08-12,FARM-03,OP-041,Chloe Brown,7.0,FLD-008,West Field,188.47,9.3,52.5,None,0.0,None,0.15,
LOG-03745,2022-05-19,EQ-019,Sprayer,2015-11-23,FARM-04,OP-015,Laura Anderson,4.0,FLD-019,North Field,158.9,8.8,,None,0.0,None,0.97,High
LOG-02027,19-10-2022,EQ-053,Sprayer,2018-06-13,FARM-04,OP-043,Sarah Brown,1.0,FLD-004,Sunny Field,103.14,10.9,63.6,None,0.0,None,0.04,
LOG-04235,2022-11-12,EQ-085,Planter,2017-05-25,FARM-07,OP-032,James Hernandez,8.0,FLD-004,Sunny Field,103.14,-4.6,27.3,None,0.0,None,0.04,Low
LOG-01918,2023-07-06,EQ-054,Tractr,2017-09-13,FARM-10,OP-006,John Davis,20.0,FLD-011,South Field,362.68,9.2,33.9,Routine,1419.81,None,0.01,Low
LOG-01829,2023-12-25,EQ-027,Harvester,2022-09-05,FARM-06,OP-014,John Hernandez,18.0,FLD-011,South Field,362.68,5.5,23.3,None,0.0,None,0.24,Low
LOG-01574,2022-05-16,EQ-029,Sprayer,2019-07-02,FARM-05,OP-006,John Davis,20.0,FLD-014,River Field,281.66,2.2,11.8,None,0.0,None,0.85,High
LOG-04416,2023-05-23,EQ-094,Harvester,2015-08-21,FARM-09,OP-044,James Miller,11.0,FLD-002,Hill Field,223.83,7.9,55.1,None,0.0,None,0.48,Medium
LOG-04750,2022/12/22,EQ-001,Tractor,2015-04-13,FARM-05,OP-027,Emily Johnson,5.0,FLD-005,North Field,357.3,3.1,15.7,None,0.0,None,0.47,Medium
LOG-06135,"November 22, 2024",EQ-042,Planter,2020-12-07,FARM-05,OP-042,Daniel Garcia,10.0,FLD-012,River Field,258.49,5.4,21.1,None,0.0,None,0.22,Low
LOG-04655,2022-04-26,EQ-001,Tractor,2015-04-13,FARM-05,OP-025,Michael Williams,15.0,FLD-006,North Field,264.76,10.4,52.6,Inspection,441.75,None,0.07,Low
LOG-04209,2023/10/09,EQ-071,Planter,2017-09-22,FARM-08,OP-036,Jessica Anderson,14.0,FLD-019,North Field,158.9,12.0,71.3,Routine,1493.98,None,0.96,
LOG-04628,2023-11-24,EQ-039,Tractor,2016-09-18,FARM-03,OP-006,John Davis,20.0,FLD-016,Valley Field,341.89,3.3,24.0,None,0.0,None,,Medium
LOG-00225,2022-10-23,EQ-031,Sprayer,2017-05-20,FARM-08,OP-015,Laura Anderson,4.0,FLD-010,Hill Field,315.35,9.9,75.0,None,0.0,None,0.96,High
LOG-00724,2024/09/24,EQ-100,Planter,2022-05-16,FARM-10,OP-011,Sophia Jones,6.0,FLD-001,Sunny Field,222.94,1.9,5.8,None,0.0,None,0.7,High
LOG-06273,2022-01-13,EQ-052,Planter,2015-03-21,FARM-02,OP-037,John Williams,11.0,FLD-016,Valley Field,341.89,9.5,35.2,None,0.0,None,0.79,
LOG-01142,2022-07-22,EQ-025,Harvester,2016-10-31,FARM-08,OP-046,Michael Garcia,17.0,FLD-015,West Field,216.02,1.8,10.3,None,0.0,None,0.72,High
LOG-05530,2022-07-15,EQ-100,Planter,2022-05-16,FARM-10,OP-014,John Hernandez,18.0,FLD-010,Hill Field,315.35,10.1,74.5,None,0.0,None,0.44,Medium
LOG-05765,2024-09-16,EQ-080,Harvester,2018-02-14,FARM-08,OP-038,Grace Gonzalez,8.0,FLD-007,Golden Field,346.56,6.8,38.8,None,0.0,None,0.32,Medium
LOG-05555,2022-09-26,EQ-001,Tractor,2015-04-13,FARM-05,OP-014,John Hernandez,18.0,FLD-002,Hill Field,223.83,8.5,30.0,,815.35,None,0.45,Medium
LOG-06635,,EQ-035,Sprayer,2023-05-18,FARM-10,OP-032,James Hernandez,8.0,FLD-003,Golden Field,66.67,3.1,,None,0.0,None,0.09,Low
LOG-02763,2024-12-28,EQ-045,Tractor,2018-04-17,FARM-07,OP-001,William Anderson,9.0,FLD-004,Sunny Field,103.14,3.0,19.9,None,0.0,None,0.63,Medium
LOG-00847,2022-08-29,EQ-048,Tractor,2022-01-05,FARM-05,OP-011,Sophia Jones,6.0,FLD-019,North Field,158.9,1.2,6.8,None,0.0,None,0.92,High
LOG-04290,2022-02-04,EQ-030,Tractor,2017-05-14,FARM-10,OP-049,Michael Williams,19.0,FLD-008,West Field,188.47,7.9,38.3,None,0.0,None,0.73,High
LOG-05561,2022-06-03,EQ-070,Harvester,2021-01-17,FARM-03,OP-042,Daniel Garcia,10.0,FLD-001,Sunny Field,222.94,3.4,17.8,Routine,93.35,None,0.56,Medium
LOG-05043,2023-06-03,EQ-081,Harvester,2015-11-05,FARM-08,OP-040,Charles Wilson,2.0,FLD-018,River Field,208.98,11.6,50.1,None,0.0,None,0.6,Medium
LOG-02552,2022-12-02,EQ-088,Planter,2018-03-14,FARM-07,OP-046,Michael Garcia,17.0,FLD-011,South Field,362.68,2.0,6.8,None,0.0,None,0.66,Medium
LOG-05726,2022-06-30,EQ-060,Harvester,2022-12-30,FARM-05,OP-044,,11.0,FLD-009,South Field,474.95,6.5,43.4,Routine,1063.26,None,0.53,Medium
LOG-02929,2022-09-28,EQ-039,Tractor,2016-09-18,FARM-03,OP-047,Charles Hernandez,18.0,FLD-002,Hill Field,223.83,10.9,47.4,None,0.0,None,0.86,High
LOG-00118,2023-01-21,EQ-095,Tractr,2017-01-31,FARM-02,OP-003,Sarah Jones,13.0,FLD-015,West Field,216.02,4.5,24.2,Inspection,139.72,None,0.11,Low
LOG-00646,2023-11-18,EQ-081,Harvester,2015-11-05,FARM-08,OP-030,Alice Jones,12.0,FLD-018,River Field,208.98,6.1,43.1,None,0.0,None,,Low
LOG-00004,2024-04-28,EQ-099,Tractor,2021-12-11,FARM-02,,Daniel Garcia,3.0,FLD-015,West Field,216.02,10.7,62.9,None,0.0,None,0.39,Medium
LOG-04171,"January 10, 2022",EQ-024,Tractor,2021-10-31,FARM-03,OP-047,Charles Hernandez,18.0,FLD-014,River Field,281.66,10.0,59.3,None,0.0,None,0.41,
LOG-05852,2024-05-22,EQ-070,,2021-01-17,FARM-03,OP-024,William Gonzalez,5.0,FLD-001,Sunny Field,222.94,9.4,40.8,None,0.0,None,,Medium
LOG-00468,2022-11-17,EQ-085,Planter,2017-05-25,FARM-07,OP-002,,11.0,FLD-016,Valley Field,341.89,6.9,25.4,None,0.0,None,0.79,High
LOG-00006,2024-08-09,EQ-029,Sprayer,2019-07-02,FARM-05,OP-012,Daniel Wilson,18.0,FLD-017,East Field,311.6,1.6,6.8,None,0.0,None,0.46,Medium
LOG-05343,2022-07-29,EQ-007,Tractor,2021-04-17,FARM-04,OP-034,Grace Martinez,5.0,FLD-019,North Field,158.9,2.9,19.9,None,0.0,None,0.58,Medium
LOG-00920,2022-08-30,EQ-091,Tractor,2023-05-22,FARM-06,OP-033,Emily Garcia,18.0,FLD-017,East Field,311.6,8.6,45.4,Routine,277.42,None,0.56,Medium
LOG-02596,2022/05/02,EQ-071,Planter,2017-09-22,FARM-08,OP-042,Daniel Garcia,10.0,FLD-003,Golden Field,66.67,7.8,51.3,None,,None,0.95,High
LOG-04325,,EQ-073,Tractor,2022-05-23,FARM-07,OP-027,Emily Johnson,5.0,FLD-019,North Field,158.9,3.3,13.8,Routine,959.31,None,0.25,Low
LOG-01064,,EQ-061,Planter,2022-07-14,FARM-06,OP-043,Sarah Brown,1.0,FLD-004,Sunny Field,103.14,4.2,16.7,Repair,804.08,None,0.78,High
LOG-02591,2022-01-26,EQ-013,Tractor,2019-01-10,FARM-06,OP-015,Laura Anderson,4.0,FLD-001,Sunny Field,222.94,7.8,27.8,None,0.0,None,0.2,Low
LOG-00243,2024-04-10,EQ-098,Harvester,2021-06-29,FARM-10,OP-003,Sarah Jones,13.0,FLD-003,Golden Field,66.67,5.2,30.0,Routine,63.7,None,0.18,Low
LOG-06087,2024-11-16,EQ-081,Harvester,2015-11-05,FARM-08,OP-001,William Anderson,9.0,FLD-008,West Field,188.47,8.1,47.8,None,0.0,None,0.81,High
LOG-01161,2023/05/24,EQ-083,Tractor,2016-01-18,FARM-04,OP-003,Sarah Jones,13.0,FLD-005,North Field,357.3,9.5,41.2,None,0.0,None,0.6,Medium
LOG-02871,07-08-2023,EQ-061,Planter,2022-07-14,FARM-06,OP-001,William Anderson,9.0,FLD-002,Hill Field,223.83,,4.7,None,0.0,None,0.02,Low
LOG-03736,,EQ-012,Tractor,2016-01-15,FARM-07,OP-015,Laura Anderson,4.0,,Sunny Field,222.94,8.4,48.6,Repair,1157.48,None,0.85,High
LOG-06395,2023-04-07,EQ-027,Harvester,2022-09-05,FARM-06,OP-025,Michael Williams,15.0,FLD-011,South Field,362.68,,33.0,None,0.0,None,0.29,Low
LOG-02398,2024-01-25,EQ-023,Harvester,2022-07-08,FARM-05,OP-041,Chloe Brown,7.0,FLD-003,Golden Field,66.67,2.0,15.8,None,0.0,None,0.09,Low
LOG-03518,2023-06-06,EQ-082,Tractor,2015-07-27,FARM-09,OP-046,Michael Garcia,17.0,FLD-004,Sunny Field,103.14,9.0,49.2,None,0.0,None,0.72,High
LOG-03422,2022-10-29,EQ-053,Sprayer,2018-06-13,FARM-04,OP-026,Grace Rodriguez,1.0,FLD-013,Valley Field,169.83,8.8,27.1,None,0.0,None,0.14,Low
LOG-02564,2023-03-02,EQ-055,Tractr,2015-12-17,FARM-08,OP-028,Alice Wilson,12.0,,North Field,158.9,3.4,23.6,Routine,1252.14,None,0.32,Medium
LOG-05623,2023-10-02,EQ-030,Tractor,2017-05-14,FARM-10,OP-047,Charles Hernandez,18.0,FLD-012,River Field,258.49,2.3,16.4,None,0.0,None,0.35,
LOG-01606,2022-07-14,EQ-014,Sprayer,2015-06-27,FARM-08,OP-038,,8.0,FLD-004,Sunny Field,103.14,2.3,15.7,None,0.0,None,0.67,Medium
LOG-06747,2022-06-05,EQ-073,Tractor,2022-05-23,FARM-07,OP-008,,9.0,FLD-008,West Field,188.47,4.9,24.0,None,0.0,None,0.85,High
LOG-02325,2022-12-09,EQ-096,,2022-07-28,FARM-04,OP-030,,12.0,FLD-016,Valley Field,341.89,8.7,30.2,None,0.0,None,0.05,Low
LOG-02710,2023-04-24,EQ-067,Harvester,2015-10-04,FARM-01,OP-026,Grace Rodriguez,1.0,FLD-019,North Field,,2.9,18.8,None,0.0,None,0.77,High
LOG-06142,2022-09-02,EQ-095,,2017-01-31,FARM-02,OP-030,Alice Jones,12.0,FLD-004,Sunny Field,103.14,6.9,23.3,Routine,294.75,None,0.49,Medium
LOG-01313,2024-03-10,EQ-045,Tractor,2018-04-17,FARM-07,OP-046,Michael Garcia,17.0,FLD-017,East Field,311.6,,25.6,Inspection,1001.1,None,0.56,Medium
LOG-03449,2022-07-11,EQ-083,Tractor,2016-01-18,FARM-04,OP-025,Michael Williams,15.0,FLD-020,West Field,220.65,,9.0,None,0.0,None,0.84,High
LOG-03813,2022-03-30,EQ-017,,2021-06-22,FARM-04,OP-036,Jessica Anderson,14.0,FLD-011,South Field,362.68,9.0,37.1,None,0.0,,0.95,High
LOG-06503,2022-04-25,EQ-065,Harvester,2021-08-07,FARM-04,OP-025,Michael Williams,15.0,FLD-013,Valley Field,169.83,6.0,19.8,None,0.0,None,0.86,High
LOG-02363,2022-04-18,EQ-050,Harvstr,2021-01-18,FARM-09,OP-008,James Rodriguez,9.0,FLD-010,Hill Field,315.35,12.0,93.2,None,0.0,None,0.58,Medium
LOG-01976,2024-08-20,EQ-071,Planter,2017-09-22,FARM-08,OP-046,Michael Garcia,17.0,,Hill Field,223.83,1.6,6.5,None,,None,0.85,High
LOG-03515,,EQ-052,Planter,2015-03-21,FARM-02,OP-003,Sarah Jones,,FLD-005,North Field,357.3,9.5,41.0,None,0.0,None,0.77,High
LOG-01762,2022-04-01,EQ-053,Sprayer,2018-06-13,FARM-04,OP-012,Daniel Wilson,18.0,FLD-001,Sunny Field,222.94,8.2,63.9,None,,None,0.71,High
LOG-05402,2024-10-14,EQ-032,Planter,2022-03-18,FARM-08,OP-013,Laura Martinez,17.0,FLD-004,Sunny Field,103.14,11.7,44.4,None,0.0,None,0.8,High
LOG-02740,2023-01-30,EQ-080,Harvester,2018-02-14,FARM-08,OP-013,Laura Martinez,17.0,FLD-008,West Field,188.47,-10.6,47.4,None,0.0,None,0.91,High
LOG-05638,2023/05/16,EQ-053,Sprayer,2018-06-13,FARM-04,OP-004,David Hernandez,10.0,FLD-008,West Field,188.47,6.5,21.9,None,0.0,None,0.75,High
LOG-06512,2024-12-30,EQ-029,Sprayer,2019-07-02,FARM-05,OP-036,Jessica Anderson,14.0,FLD-004,Sunny Field,103.14,6.3,37.9,Routine,532.08,None,,Low
LOG-02473,2024-04-16,EQ-060,Harvester,2022-12-30,FARM-05,OP-043,Sarah Brown,1.0,FLD-005,,,2.9,17.7,None,0.0,None,0.76,High
LOG-04008,2024-04-23,EQ-079,Planter,2016-07-28,FARM-07,OP-027,Emily Johnson,5.0,FLD-013,Valley Field,169.83,9.0,33.7,None,0.0,None,0.9,High
LOG-04719,2022-11-18,EQ-065,,2021-08-07,,OP-031,Alice Anderson,12.0,FLD-014,River Field,281.66,2.2,16.9,None,0.0,None,0.95,High
LOG-01494,2023/03/24,EQ-016,Sprayer,2022-01-18,FARM-10,OP-007,Emily Johnson,18.0,FLD-013,Valley Field,169.83,3.3,11.7,None,0.0,None,0.86,High
LOG-04207,09-06-2023,EQ-032,Planter,2022-03-18,FARM-08,OP-043,Sarah Brown,1.0,FLD-013,Valley Field,169.83,3.7,28.6,None,0.0,None,0.74,High
LOG-02159,2022-11-01,EQ-056,Tractor,2023-07-13,FARM-09,OP-026,Grace Rodriguez,1.0,FLD-014,River Field,281.66,1.9,11.3,None,0.0,None,0.82,High
LOG-01170,"October 18, 2023",EQ-020,Tractor,2019-04-06,FARM-05,OP-050,Michael Smith,4.0,FLD-005,North Field,357.3,2.6,13.6,None,0.0,None,0.97,High
LOG-06315,2022-09-08,EQ-032,Planter,2022-03-18,,OP-050,Michael Smith,4.0,FLD-003,Golden Field,66.67,1.9,14.2,None,0.0,None,0.22,Low
LOG-00233,2024/05/05,EQ-034,Harvester,2023-05-10,FARM-09,OP-036,Jessica Anderson,14.0,FLD-019,North Field,158.9,4.2,16.7,None,0.0,None,0.57,Medium
LOG-00067,2024-08-10,EQ-033,Harvester,2017-12-20,FARM-03,OP-043,Sarah Brown,1.0,FLD-001,Sunny Field,222.94,10.9,,Inspection,690.51,None,0.35,Medium
LOG-01604,2023-05-13,EQ-002,Harvester,2017-07-03,FARM-03,OP-007,Emily Johnson,18.0,FLD-016,Valley Field,341.89,7.4,30.4,None,0.0,None,0.27,Low
LOG-03284,2024-06-24,EQ-068,Sprayer,2015-10-18,FARM-09,OP-008,James Rodriguez,9.0,,East Field,311.6,5.3,16.3,None,0.0,None,0.07,Low
LOG-03597,"August 24, 2024",EQ-085,,2017-05-25,FARM-07,OP-009,David Anderson,12.0,FLD-018,River Field,208.98,7.2,49.6,Inspection,1334.04,None,0.5,Medium
LOG-04633,2023-04-21,EQ-006,Harvester,2017-08-10,FARM-09,,Robert Hernandez,14.0,FLD-017,East Field,311.6,4.5,29.7,Routine,771.45,None,0.17,Low
LOG-00126,2024-12-14,EQ-065,Harvester,2021-08-07,FARM-04,OP-050,,4.0,FLD-018,River Field,208.98,1.4,6.6,None,0.0,None,0.14,Low
LOG-05351,2022-05-05,EQ-063,Tractor,2017-10-12,FARM-04,OP-013,Laura Martinez,17.0,FLD-005,North Field,357.3,7.8,30.3,None,0.0,None,0.36,Medium
LOG-01297,2024-10-28,EQ-057,Harvester,2016-06-09,FARM-08,OP-045,Michael Wilson,3.0,FLD-011,South Field,362.68,11.3,74.2,None,0.0,None,0.43,Medium
LOG-01977,,EQ-072,Planter,2017-02-18,FARM-02,OP-030,Alice Jones,12.0,FLD-020,West Field,220.65,9.7,29.9,None,0.0,None,0.63,
LOG-06316,2022-07-17,EQ-004,Tractor,2021-08-15,FARM-07,OP-037,John Williams,,FLD-018,River Field,208.98,11.2,,None,0.0,None,0.29,Low
LOG-06268,2023-02-03,EQ-016,Sprayer,2022-01-18,FARM-10,OP-032,James Hernandez,8.0,FLD-016,Valley Field,341.89,3.2,21.1,None,0.0,None,0.93,High
LOG-02076,2023-11-28,EQ-070,Harvester,2021-01-17,FARM-03,OP-037,John Williams,11.0,FLD-004,Sunny Field,103.14,5.5,23.7,None,0.0,None,0.91,High
LOG-04581,2023-02-16,EQ-043,,2022-08-18,FARM-02,OP-019,James Lopez,11.0,FLD-014,,281.66,4.7,25.0,None,0.0,None,0.32,Medium
LOG-05751,2024-04-30,EQ-056,Tractor,2023-07-13,FARM-09,OP-006,,20.0,FLD-013,Valley Field,169.83,8.3,36.3,,92.33,None,0.69,Medium
LOG-06604,23-07-2024,EQ-078,Harvester,2017-02-23,FARM-04,OP-041,Chloe Brown,7.0,FLD-015,West Field,216.02,2.6,9.9,None,0.0,None,0.31,Medium
LOG-03087,21-02-2023,EQ-012,Tractor,2016-01-15,FARM-07,OP-032,,8.0,FLD-004,Sunny Field,103.14,10.6,73.3,Routine,1038.68,None,0.92,High
LOG-06067,2022-02-07,EQ-016,,2022-01-18,,OP-007,Emily Johnson,18.0,FLD-005,North Field,357.3,3.4,12.8,None,0.0,None,0.51,Medium
LOG-03346,2024-01-02,EQ-032,Planter,2022-03-18,FARM-08,OP-031,Alice Anderson,12.0,,North Field,264.76,9.2,44.7,None,0.0,None,0.5,Medium
LOG-06246,2024-01-30,,Harvester,2022-12-30,FARM-05,OP-008,James Rodriguez,9.0,FLD-014,River Field,281.66,10.5,82.2,None,0.0,None,0.75,High
LOG-05871,2024-12-01,EQ-058,Harvester,2017-12-21,FARM-09,OP-014,John Hernandez,18.0,FLD-004,Sunny Field,103.14,8.6,36.2,None,0.0,None,0.31,Medium
LOG-02798,2023-03-09,EQ-051,Tractor,2021-09-19,FARM-06,OP-031,Alice Anderson,12.0,FLD-015,West Field,216.02,1.2,6.0,None,0.0,None,0.88,High
LOG-00919,2022-11-30,EQ-063,Tractor,2017-10-12,FARM-04,,Charles Hernandez,18.0,FLD-014,River Field,281.66,2.6,9.5,None,0.0,None,0.14,Low
LOG-01647,2024/12/04,EQ-073,Tractor,2022-05-23,FARM-07,OP-037,John Williams,11.0,FLD-018,River Field,208.98,5.3,30.4,None,0.0,None,0.32,
LOG-05123,2023-02-13,EQ-069,,2018-02-14,FARM-08,OP-015,Laura Anderson,4.0,FLD-007,Golden Field,346.56,-2.1,9.6,None,0.0,None,0.93,High
LOG-05127,2024-09-18,EQ-086,Tractor,2016-11-05,FARM-07,OP-016,David Jones,4.0,FLD-019,North Field,158.9,7.0,24.3,None,0.0,None,0.26,Low
LOG-04979,2023-05-21,EQ-037,Sprayer,2017-06-17,FARM-03,OP-030,Alice Jones,,FLD-011,South Field,362.68,5.1,28.1,None,0.0,None,0.45,Medium
LOG-05432,"August 12, 2023",EQ-091,Tractor,2023-05-22,FARM-06,OP-018,David Jones,10.0,,Hill Field,315.35,3.5,24.1,None,0.0,None,0.59,Medium
LOG-04622,2023-04-24,EQ-090,Sprayer,2017-06-10,FARM-01,OP-005,Daniel Garcia,3.0,FLD-018,River Field,208.98,2.5,16.7,None,0.0,None,0.71,High
LOG-00365,2024-01-09,EQ-063,,2017-10-12,FARM-04,OP-010,Robert Anderson,8.0,FLD-002,Hill Field,223.83,1.0,3.4,None,0.0,None,0.62,Medium
LOG-03288,2023-07-29,EQ-013,Tractor,2019-01-10,FARM-06,OP-012,Daniel Wilson,18.0,FLD-007,Golden Field,346.56,9.6,68.5,None,0.0,None,0.55,Medium
LOG-02126,2022/07/11,EQ-027,Harvester,2022-09-05,FARM-06,OP-047,Charles Hernandez,18.0,FLD-019,North Field,158.9,1.3,4.9,None,0.0,None,0.77,High
LOG-04124,2024-12-14,EQ-015,Tractor,2019-03-31,FARM-02,OP-005,Daniel Garcia,3.0,FLD-015,West Field,216.02,8.5,57.7,None,0.0,None,0.33,Medium
LOG-04570,2022-04-04,,Planter,2020-12-07,FARM-05,OP-039,Michael Williams,4.0,FLD-003,Golden Field,66.67,1.0,4.4,None,0.0,None,0.4,Medium
LOG-00526,12-12-2024,EQ-074,Sprayer,2019-10-01,FARM-07,OP-009,David Anderson,12.0,FLD-002,Hill Field,223.83,9.8,52.8,,0.0,None,0.5,Medium
LOG-04822,07-12-2022,EQ-001,Tractor,2015-04-13,FARM-05,OP-041,Chloe Brown,7.0,FLD-007,Golden Field,346.56,11.6,92.5,None,0.0,None,0.9,High
LOG-00056,2024-09-29,EQ-093,Planter,2020-08-21,FARM-09,OP-020,James Hernandez,9.0,FLD-019,North Field,158.9,10.5,54.9,None,0.0,None,0.34,Medium
LOG-00639,2023-08-12,EQ-062,Planter,2020-10-20,FARM-08,OP-047,Charles Hernandez,18.0,FLD-020,West Field,220.65,5.7,41.3,None,0.0,None,0.57,Medium
LOG-00303,2022-05-21,EQ-018,Tractr,2015-07-07,FARM-04,OP-042,Daniel Garcia,10.0,FLD-005,North Field,357.3,6.8,20.7,,0.0,None,0.44,Medium
LOG-02767,2022/10/03,EQ-089,Planter,2016-09-26,FARM-04,OP-029,David Miller,5.0,FLD-002,Hill Field,223.83,5.5,16.5,None,0.0,None,0.88,High
LOG-05812,2022-07-22,EQ-037,Sprayer,2017-06-17,FARM-03,OP-036,Jessica Anderson,14.0,FLD-001,Sunny Field,222.94,2.5,13.4,Repair,691.54,Tire,0.69,Medium
LOG-01277,2023-10-08,EQ-089,Planter,2016-09-26,FARM-04,OP-016,David Jones,4.0,FLD-006,North Field,264.76,8.5,,None,0.0,None,0.46,Medium
LOG-06550,2022-05-24,EQ-070,Harvester,2021-01-17,FARM-03,OP-029,David Miller,5.0,FLD-013,Valley Field,169.83,2.6,17.6,None,0.0,None,0.49,
LOG-04721,2023-08-01,EQ-007,Tractor,2021-04-17,FARM-04,OP-012,Daniel Wilson,18.0,,North Field,158.9,1.6,9.3,None,0.0,None,0.91,High
LOG-02056,2024-11-27,EQ-064,Tractor,2018-10-16,FARM-01,OP-016,David Jones,4.0,FLD-013,Valley Field,169.83,9.6,35.8,None,0.0,None,0.37,Medium
LOG-05377,07-05-2023,EQ-053,Sprayer,2018-06-13,FARM-04,OP-050,Michael Smith,4.0,FLD-008,West Field,188.47,11.7,79.5,Repair,61.36,Belt,0.8,High
LOG-05146,2023-03-20,EQ-035,Sprayer,2023-05-18,FARM-10,OP-049,Michael Williams,19.0,FLD-014,River Field,281.66,5.4,42.8,None,0.0,None,0.25,Low
LOG-04433,2023/06/19,EQ-097,Planter,2016-05-06,FARM-10,,John Hernandez,18.0,FLD-002,Hill Field,223.83,9.8,40.6,None,0.0,None,0.8,High
LOG-03645,,EQ-042,Planter,2020-12-07,FARM-05,OP-005,Daniel Garcia,3.0,FLD-013,Valley Field,169.83,2.4,17.1,None,0.0,None,0.81,High
LOG-04144,2022-01-08,EQ-046,Harvester,2020-02-02,FARM-01,OP-026,Grace Rodriguez,,FLD-001,Sunny Field,222.94,8.4,44.1,None,0.0,None,0.15,Low
LOG-02879,29-03-2022,EQ-078,Harvester,2017-02-23,FARM-04,OP-036,Jessica Anderson,14.0,FLD-016,Valley Field,341.89,7.6,24.4,,0.0,None,0.13,Low
LOG-04203,2023-09-10,EQ-068,Sprayer,2015-10-18,FARM-09,OP-014,John Hernandez,18.0,FLD-018,River Field,208.98,,39.3,None,0.0,None,0.2,
LOG-05176,2022-06-03,EQ-071,Planter,2017-09-22,,OP-010,Robert Anderson,8.0,FLD-010,Hill Field,315.35,2.4,17.6,None,0.0,None,0.76,High
LOG-02287,2023-03-25,EQ-055,Tractor,2015-12-17,FARM-08,OP-029,David Miller,5.0,FLD-007,Golden Field,346.56,11.9,95.0,None,0.0,None,0.92,High
LOG-02262,2023-01-18,EQ-059,Planter,2017-05-17,FARM-09,OP-041,Chloe Brown,7.0,FLD-017,East Field,,5.2,23.5,Routine,1289.43,,0.76,High
LOG-05241,2024-09-18,EQ-086,Tractor,2016-11-05,,OP-021,Chloe Jones,2.0,FLD-014,River Field,281.66,9.8,43.1,None,0.0,None,0.18,Low
LOG-02297,14-04-2022,EQ-002,Harvester,2017-07-03,FARM-03,OP-011,Sophia Jones,6.0,FLD-014,River Field,281.66,-1.9,6.8,None,0.0,None,0.72,High
LOG-05933,2023-05-09,EQ-004,Tractor,2021-08-15,FARM-07,OP-040,Charles Wilson,2.0,FLD-012,River Field,258.49,9.0,69.7,None,0.0,None,0.19,Low
LOG-01754,2022-12-05,EQ-042,Planter,2020-12-07,FARM-05,OP-030,Alice Jones,12.0,FLD-013,Valley Field,169.83,11.1,59.9,None,0.0,None,0.79,High
LOG-05198,2023/11/12,EQ-086,Tractor,2016-11-05,,OP-008,James Rodriguez,9.0,FLD-015,West Field,216.02,7.6,56.2,Repair,1247.7,Belt,0.22,Low
LOG-01969,2022-08-24,EQ-046,Harvester,2020-02-02,FARM-01,OP-021,Chloe Jones,2.0,FLD-013,Valley Field,169.83,9.7,,None,0.0,None,0.3,Medium
LOG-06074,2022-06-17,EQ-080,Harvester,2018-02-14,,OP-009,David Anderson,12.0,FLD-019,North Field,158.9,9.3,49.9,None,0.0,None,0.12,Low
LOG-03118,2024-08-09,EQ-004,Tractor,2021-08-15,,OP-044,James Miller,11.0,FLD-008,West Field,188.47,7.1,48.7,None,0.0,None,0.11,Low
LOG-02394,"September 21, 2024",EQ-014,Sprayer,2015-06-27,FARM-08,OP-016,David Jones,4.0,FLD-001,Sunny Field,222.94,8.4,34.8,None,0.0,None,0.31,Medium
LOG-00524,2022-03-28,EQ-001,Tractor,2015-04-13,FARM-05,OP-049,Michael Williams,19.0,FLD-018,River Field,208.98,10.3,50.0,None,0.0,None,0.89,High
LOG-05525,2024-11-29,EQ-087,Tractor,2019-05-19,FARM-05,OP-035,Sarah Wilson,6.0,FLD-006,North Field,264.76,5.2,25.1,None,0.0,None,0.44,Medium
LOG-03901,,EQ-087,Tractor,2019-05-19,FARM-05,OP-011,Sophia Jones,6.0,FLD-020,West Field,220.65,2.0,13.3,None,0.0,None,0.22,Low
LOG-06517,2023-05-19,EQ-099,Tractor,2021-12-11,FARM-02,OP-030,,12.0,FLD-010,Hill Field,315.35,2.3,10.7,None,0.0,None,0.79,
LOG-04700,2022-05-01,EQ-005,Tractor,2015-05-03,FARM-02,,,5.0,FLD-001,Sunny Field,222.94,7.2,48.9,None,0.0,None,0.71,High
LOG-05586,2022-04-15,EQ-046,Harvester,2020-02-02,FARM-01,OP-001,William Anderson,9.0,FLD-018,River Field,208.98,1.5,9.2,None,0.0,None,0.97,High
LOG-06169,2022-11-05,EQ-045,Tractor,2018-04-17,FARM-07,OP-012,Daniel Wilson,18.0,FLD-019,North Field,,11.4,64.4,None,0.0,None,0.96,High
LOG-03123,2022-04-10,EQ-002,Harvester,2017-07-03,FARM-03,OP-025,Michael Williams,15.0,FLD-003,Golden Field,66.67,5.3,27.0,None,0.0,None,0.45,Medium
LOG-04157,2023-03-04,EQ-072,Planter,2017-02-18,FARM-02,OP-028,Alice Wilson,12.0,FLD-003,Golden Field,66.67,10.2,46.3,None,0.0,None,0.99,High
LOG-01970,2022-10-30,EQ-021,Planter,2022-02-16,FARM-06,OP-006,John Davis,20.0,FLD-018,River Field,208.98,7.6,44.7,None,0.0,None,0.49,Medium
LOG-00672,2022-07-05,EQ-083,Tractor,2016-01-18,FARM-04,OP-043,Sarah Brown,1.0,FLD-002,Hill Field,223.83,3.4,12.6,None,0.0,None,0.75,High
LOG-04189,2023/05/23,EQ-056,Tractor,2023-07-13,FARM-09,OP-048,William Smith,4.0,FLD-002,Hill Field,223.83,3.4,24.8,Repair,754.25,Blade,0.78,High
LOG-00667,2024-03-31,EQ-039,Tractor,,FARM-03,OP-035,Sarah Wilson,6.0,FLD-015,West Field,216.02,7.5,31.4,None,0.0,None,0.17,Low
LOG-06058,2024-08-23,EQ-098,Harvester,2021-06-29,FARM-10,OP-049,Michael Williams,19.0,FLD-015,West Field,216.02,1.5,5.2,None,0.0,None,0.01,Low
LOG-01888,2022-01-06,EQ-079,Planter,2016-07-28,FARM-07,OP-024,William Gonzalez,5.0,FLD-011,South Field,362.68,2.2,15.1,None,0.0,None,0.21,Low
LOG-03267,2023-11-22,EQ-094,Harvester,2015-08-21,FARM-09,OP-028,Alice Wilson,12.0,FLD-020,West Field,220.65,10.5,33.2,Routine,,None,0.31,Medium
LOG-00281,29-09-2024,EQ-023,Harvester,2022-07-08,FARM-05,OP-036,Jessica Anderson,14.0,FLD-006,North Field,264.76,4.2,16.5,None,0.0,None,0.62,Medium
LOG-01720,2024-10-19,,Harvester,2016-10-31,FARM-08,OP-032,James Hernandez,8.0,FLD-020,West Field,220.65,5.8,44.9,Inspection,1455.19,None,0.07,Low
LOG-02948,2022-04-14,EQ-026,Planter,2018-01-10,FARM-09,OP-026,Grace Rodriguez,1.0,FLD-004,Sunny Field,103.14,10.2,33.6,None,0.0,None,0.42,Medium
LOG-04456,2023-09-02,EQ-066,Tractor,2015-10-18,FARM-01,OP-009,,12.0,FLD-013,Valley Field,169.83,7.0,25.4,None,0.0,None,0.46,Medium
LOG-00900,2022-09-09,EQ-047,Sprayer,2020-08-12,FARM-03,OP-022,Robert Hernandez,14.0,FLD-005,North Field,357.3,10.3,53.5,None,0.0,None,0.76,High
LOG-06032,2022-01-23,EQ-046,Harvester,2020-02-02,,OP-033,Emily Garcia,18.0,FLD-007,Golden Field,346.56,1.7,9.9,None,0.0,None,0.39,Medium
LOG-06781,2023-08-17,EQ-028,Tractor,2017-07-27,FARM-01,OP-038,Grace Gonzalez,8.0,FLD-004,Sunny Field,103.14,10.9,64.3,None,,None,0.75,High
LOG-00761,2023-12-06,EQ-091,Tractor,2023-05-22,FARM-06,OP-003,Sarah Jones,13.0,FLD-011,South Field,362.68,2.6,,None,0.0,None,0.53,Medium
LOG-01907,2024-07-26,,Planter,2022-05-16,FARM-10,OP-032,James Hernandez,8.0,FLD-018,River Field,208.98,5.3,32.9,Inspection,110.85,,0.45,Medium
LOG-04043,2024-08-22,EQ-039,Tractor,2016-09-18,FARM-03,OP-032,James Hernandez,8.0,FLD-014,River Field,281.66,2.0,,None,0.0,None,0.67,Medium
LOG-03824,2023-03-11,EQ-007,Tractor,2021-04-17,FARM-04,OP-009,David Anderson,12.0,FLD-014,River Field,281.66,8.8,45.3,None,0.0,None,0.49,Medium
LOG-04139,2024-10-02,EQ-029,Sprayer,2019-07-02,FARM-05,OP-033,Emily Garcia,18.0,FLD-005,North Field,357.3,10.9,64.5,Routine,1383.75,None,,Low
LOG-03819,"August 20, 2024",EQ-047,Sprayer,2020-08-12,FARM-03,OP-037,,11.0,FLD-009,South Field,474.95,9.8,34.8,Inspection,848.97,None,0.25,Low
LOG-04301,2022-07-13,EQ-005,Tractor,2015-05-03,FARM-02,OP-023,Michael Smith,1.0,FLD-020,West Field,220.65,6.4,42.9,None,0.0,None,0.77,High
LOG-05570,2023-11-23,EQ-088,Planter,2018-03-14,FARM-07,OP-027,Emily Johnson,5.0,FLD-014,River Field,281.66,3.6,20.9,None,0.0,,0.39,Medium
LOG-02594,"January 15, 2022",EQ-058,Harvester,2017-12-21,FARM-09,OP-030,Alice Jones,12.0,FLD-005,North Field,357.3,4.0,17.6,Routine,1075.55,None,0.49,Medium
LOG-04165,20-02-2024,EQ-004,Tractor,2021-08-15,FARM-07,OP-025,Michael Williams,15.0,FLD-015,West Field,216.02,6.1,25.4,None,0.0,None,0.97,High
LOG-03032,2024-02-05,EQ-094,Harvester,2015-08-21,FARM-09,OP-048,William Smith,4.0,FLD-003,Golden Field,66.67,8.6,38.4,None,0.0,None,0.16,Low
LOG-05972,2022-04-20,EQ-007,Tractor,2021-04-17,FARM-04,OP-044,James Miller,11.0,FLD-020,West Field,220.65,7.0,22.5,,0.0,None,0.19,Low
LOG-03580,2022-05-19,EQ-084,Harvester,2019-07-23,FARM-08,OP-046,Michael Garcia,17.0,FLD-014,River Field,281.66,3.4,12.4,None,0.0,None,0.55,Medium
LOG-02833,"February 08, 2024",EQ-097,Planter,2016-05-06,FARM-10,OP-019,James Lopez,11.0,FLD-008,West Field,188.47,4.5,32.5,None,0.0,None,0.31,Medium
LOG-05450,2022-09-24,EQ-023,Harvester,2022-07-08,FARM-05,OP-017,Emily Lopez,18.0,FLD-007,Golden Field,346.56,5.7,30.0,Routine,1165.04,None,0.6,Medium
LOG-03473,27-04-2024,EQ-052,Planter,2015-03-21,FARM-02,OP-041,Chloe Brown,7.0,FLD-017,East Field,311.6,10.2,47.5,None,0.0,None,0.16,Low
LOG-00138,2024-07-25,EQ-054,Tractor,2017-09-13,FARM-10,OP-041,Chloe Brown,7.0,FLD-020,West Field,220.65,1.7,12.2,None,0.0,None,0.54,Medium
LOG-04893,2022-10-25,EQ-054,Tractor,2017-09-13,FARM-10,OP-029,David Miller,5.0,FLD-004,Sunny Field,103.14,5.2,36.6,None,0.0,None,0.55,Medium
LOG-02181,2024-09-04,EQ-020,Tractor,2019-04-06,FARM-05,OP-030,Alice Jones,12.0,FLD-013,Valley Field,169.83,8.3,27.0,Routine,564.23,None,0.71,High
LOG-02129,2022-07-10,EQ-088,Planter,2018-03-14,FARM-07,OP-038,Grace Gonzalez,8.0,FLD-016,Valley Field,341.89,7.7,27.5,None,0.0,None,0.63,Medium
LOG-03178,2023-03-12,EQ-070,Harvester,2021-01-17,,OP-014,John Hernandez,18.0,FLD-007,Golden Field,,5.7,30.0,None,0.0,None,0.03,Low
LOG-04855,2023-11-27,EQ-013,Tractor,2019-01-10,FARM-06,,Emily Lopez,18.0,FLD-018,River Field,208.98,3.6,14.8,Inspection,226.99,None,0.76,High
LOG-04638,01-07-2022,EQ-035,Sprayer,2023-05-18,FARM-10,OP-031,Alice Anderson,12.0,FLD-003,Golden Field,66.67,6.1,38.7,None,0.0,None,,Medium
LOG-05116,2022-09-11,EQ-043,Tractor,2022-08-18,,OP-033,Emily Garcia,18.0,FLD-017,East Field,,7.4,53.4,None,0.0,None,0.54,Medium
LOG-06097,2023-07-20,EQ-005,Tractor,2015-05-03,FARM-02,OP-001,William Anderson,9.0,FLD-002,Hill Field,223.83,,32.1,None,0.0,,0.12,Low
LOG-04262,2023-01-08,EQ-067,Harvester,2015-10-04,FARM-01,OP-005,Daniel Garcia,3.0,FLD-004,Sunny Field,103.14,10.2,60.0,None,0.0,None,0.25,Low
LOG-04345,2022-11-27,EQ-012,Tractor,2016-01-15,FARM-07,OP-027,Emily Johnson,5.0,FLD-010,Hill Field,315.35,5.2,23.4,None,0.0,None,0.9,High
LOG-01332,2022-09-23,EQ-011,Harvester,2017-05-31,FARM-06,OP-036,,14.0,,Valley Field,341.89,4.0,12.8,Routine,786.03,None,0.65,Medium
LOG-02018,2024-02-09,EQ-099,Tractor,2021-12-11,FARM-02,OP-040,Charles Wilson,2.0,FLD-019,North Field,158.9,10.6,66.6,None,0.0,None,0.64,Medium
LOG-04543,2022-08-16,EQ-077,Sprayer,2023-12-24,FARM-02,OP-040,Charles Wilson,2.0,FLD-019,North Field,158.9,9.5,72.0,None,0.0,None,0.27,Low
LOG-02483,2024-06-10,EQ-100,Planter,2022-05-16,FARM-10,OP-048,William Smith,4.0,FLD-004,Sunny Field,103.14,9.0,36.8,None,0.0,None,0.12,Low
LOG-01359,2024-01-31,EQ-031,,2017-05-20,FARM-08,OP-014,John Hernandez,18.0,FLD-011,South Field,362.68,10.1,64.7,Routine,668.39,None,0.29,
LOG-01330,,EQ-008,Planter,2017-06-21,FARM-08,OP-009,David Anderson,12.0,FLD-007,Golden Field,346.56,11.2,70.7,None,0.0,,0.24,
LOG-00251,2023-01-16,EQ-071,Planter,2017-09-22,FARM-08,OP-025,Michael Williams,15.0,FLD-014,River Field,281.66,8.5,53.6,Routine,946.99,None,0.79,High
LOG-02151,2023-07-20,EQ-013,Tractor,2019-01-10,FARM-06,OP-029,David Miller,5.0,FLD-013,Valley Field,169.83,9.4,32.4,Inspection,798.61,None,0.54,Medium
LOG-04531,,EQ-019,Sprayer,2015-11-23,FARM-04,OP-030,Alice Jones,12.0,FLD-012,River Field,258.49,9.1,33.7,Routine,161.66,None,0.7,High
LOG-02123,2023-01-14,EQ-086,Tractor,2016-11-05,FARM-07,OP-033,Emily Garcia,18.0,FLD-012,River Field,258.49,3.6,20.4,None,0.0,None,,High
LOG-04674,"January 19, 2022",EQ-011,Harvester,2017-05-31,FARM-06,OP-023,Michael Smith,,FLD-019,North Field,158.9,2.1,15.8,None,0.0,None,0.15,Low
LOG-03982,13-02-2022,EQ-042,Planter,2020-12-07,FARM-05,OP-044,James Miller,11.0,FLD-015,West Field,216.02,11.8,69.9,None,0.0,None,0.78,High
LOG-01253,2023-08-07,EQ-031,Sprayer,2017-05-20,FARM-08,OP-037,John Williams,11.0,FLD-001,,,1.2,8.3,None,0.0,None,0.01,Low
LOG-03279,"April 21, 2023",EQ-006,Harvester,2017-08-10,FARM-09,OP-039,Michael Williams,4.0,FLD-003,Golden Field,66.67,4.6,15.6,None,0.0,None,0.91,
LOG-03375,2024-08-25,EQ-031,Sprayer,2017-05-20,FARM-08,OP-017,Emily Lopez,18.0,FLD-007,Golden Field,346.56,5.1,39.2,None,0.0,None,0.38,Medium
LOG-02815,2023-05-18,EQ-096,Tractor,2022-07-28,FARM-04,OP-050,Michael Smith,4.0,FLD-009,South Field,474.95,9.9,64.2,None,0.0,,0.69,Medium
LOG-04720,2022-10-06,EQ-072,Plntr,2017-02-18,FARM-02,OP-016,David Jones,4.0,,South Field,474.95,6.0,44.4,None,0.0,None,0.45,Medium
LOG-01849,2024-09-23,EQ-030,Tractor,2017-05-14,FARM-10,OP-029,David Miller,5.0,FLD-009,South Field,474.95,5.4,35.4,None,0.0,None,0.21,Low
LOG-04859,2022-08-15,EQ-088,Planter,2018-03-14,FARM-07,OP-023,Michael Smith,1.0,FLD-005,North Field,,10.3,75.9,None,0.0,None,0.13,Low
LOG-03038,2024-07-23,EQ-063,Tractor,2017-10-12,,OP-036,Jessica Anderson,14.0,FLD-003,Golden Field,66.67,2.1,12.8,None,0.0,None,0.52,Medium
LOG-00389,"December 21, 2022",EQ-002,Harvester,2017-07-03,FARM-03,OP-031,Alice Anderson,12.0,FLD-005,North Field,357.3,7.6,23.1,None,0.0,,0.8,High
LOG-00236,2024-12-09,EQ-070,Harvester,2021-01-17,,OP-042,Daniel Garcia,10.0,FLD-002,Hill Field,223.83,1.4,10.1,None,0.0,None,0.66,
LOG-01078,2022-04-18,EQ-092,Tractor,2015-07-25,FARM-10,OP-014,John Hernandez,18.0,FLD-008,West Field,,11.2,77.1,None,0.0,None,0.72,High
LOG-01985,2023-12-28,EQ-081,Harvester,2015-11-05,FARM-08,OP-025,Michael Williams,15.0,FLD-006,North Field,264.76,11.4,55.5,None,,None,,High
LOG-04364,"November 01, 2023",EQ-085,Planter,2017-05-25,FARM-07,OP-025,Michael Williams,15.0,FLD-015,West Field,216.02,11.4,88.4,None,0.0,None,0.32,Medium
LOG-03963,2024-12-10,EQ-064,Tractor,2018-10-16,FARM-01,OP-012,Daniel Wilson,18.0,FLD-005,North Field,357.3,10.4,48.1,None,0.0,None,0.69,Medium
LOG-00771,2022-10-13,EQ-094,Harvester,2015-08-21,FARM-09,OP-028,Alice Wilson,12.0,FLD-014,River Field,281.66,10.2,61.1,Repair,489.69,Blade,0.52,Medium
LOG-02166,29-04-2024,EQ-076,Tractor,2015-09-06,FARM-07,OP-029,David Miller,5.0,FLD-004,Sunny Field,103.14,5.2,30.1,None,0.0,None,0.41,Medium
LOG-04534,2022-03-18,EQ-054,Tractor,2017-09-13,FARM-10,OP-028,Alice Wilson,12.0,FLD-007,Golden Field,346.56,3.7,25.9,Routine,408.4,None,0.2,Low
LOG-00674,2023-09-06,EQ-027,Harvester,2022-09-05,FARM-06,,James Miller,11.0,,South Field,362.68,7.3,55.2,None,0.0,None,0.93,High
LOG-00250,02-03-2022,EQ-077,Sprayer,2023-12-24,FARM-02,OP-026,Grace Rodriguez,1.0,FLD-011,South Field,362.68,8.0,55.3,None,0.0,None,0.23,Low
LOG-01575,2022-01-02,EQ-069,Harvester,2018-02-14,FARM-08,OP-029,David Miller,5.0,FLD-005,North Field,357.3,4.4,23.5,None,0.0,None,0.14,Low
LOG-03420,2023-10-01,EQ-052,Planter,2015-03-21,FARM-02,OP-028,Alice Wilson,12.0,FLD-003,Golden Field,66.67,9.0,48.2,None,0.0,None,0.1,Low
LOG-02082,2022-06-02,EQ-087,Tractr,2019-05-19,FARM-05,OP-033,Emily Garcia,18.0,FLD-019,North Field,158.9,11.2,39.9,None,0.0,None,0.48,Medium
LOG-01824,2022-08-08,EQ-023,Harvester,2022-07-08,FARM-05,OP-015,Laura Anderson,4.0,FLD-009,South Field,474.95,1.0,6.4,None,0.0,None,0.85,High
LOG-06470,"February 12, 2023",EQ-049,Harvester,2016-09-18,FARM-06,,James Rodriguez,9.0,FLD-010,Hill Field,315.35,6.6,26.5,None,0.0,None,0.51,Medium
LOG-06688,2023-01-11,EQ-070,Harvester,2021-01-17,FARM-03,OP-049,Michael Williams,19.0,FLD-019,North Field,158.9,2.8,15.7,None,0.0,None,0.84,High
LOG-04545,2022-10-09,EQ-088,Planter,2018-03-14,FARM-07,OP-035,Sarah Wilson,6.0,FLD-010,Hill Field,315.35,5.7,41.6,None,0.0,None,0.49,Medium
LOG-05566,2022-03-15,EQ-017,Sprayer,2021-06-22,,OP-021,Chloe Jones,2.0,FLD-003,Golden Field,66.67,4.4,31.5,None,0.0,None,0.93,High
LOG-00717,2022/11/02,EQ-086,Tractor,2016-11-05,FARM-07,OP-034,Grace Martinez,5.0,FLD-015,West Field,216.02,9.2,38.3,Routine,1116.42,None,0.49,Medium
LOG-06237,2023/10/31,EQ-016,Sprayer,2022-01-18,FARM-10,OP-029,David Miller,5.0,FLD-011,South Field,362.68,9.8,42.2,None,0.0,None,0.44,Medium
LOG-06527,2023-03-02,EQ-009,Sprayr,2015-01-27,FARM-03,OP-022,Robert Hernandez,14.0,FLD-003,Golden Field,66.67,4.4,27.8,None,0.0,None,0.54,
LOG-02049,2023-05-28,EQ-031,Sprayer,2017-05-20,FARM-08,OP-029,David Miller,5.0,FLD-007,Golden Field,346.56,10.2,50.9,None,0.0,None,0.92,High
LOG-05998,2023-11-27,EQ-066,Tractor,2015-10-18,FARM-01,OP-022,Robert Hernandez,14.0,FLD-015,West Field,216.02,3.4,22.7,None,0.0,,0.44,Medium
LOG-05265,2024-07-03,,,2015-12-17,FARM-08,OP-009,David Anderson,12.0,FLD-018,River Field,208.98,4.4,22.8,None,0.0,None,0.43,Medium
LOG-04179,2022/09/23,EQ-033,Harvester,2017-12-20,FARM-03,OP-021,Chloe Jones,2.0,FLD-002,Hill Field,223.83,3.8,26.1,None,0.0,None,0.5,Medium
LOG-04810,2024-08-24,EQ-083,Tractor,2016-01-18,,OP-011,Sophia Jones,6.0,FLD-009,South Field,474.95,8.3,32.2,None,0.0,None,0.75,High
LOG-02725,2023-04-04,EQ-036,Planter,2021-07-18,FARM-07,OP-025,Michael Williams,15.0,FLD-019,North Field,158.9,10.4,76.1,None,0.0,None,0.56,Medium
LOG-06320,2024/11/18,EQ-066,Tractor,2015-10-18,FARM-01,OP-019,,11.0,FLD-003,Golden Field,66.67,3.1,19.0,None,0.0,None,0.32,Medium
LOG-01461,2023-09-26,EQ-043,Tractor,2022-08-18,FARM-02,OP-004,David Hernandez,10.0,FLD-003,Golden Field,66.67,9.7,36.0,None,0.0,None,,Medium
LOG-05990,2024-06-08,EQ-052,Planter,2015-03-21,FARM-02,OP-046,Michael Garcia,17.0,FLD-003,Golden Field,66.67,11.5,42.6,None,0.0,None,0.98,High
LOG-01669,2024-04-19,EQ-015,Tractor,2019-03-31,FARM-02,OP-044,James Miller,11.0,FLD-003,Golden Field,,6.7,20.7,None,0.0,,,High
LOG-02757,2024-05-30,EQ-027,Harvester,2022-09-05,FARM-06,OP-016,David Jones,4.0,FLD-006,North Field,264.76,4.9,23.5,None,0.0,None,0.07,Low
LOG-02001,2022-06-06,EQ-045,Tractor,2018-04-17,FARM-07,,David Anderson,12.0,FLD-002,Hill Field,223.83,4.4,14.8,Repair,812.64,Blade,0.57,Medium
LOG-04572,2023/06/02,EQ-054,Tractor,2017-09-13,,OP-038,,8.0,FLD-003,Golden Field,66.67,2.6,16.8,None,0.0,None,0.7,High
LOG-04614,2022-08-04,EQ-001,Tractor,2015-04-13,FARM-05,OP-045,Michael Wilson,3.0,FLD-001,Sunny Field,222.94,8.2,50.8,None,0.0,None,0.09,Low
LOG-00405,2023-01-26,EQ-042,Planter,2020-12-07,FARM-05,OP-049,Michael Williams,19.0,FLD-017,East Field,,1.2,3.6,None,0.0,None,0.23,Low
LOG-00385,2024-03-23,EQ-048,Tractor,2022-01-05,FARM-05,OP-030,Alice Jones,12.0,FLD-017,East Field,311.6,8.0,29.0,Routine,590.08,None,0.59,Medium
LOG-06280,2024/09/11,EQ-012,Tractor,2016-01-15,FARM-07,OP-002,James Hernandez,11.0,,Valley Field,169.83,3.5,14.2,None,0.0,None,0.45,Medium
LOG-02153,2024-08-07,EQ-044,Sprayer,2023-08-15,FARM-06,,Michael Garcia,17.0,FLD-002,Hill Field,223.83,1.9,10.5,None,0.0,None,0.11,Low
LOG-01634,2024-03-04,EQ-013,Tractor,2019-01-10,FARM-06,OP-026,Grace Rodriguez,1.0,FLD-019,North Field,158.9,9.9,48.6,None,0.0,None,0.84,High
LOG-06511,2022-10-25,EQ-091,Tractor,2023-05-22,FARM-06,OP-044,James Miller,11.0,FLD-019,North Field,158.9,6.2,36.2,None,0.0,None,0.57,Medium
LOG-05581,2024-06-02,EQ-026,Planter,2018-01-10,FARM-09,OP-047,Charles Hernandez,18.0,FLD-020,West Field,220.65,4.8,27.3,None,0.0,None,0.63,Medium
LOG-04785,2022-01-12,EQ-051,Tractor,2021-09-19,FARM-06,OP-017,Emily Lopez,18.0,FLD-020,West Field,220.65,,50.4,None,0.0,None,0.98,High
LOG-03926,2023-12-04,EQ-064,Tractr,2018-10-16,,OP-022,Robert Hernandez,14.0,FLD-019,,158.9,7.7,37.4,None,,None,0.88,High
LOG-05337,13-01-2022,,Tractor,2018-04-17,FARM-07,OP-049,Michael Williams,19.0,FLD-004,Sunny Field,103.14,1.1,5.8,None,0.0,None,0.26,Low
LOG-04159,2024-10-03,EQ-039,Tractor,2016-09-18,FARM-03,,Daniel Wilson,18.0,FLD-014,River Field,281.66,10.4,41.2,None,0.0,None,0.02,Low
LOG-04949,2024-03-23,EQ-073,Tractor,2022-05-23,FARM-07,OP-034,Grace Martinez,5.0,FLD-007,Golden Field,346.56,9.6,31.3,None,0.0,None,0.27,Low
LOG-05899,2023-04-19,EQ-031,Sprayer,2017-05-20,FARM-08,OP-002,James Hernandez,11.0,FLD-005,North Field,357.3,8.6,59.1,Routine,89.48,None,0.2,Low
LOG-05359,2024-01-25,EQ-059,Planter,2017-05-17,FARM-09,OP-028,Alice Wilson,12.0,FLD-009,South Field,474.95,2.2,8.7,None,0.0,None,0.76,High
LOG-00224,2024-12-10,EQ-083,Tractr,,FARM-04,OP-043,Sarah Brown,1.0,FLD-013,Valley Field,169.83,4.5,22.9,Repair,595.87,Blade,0.54,Medium
LOG-02194,2023-06-06,EQ-024,Tractor,2021-10-31,FARM-03,OP-016,David Jones,4.0,FLD-002,Hill Field,223.83,4.5,25.0,None,0.0,None,0.77,High
LOG-03137,2022-12-27,EQ-016,,2022-01-18,FARM-10,OP-023,Michael Smith,1.0,FLD-008,West Field,188.47,10.9,53.5,None,,None,0.85,High
LOG-04470,2022-12-01,EQ-047,Sprayer,2020-08-12,FARM-03,OP-007,Emily Johnson,18.0,FLD-003,Golden Field,66.67,7.1,29.5,Routine,228.02,None,0.03,Low
LOG-01825,2023-04-21,EQ-050,Harvester,2021-01-18,FARM-09,OP-029,David Miller,5.0,FLD-007,Golden Field,346.56,2.1,7.2,None,0.0,None,0.44,Medium
LOG-06426,2022-01-04,EQ-061,Planter,2022-07-14,FARM-06,OP-019,James Lopez,11.0,FLD-002,Hill Field,223.83,7.5,39.8,Routine,362.35,None,0.37,Medium
LOG-05125,2022-04-30,EQ-032,Planter,2022-03-18,FARM-08,OP-028,Alice Wilson,12.0,FLD-005,North Field,357.3,10.6,,None,0.0,None,0.53,Medium
LOG-04973,2022-10-19,EQ-029,Sprayer,2019-07-02,FARM-05,OP-013,Laura Martinez,17.0,,Hill Field,315.35,-2.5,10.1,None,0.0,None,0.61,Medium
LOG-00798,"September 01, 2024",,Tractr,2015-12-17,FARM-08,OP-013,Laura Martinez,17.0,FLD-003,Golden Field,66.67,-11.3,54.7,Routine,1027.53,None,0.67,Medium
LOG-02872,2022-08-29,EQ-040,Planter,2021-09-08,FARM-02,OP-021,Chloe Jones,2.0,FLD-010,Hill Field,315.35,6.9,54.7,None,0.0,None,0.25,Low
LOG-00010,"October 17, 2023",EQ-031,Sprayr,2017-05-20,FARM-08,OP-018,David Jones,10.0,FLD-011,South Field,362.68,10.8,36.8,Inspection,605.4,None,0.16,Low
LOG-01945,2024-06-22,EQ-095,Tractor,2017-01-31,FARM-02,OP-005,,3.0,FLD-004,Sunny Field,103.14,8.9,36.5,None,0.0,None,0.37,Medium
LOG-01839,2024-01-26,EQ-100,Planter,2022-05-16,FARM-10,OP-030,Alice Jones,12.0,FLD-018,River Field,208.98,-9.0,33.9,None,,None,0.25,Low
LOG-04805,2023-10-30,EQ-040,Planter,2021-09-08,FARM-02,OP-036,Jessica Anderson,14.0,FLD-003,Golden Field,66.67,2.3,9.5,None,0.0,None,0.09,Low
LOG-00256,2024-12-03,EQ-093,Planter,2020-08-21,FARM-09,OP-036,Jessica Anderson,14.0,FLD-008,West Field,188.47,2.9,14.2,Repair,486.64,Tire,0.15,Low
LOG-05714,09-02-2023,EQ-023,Harvester,2022-07-08,FARM-05,OP-031,Alice Anderson,12.0,FLD-015,West Field,216.02,9.8,40.5,None,0.0,None,0.44,Medium
LOG-04486,2023-04-26,,Tractor,2021-12-11,FARM-02,OP-003,Sarah Jones,13.0,FLD-005,North Field,357.3,,23.3,None,0.0,None,0.9,High
LOG-06302,2024/10/27,EQ-018,Tractor,2015-07-07,FARM-04,OP-022,Robert Hernandez,14.0,FLD-014,River Field,281.66,6.0,27.3,Inspection,430.39,None,0.95,High
LOG-01582,20-01-2023,EQ-062,Planter,2020-10-20,,,Alice Anderson,12.0,FLD-012,River Field,258.49,7.9,56.0,None,0.0,None,0.45,Medium
LOG-02957,2023-09-03,EQ-053,Sprayer,2018-06-13,FARM-04,OP-013,Laura Martinez,17.0,FLD-002,Hill Field,223.83,9.9,43.0,None,0.0,None,0.51,Medium
LOG-00925,2024-10-30,EQ-078,Harvester,2017-02-23,FARM-04,OP-009,David Anderson,12.0,FLD-005,North Field,357.3,8.0,54.5,None,0.0,None,0.16,Low
LOG-06194,2023/11/03,EQ-080,Harvester,2018-02-14,FARM-08,OP-018,David Jones,10.0,FLD-019,North Field,158.9,3.9,21.4,None,0.0,None,0.87,High
LOG-02509,"June 07, 2023",EQ-088,Planter,2018-03-14,FARM-07,OP-044,James Miller,11.0,FLD-016,Valley Field,341.89,7.2,46.3,None,,None,0.29,Low
LOG-06133,"December 15, 2024",EQ-063,Tractor,2017-10-12,FARM-04,OP-008,James Rodriguez,9.0,FLD-004,Sunny Field,103.14,9.9,58.4,None,0.0,None,0.79,High
LOG-05025,2024-06-17,,Harvester,2020-02-02,FARM-01,OP-010,Robert Anderson,8.0,FLD-018,River Field,208.98,-6.8,37.3,None,0.0,None,0.89,High
LOG-05321,2024-09-13,EQ-053,Sprayer,2018-06-13,FARM-04,OP-004,David Hernandez,10.0,FLD-005,North Field,357.3,5.5,38.0,None,0.0,,0.7,High
LOG-06043,2024-05-20,EQ-089,Planter,2016-09-26,FARM-04,OP-008,James Rodriguez,9.0,FLD-013,Valley Field,169.83,5.6,38.5,Repair,295.94,Hydraulics,0.67,Medium
LOG-03776,2023-08-18,EQ-088,Planter,2018-03-14,FARM-07,OP-035,Sarah Wilson,6.0,FLD-010,Hill Field,315.35,9.7,45.2,Routine,527.34,None,0.65,Medium
LOG-04836,2022-04-14,EQ-039,Tractor,2016-09-18,FARM-03,OP-029,David Miller,5.0,FLD-013,Valley Field,169.83,8.5,,None,,None,0.54,Medium
LOG-04137,2024-09-02,EQ-068,Sprayer,2015-10-18,FARM-09,OP-033,Emily Garcia,18.0,,Golden Field,66.67,6.6,21.6,None,0.0,None,,High
LOG-04965,2024-11-18,EQ-005,Tractor,2015-05-03,FARM-02,OP-011,Sophia Jones,,FLD-005,North Field,357.3,1.2,8.8,None,0.0,None,0.67,Medium
LOG-02780,2024-05-27,EQ-080,Harvester,2018-02-14,FARM-08,OP-003,,13.0,FLD-009,,474.95,9.9,53.1,None,0.0,None,0.11,Low
LOG-00540,2024-12-02,EQ-035,Sprayer,2023-05-18,FARM-10,OP-029,David Miller,5.0,FLD-012,River Field,258.49,11.6,58.8,Inspection,83.5,None,0.72,High
LOG-02746,2023-02-21,EQ-035,Sprayer,2023-05-18,FARM-10,OP-042,Daniel Garcia,10.0,FLD-003,Golden Field,66.67,10.9,51.3,,0.0,None,0.11,Low
LOG-06287,2023-12-07,EQ-079,Planter,2016-07-28,FARM-07,OP-004,David Hernandez,10.0,FLD-005,North Field,357.3,9.6,64.7,None,0.0,None,0.93,High
LOG-06387,2023-07-08,EQ-083,Tractor,2016-01-18,FARM-04,OP-016,David Jones,4.0,FLD-018,River Field,208.98,10.4,54.7,None,0.0,None,0.79,High
LOG-05468,28-09-2023,EQ-025,Harvester,2016-10-31,FARM-08,OP-047,Charles Hernandez,18.0,FLD-004,Sunny Field,103.14,10.5,47.2,None,0.0,None,0.27,Low
LOG-01146,2024-03-25,EQ-073,Tractor,2022-05-23,FARM-07,OP-004,David Hernandez,10.0,FLD-007,Golden Field,346.56,6.4,36.2,None,0.0,None,0.08,Low
LOG-05128,2022-06-22,EQ-012,Tractr,2016-01-15,FARM-07,OP-021,Chloe Jones,,FLD-019,North Field,158.9,1.2,5.9,None,0.0,None,0.5,Medium
LOG-04469,21-07-2023,EQ-035,Sprayer,2023-05-18,FARM-10,OP-046,Michael Garcia,17.0,FLD-001,Sunny Field,222.94,11.8,51.8,None,0.0,None,0.34,Medium
LOG-00668,2023-11-29,EQ-062,Planter,2020-10-20,FARM-08,OP-025,Michael Williams,15.0,FLD-003,Golden Field,66.67,3.3,21.4,None,0.0,None,0.97,High
LOG-03020,2022-03-07,EQ-031,Sprayer,2017-05-20,FARM-08,OP-018,David Jones,10.0,FLD-006,North Field,264.76,2.5,18.1,Repair,1036.07,Belt,0.27,Low
LOG-00358,2022-04-09,EQ-033,Harvester,2017-12-20,FARM-03,,,18.0,FLD-001,,222.94,5.2,34.6,None,0.0,None,0.88,High
LOG-05064,05-01-2022,EQ-092,Tractor,2015-07-25,FARM-10,OP-021,Chloe Jones,2.0,FLD-007,Golden Field,346.56,5.0,33.5,None,0.0,None,0.62,Medium
LOG-02832,2023-05-27,EQ-058,Harvester,2017-12-21,FARM-09,OP-026,Grace Rodriguez,1.0,FLD-002,Hill Field,223.83,7.7,48.1,None,0.0,None,,Low
LOG-02784,2023-06-08,EQ-026,Plntr,2018-01-10,FARM-09,OP-033,Emily Garcia,18.0,FLD-013,,,5.9,40.1,Routine,570.46,None,0.3,Medium
LOG-01354,2022-04-30,EQ-072,Planter,2017-02-18,FARM-02,OP-014,John Hernandez,18.0,FLD-014,River Field,281.66,7.4,25.1,None,0.0,None,0.55,Medium
LOG-05132,2022-03-30,EQ-100,Planter,2022-05-16,FARM-10,OP-016,David Jones,4.0,FLD-011,South Field,362.68,11.5,41.7,Routine,469.18,None,0.09,Low
LOG-00471,2023-12-06,EQ-011,Harvester,2017-05-31,FARM-06,OP-020,James Hernandez,9.0,FLD-007,Golden Field,346.56,3.3,24.8,None,0.0,None,0.15,Low
LOG-02704,2024/02/25,EQ-091,Tractor,2023-05-22,FARM-06,OP-030,Alice Jones,12.0,FLD-006,North Field,264.76,1.5,8.7,None,0.0,None,0.77,High
LOG-03331,2024-09-15,EQ-077,Sprayer,2023-12-24,FARM-02,,James Rodriguez,9.0,,North Field,264.76,11.3,55.6,None,0.0,None,0.28,Low
LOG-03638,05-06-2024,EQ-019,Sprayer,2015-11-23,FARM-04,OP-047,Charles Hernandez,18.0,FLD-002,Hill Field,223.83,5.9,28.4,None,0.0,None,0.94,High
LOG-01397,04-07-2023,EQ-052,Planter,2015-03-21,,OP-017,Emily Lopez,18.0,FLD-002,Hill Field,223.83,6.3,25.8,None,0.0,None,0.05,Low
LOG-03585,,EQ-022,Harvester,2019-02-25,FARM-06,OP-019,James Lopez,11.0,FLD-007,,346.56,3.6,23.1,None,0.0,None,0.06,Low
LOG-06274,2023-05-07,EQ-058,Harvester,2017-12-21,FARM-09,OP-039,Michael Williams,4.0,FLD-011,South Field,362.68,9.6,49.1,None,0.0,None,0.07,Low
LOG-05263,2024-05-06,EQ-082,Tractor,2015-07-27,FARM-09,OP-044,James Miller,,FLD-016,Valley Field,341.89,9.8,71.2,None,0.0,None,0.21,Low
LOG-05646,2024/06/03,EQ-087,Tractor,2019-05-19,FARM-05,OP-006,John Davis,20.0,FLD-011,South Field,362.68,9.8,62.3,None,0.0,None,0.75,High
LOG-03377,2022-12-28,EQ-032,Planter,2022-03-18,FARM-08,OP-047,Charles Hernandez,18.0,FLD-018,River Field,208.98,5.2,31.7,Repair,528.17,Filter,0.45,Medium
LOG-01257,2024-02-05,EQ-064,Tractr,,FARM-01,OP-042,Daniel Garcia,10.0,FLD-004,Sunny Field,103.14,11.3,39.7,None,0.0,None,0.82,High
LOG-06191,2022-11-15,EQ-036,Planter,2021-07-18,FARM-07,OP-031,Alice Anderson,12.0,FLD-001,Sunny Field,222.94,7.2,,None,0.0,None,0.8,High
LOG-03513,2024-02-03,EQ-019,Sprayer,2015-11-23,FARM-04,OP-035,Sarah Wilson,6.0,FLD-012,River Field,258.49,4.8,14.8,None,0.0,None,0.74,High
LOG-05652,,EQ-054,Tractor,2017-09-13,FARM-10,OP-049,Michael Williams,19.0,FLD-007,Golden Field,346.56,8.0,52.2,None,0.0,None,0.57,Medium
LOG-05779,2023-11-19,EQ-040,Planter,2021-09-08,FARM-02,OP-028,Alice Wilson,12.0,FLD-018,River Field,208.98,3.1,1650.0,None,0.0,None,0.35,Medium
LOG-01251,2024-05-13,,Tractor,2016-11-05,FARM-07,OP-005,Daniel Garcia,3.0,FLD-019,,158.9,8.5,44.0,None,0.0,None,0.2,Low
LOG-05796,2022-12-12,EQ-043,Tractor,2022-08-18,FARM-02,OP-007,Emily Johnson,18.0,FLD-014,River Field,281.66,7.2,42.8,None,0.0,None,0.35,Medium
LOG-05349,2024/06/11,EQ-049,Harvester,2016-09-18,FARM-06,OP-049,Michael Williams,19.0,FLD-003,Golden Field,66.67,8.8,33.1,None,0.0,None,0.87,High
LOG-06722,2023/08/18,EQ-079,Planter,2016-07-28,FARM-07,OP-026,Grace Rodriguez,1.0,FLD-012,River Field,258.49,9.2,31.2,None,0.0,None,0.44,Medium
LOG-04299,2023-04-04,EQ-080,Harvester,2018-02-14,FARM-08,OP-011,Sophia Jones,6.0,FLD-018,River Field,208.98,10.5,79.8,None,0.0,None,0.56,Medium
LOG-03285,2024-06-02,EQ-074,Sprayer,2019-10-01,FARM-07,OP-015,Laura Anderson,4.0,FLD-003,Golden Field,66.67,3.6,25.0,None,0.0,None,0.62,Medium
LOG-02934,2023-07-23,EQ-074,Sprayer,2019-10-01,FARM-07,OP-044,James Miller,11.0,FLD-016,Valley Field,341.89,10.3,6170.0,Routine,918.18,None,0.7,High
LOG-04176,2024-03-17,EQ-098,Harvester,2021-06-29,FARM-10,OP-023,Michael Smith,1.0,FLD-020,West Field,220.65,9.9,69.2,None,0.0,None,0.52,
LOG-05269,"March 12, 2023",EQ-048,Tractor,2022-01-05,,OP-042,,10.0,FLD-014,River Field,281.66,9.8,65.4,None,0.0,None,0.82,High
LOG-04911,2022/09/05,EQ-008,Planter,,FARM-08,OP-003,Sarah Jones,13.0,FLD-010,,315.35,3.2,11.2,None,0.0,None,0.84,High
LOG-01853,"July 07, 2023",EQ-002,Harvester,2017-07-03,FARM-03,OP-007,Emily Johnson,18.0,FLD-005,North Field,357.3,1.7,9.4,None,0.0,None,0.37,Medium
LOG-06542,"December 27, 2023",EQ-023,Harvester,2022-07-08,FARM-05,OP-015,Laura Anderson,4.0,FLD-019,North Field,158.9,2.1,12.0,None,0.0,None,0.85,High
LOG-06138,,EQ-004,Tractor,2021-08-15,FARM-07,OP-034,Grace Martinez,5.0,FLD-001,Sunny Field,222.94,8.1,42.9,Routine,1339.01,None,0.81,High
LOG-02106,2024-01-14,EQ-060,Harvester,2022-12-30,FARM-05,OP-021,Chloe Jones,2.0,FLD-009,South Field,474.95,7.2,31.2,Repair,274.39,None,0.93,
LOG-00134,2023-04-28,EQ-051,Tractor,2021-09-19,FARM-06,OP-033,Emily Garcia,18.0,FLD-012,River Field,258.49,5.2,17.7,None,,None,0.32,Medium
LOG-05237,2023/10/20,EQ-003,Tractor,2022-08-03,FARM-09,OP-015,Laura Anderson,4.0,FLD-011,South Field,362.68,1.1,8.7,Routine,926.51,None,0.8,High
LOG-05030,2022-08-16,EQ-097,Planter,,FARM-10,OP-002,James Hernandez,11.0,FLD-011,South Field,362.68,8.2,37.7,Routine,52.19,None,0.9,High
LOG-00929,2024-12-04,EQ-097,Planter,2016-05-06,FARM-10,OP-004,David Hernandez,10.0,FLD-019,North Field,158.9,3.1,16.7,None,0.0,None,0.13,Low
LOG-00824,2024-06-10,EQ-031,,,FARM-08,OP-010,,8.0,FLD-010,Hill Field,315.35,5.5,,,0.0,None,0.63,Medium
LOG-06354,2022-09-15,EQ-063,Tractor,2017-10-12,FARM-04,OP-017,Emily Lopez,18.0,FLD-010,Hill Field,315.35,8.5,44.5,None,0.0,None,0.24,Low
LOG-01532,2022-01-14,EQ-097,Planter,2016-05-06,FARM-10,OP-012,Daniel Wilson,18.0,FLD-016,Valley Field,341.89,4.5,35.4,None,0.0,None,0.17,Low
LOG-01215,2024-12-02,EQ-087,Tractor,2019-05-19,FARM-05,OP-027,Emily Johnson,5.0,FLD-009,South Field,474.95,8.9,70.7,None,0.0,None,0.85,High
LOG-00505,02-01-2023,EQ-071,Planter,2017-09-22,FARM-08,OP-036,,14.0,FLD-016,Valley Field,341.89,5.1,29.5,None,0.0,None,0.31,Medium
LOG-04286,2024-04-09,EQ-018,Tractor,2015-07-07,FARM-04,OP-004,David Hernandez,10.0,FLD-008,West Field,188.47,7.9,42.4,Routine,709.31,None,0.32,Medium
LOG-01997,2023-01-14,EQ-068,Sprayer,2015-10-18,FARM-09,OP-001,William Anderson,9.0,FLD-001,Sunny Field,222.94,3.3,10.3,None,0.0,None,0.58,Medium
LOG-03073,2024/04/27,EQ-086,Tractor,2016-11-05,FARM-07,OP-008,James Rodriguez,9.0,FLD-006,North Field,264.76,8.7,42.8,None,0.0,None,0.46,Medium
LOG-01959,2024-02-09,EQ-026,Planter,2018-01-10,FARM-09,OP-026,Grace Rodriguez,1.0,FLD-010,,315.35,9.5,,Routine,893.03,,0.79,High
LOG-01385,2023-07-20,EQ-021,Planter,2022-02-16,FARM-06,OP-033,Emily Garcia,18.0,FLD-011,South Field,362.68,6.0,40.1,None,0.0,None,0.08,
LOG-00895,2024-10-28,EQ-087,Tractor,2019-05-19,FARM-05,OP-011,Sophia Jones,6.0,FLD-006,North Field,,1.4,4.6,None,0.0,None,0.62,Medium
LOG-04925,2023-11-13,EQ-031,Sprayer,2017-05-20,FARM-08,OP-034,Grace Martinez,5.0,FLD-002,Hill Field,223.83,6.0,23.6,None,0.0,None,0.77,High
LOG-00456,2023-01-12,EQ-041,Planter,2019-04-13,FARM-10,OP-034,Grace Martinez,5.0,FLD-008,West Field,188.47,6.7,46.4,Inspection,837.47,None,0.41,Medium
LOG-05780,2024-02-17,EQ-041,Planter,2019-04-13,,OP-030,Alice Jones,12.0,FLD-015,West Field,216.02,6.9,49.5,None,,None,0.49,Medium
LOG-06478,2024-06-20,EQ-005,Tractor,2015-05-03,FARM-02,OP-047,Charles Hernandez,18.0,FLD-012,River Field,258.49,8.7,49.9,None,0.0,None,0.14,Low
LOG-03710,"March 22, 2024",EQ-022,Harvester,2019-02-25,FARM-06,OP-021,Chloe Jones,2.0,FLD-008,West Field,188.47,1.4,10.7,Routine,457.3,None,0.29,Low
LOG-06453,2022-02-27,EQ-008,Planter,2017-06-21,FARM-08,OP-013,Laura Martinez,17.0,FLD-001,Sunny Field,222.94,2.7,9.5,None,0.0,,0.39,Medium
LOG-04850,2023-10-17,EQ-070,Harvester,2021-01-17,FARM-03,OP-035,Sarah Wilson,6.0,FLD-010,Hill Field,315.35,,87.7,None,0.0,None,0.82,High
LOG-04749,"February 04, 2022",EQ-055,Tractor,2015-12-17,FARM-08,OP-016,David Jones,4.0,FLD-015,West Field,216.02,10.2,49.1,None,0.0,None,,High
LOG-04269,2022-12-06,EQ-028,Tractor,2017-07-27,FARM-01,OP-027,Emily Johnson,5.0,FLD-008,West Field,188.47,6.1,29.5,Repair,1445.09,Engine,0.2,Low
LOG-03523,2024-09-28,EQ-035,Sprayer,2023-05-18,FARM-10,OP-037,John Williams,11.0,FLD-002,Hill Field,223.83,7.0,45.5,Inspection,817.05,None,0.32,Medium
LOG-04135,2023-02-26,EQ-004,Tractor,2021-08-15,FARM-07,,Michael Williams,19.0,FLD-002,Hill Field,223.83,9.7,43.8,None,0.0,None,0.6,Medium
LOG-03603,2024-12-21,EQ-009,,2015-01-27,FARM-03,,Grace Rodriguez,1.0,FLD-009,South Field,474.95,6.5,24.0,None,0.0,None,0.08,Low
LOG-06413,2022/08/09,EQ-034,Harvester,2023-05-10,FARM-09,OP-024,William Gonzalez,5.0,FLD-004,Sunny Field,103.14,10.3,77.0,None,0.0,None,0.68,Medium
LOG-00714,2022-06-23,EQ-089,Planter,2016-09-26,FARM-04,OP-023,Michael Smith,1.0,FLD-016,Valley Field,341.89,10.7,55.5,Inspection,101.76,None,0.03,Low
LOG-04187,2024-07-14,EQ-067,Harvester,2015-10-04,FARM-01,OP-015,Laura Anderson,4.0,FLD-018,River Field,208.98,7.9,40.8,None,0.0,None,0.3,Medium
LOG-02215,"November 25, 2022",EQ-007,Tractor,2021-04-17,FARM-04,OP-001,William Anderson,9.0,FLD-014,River Field,281.66,10.4,37.4,Inspection,312.51,None,0.76,High
LOG-05302,2023-05-08,EQ-060,Harvester,2022-12-30,FARM-05,OP-049,,19.0,FLD-016,Valley Field,341.89,9.1,67.3,None,0.0,None,0.83,High
LOG-02924,2022-11-13,EQ-037,Sprayer,2017-06-17,FARM-03,OP-016,David Jones,4.0,FLD-007,Golden Field,346.56,3.0,20.4,None,,None,0.72,High
LOG-01811,2023-01-25,EQ-018,Tractor,2015-07-07,FARM-04,OP-050,Michael Smith,4.0,FLD-010,Hill Field,315.35,8.6,41.3,None,0.0,None,0.32,Medium
LOG-03487,2022-12-20,EQ-084,Harvester,2019-07-23,FARM-08,OP-041,Chloe Brown,7.0,,North Field,357.3,11.1,41.3,None,0.0,None,0.75,High
LOG-03142,2022-07-23,EQ-083,Tractor,,FARM-04,OP-022,Robert Hernandez,14.0,FLD-014,River Field,281.66,5.1,20.0,None,0.0,None,0.71,High
LOG-01828,2022-06-08,EQ-027,Harvester,2022-09-05,FARM-06,OP-024,William Gonzalez,5.0,FLD-005,North Field,357.3,7.6,49.4,None,0.0,None,0.78,High
LOG-01156,2024-07-02,EQ-097,Planter,2016-05-06,FARM-10,OP-026,Grace Rodriguez,1.0,FLD-005,North Field,357.3,3.5,23.2,None,0.0,None,0.89,High
LOG-01325,2024/06/17,EQ-072,Planter,2017-02-18,FARM-02,OP-009,David Anderson,12.0,FLD-003,Golden Field,66.67,5.7,27.8,Routine,163.31,None,0.78,High
LOG-04313,2024-08-10,EQ-089,Planter,2016-09-26,FARM-04,OP-034,Grace Martinez,5.0,FLD-015,West Field,216.02,10.1,73.3,None,0.0,None,0.09,Low
LOG-00511,2022-01-22,EQ-082,Tractor,,FARM-09,OP-032,James Hernandez,8.0,FLD-015,West Field,216.02,3.2,20.1,None,0.0,None,0.29,Low
LOG-01681,"April 15, 2022",EQ-100,Planter,2022-05-16,FARM-10,OP-040,Charles Wilson,2.0,FLD-014,River Field,281.66,3.2,,None,0.0,None,0.66,Medium
LOG-00500,2023-12-19,EQ-062,Planter,2020-10-20,FARM-08,OP-050,Michael Smith,4.0,FLD-013,Valley Field,169.83,7.5,50.3,None,0.0,None,0.69,Medium
LOG-06341,2022-02-04,EQ-044,Sprayer,2023-08-15,FARM-06,OP-040,Charles Wilson,2.0,FLD-019,North Field,158.9,1.2,8.3,None,0.0,None,0.51,Medium
LOG-01857,2022-10-22,EQ-092,Tractor,2015-07-25,FARM-10,OP-029,David Miller,5.0,FLD-009,South Field,474.95,2.6,19.7,Routine,606.64,None,0.4,Medium
LOG-01389,2023-03-15,EQ-082,Tractor,2015-07-27,FARM-09,OP-006,John Davis,20.0,FLD-017,East Field,311.6,1.0,3.3,None,,None,0.21,Low
LOG-05616,2024-11-04,EQ-030,Tractor,2017-05-14,FARM-10,OP-010,Robert Anderson,8.0,FLD-019,North Field,158.9,5.9,41.6,None,0.0,None,0.64,Medium
LOG-03720,2022-04-24,EQ-047,Sprayer,2020-08-12,FARM-03,OP-016,David Jones,4.0,FLD-001,Sunny Field,222.94,4.4,28.5,None,0.0,None,0.19,Low
LOG-02387,2024-06-09,EQ-091,Tractor,2023-05-22,FARM-06,OP-006,John Davis,20.0,FLD-016,Valley Field,341.89,11.2,76.3,None,0.0,None,,Low
LOG-05542,2023-01-26,EQ-008,Planter,2017-06-21,FARM-08,OP-016,David Jones,4.0,FLD-014,River Field,281.66,8.0,38.4,None,0.0,None,0.65,Medium
LOG-03237,2024-05-14,EQ-096,Tractor,2022-07-28,FARM-04,OP-020,James Hernandez,9.0,FLD-005,North Field,357.3,,41.4,None,0.0,None,0.86,High
LOG-06173,2023-09-29,EQ-096,Tractor,2022-07-28,FARM-04,OP-024,William Gonzalez,5.0,FLD-011,South Field,362.68,2.4,14.2,Inspection,902.56,None,0.47,Medium
LOG-01541,2024-05-25,EQ-048,Tractor,2022-01-05,FARM-05,OP-002,James Hernandez,11.0,FLD-011,South Field,362.68,9.7,44.9,None,0.0,None,0.21,Low
LOG-01218,2023-09-11,EQ-048,Tractor,2022-01-05,FARM-05,OP-024,William Gonzalez,5.0,FLD-001,Sunny Field,,10.9,60.1,None,0.0,None,0.7,High
LOG-02682,2024-01-21,EQ-087,Tractor,2019-05-19,FARM-05,OP-047,Charles Hernandez,18.0,,River Field,208.98,9.6,51.1,None,0.0,None,0.04,Low
LOG-02994,2024-07-02,EQ-025,Harvester,2016-10-31,FARM-08,,Robert Hernandez,14.0,FLD-012,River Field,258.49,1.1,6.0,None,0.0,,0.11,
LOG-05513,2022-06-04,EQ-028,Tractor,2017-07-27,FARM-01,OP-012,Daniel Wilson,18.0,FLD-012,River Field,258.49,7.6,24.2,Routine,1298.27,,0.8,High
LOG-01192,2022-03-18,EQ-049,Harvester,2016-09-18,FARM-06,OP-031,Alice Anderson,12.0,FLD-019,North Field,158.9,4.2,15.8,None,0.0,None,0.88,High
LOG-05773,2023-04-20,EQ-003,,2022-08-03,FARM-09,OP-020,James Hernandez,9.0,FLD-010,Hill Field,315.35,1.7,,None,0.0,None,0.77,High
LOG-05294,2024-01-23,EQ-030,Tractor,2017-05-14,,OP-037,John Williams,11.0,FLD-002,Hill Field,223.83,7.6,37.4,None,0.0,None,0.43,Medium
LOG-01543,2024-08-20,EQ-062,Planter,2020-10-20,FARM-08,OP-047,Charles Hernandez,18.0,FLD-019,North Field,158.9,11.5,88.9,None,0.0,None,0.39,Medium
LOG-03302,2022-09-26,EQ-002,Harvester,2017-07-03,FARM-03,OP-012,Daniel Wilson,18.0,FLD-001,Sunny Field,222.94,9.5,46.4,None,0.0,None,0.25,Low
LOG-03325,2023-09-03,EQ-059,Planter,2017-05-17,FARM-09,OP-027,Emily Johnson,5.0,FLD-004,,103.14,2.9,18.4,None,0.0,None,0.3,Medium
LOG-02540,2023-06-17,EQ-074,Sprayer,2019-10-01,FARM-07,OP-030,Alice Jones,12.0,FLD-007,Golden Field,346.56,4.2,31.5,None,0.0,None,0.34,Medium
LOG-00954,2024-07-18,EQ-079,Planter,2016-07-28,FARM-07,OP-017,Emily Lopez,18.0,FLD-018,River Field,208.98,1.0,5.1,None,0.0,None,0.65,Medium
LOG-04847,2024-03-08,EQ-085,Planter,2017-05-25,FARM-07,OP-004,David Hernandez,10.0,,North Field,264.76,10.8,48.4,None,0.0,None,0.63,Medium
LOG-04331,2023-11-19,EQ-059,Planter,2017-05-17,FARM-09,,Emily Garcia,18.0,FLD-014,River Field,281.66,11.0,33.4,None,,None,0.65,Medium
LOG-00733,2022-07-20,EQ-015,Tractor,2019-03-31,FARM-02,OP-021,Chloe Jones,2.0,FLD-008,West Field,188.47,3.6,18.2,Inspection,1342.48,None,0.08,
LOG-05897,2024-04-22,EQ-019,Sprayer,2015-11-23,FARM-04,OP-014,John Hernandez,18.0,FLD-006,North Field,264.76,8.5,64.4,None,0.0,None,0.27,Low
LOG-01157,2024-07-29,EQ-012,,2016-01-15,FARM-07,OP-032,James Hernandez,8.0,FLD-006,North Field,,3.0,21.9,Inspection,761.25,None,0.72,High
LOG-06477,2023-10-21,EQ-061,Planter,2022-07-14,FARM-06,OP-029,David Miller,5.0,FLD-017,East Field,311.6,9.8,47.6,None,0.0,None,0.83,High
LOG-03295,2022-09-01,EQ-075,Planter,2023-03-06,FARM-01,OP-031,Alice Anderson,12.0,FLD-016,Valley Field,341.89,8.5,30.1,Routine,263.26,None,0.58,Medium
LOG-02983,05-08-2024,EQ-006,Harvester,2017-08-10,FARM-09,OP-029,David Miller,5.0,FLD-007,Golden Field,,6.7,3190.0,Routine,766.46,None,0.07,Low
LOG-05306,2024-11-18,EQ-063,Tractor,2017-10-12,FARM-04,OP-015,Laura Anderson,4.0,FLD-003,Golden Field,66.67,1.6,4.9,Routine,162.36,None,0.89,High
LOG-05162,"September 09, 2023",EQ-057,Harvester,2016-06-09,FARM-08,OP-019,James Lopez,11.0,FLD-003,,66.67,7.4,35.8,Routine,538.84,None,0.16,Low
LOG-02157,2022/09/04,EQ-064,Tractor,2018-10-16,FARM-01,OP-002,James Hernandez,11.0,FLD-007,Golden Field,346.56,7.2,33.6,None,0.0,None,0.8,High
LOG-01063,2024-09-19,EQ-057,Harvester,2016-06-09,FARM-08,OP-015,Laura Anderson,4.0,FLD-020,West Field,220.65,5.4,32.7,Routine,670.48,None,0.92,High
LOG-02617,2024-04-08,EQ-012,,2016-01-15,FARM-07,OP-011,Sophia Jones,6.0,FLD-014,River Field,281.66,11.9,77.5,None,0.0,None,0.8,High
LOG-01168,2023-09-10,EQ-087,Tractor,2019-05-19,FARM-05,OP-028,Alice Wilson,12.0,FLD-005,North Field,357.3,7.9,35.0,None,0.0,None,0.28,Low
LOG-03223,2023-08-18,EQ-064,Tractor,2018-10-16,FARM-01,OP-043,Sarah Brown,1.0,FLD-005,North Field,357.3,1.0,7.1,None,0.0,None,0.73,High
LOG-03637,2023-08-05,,Planter,2019-04-13,FARM-10,OP-017,Emily Lopez,18.0,FLD-002,Hill Field,223.83,2.9,12.3,None,0.0,None,0.49,Medium
LOG-05589,2023-10-25,EQ-067,Harvester,2015-10-04,FARM-01,OP-011,Sophia Jones,6.0,FLD-009,South Field,474.95,,9.0,None,0.0,None,0.43,Medium
LOG-02939,2023-01-09,EQ-003,,2022-08-03,FARM-09,OP-001,William Anderson,9.0,FLD-003,Golden Field,66.67,8.5,44.1,,0.0,None,,High
LOG-04492,2023-09-14,EQ-074,Sprayer,2019-10-01,FARM-07,OP-049,Michael Williams,19.0,FLD-004,Sunny Field,103.14,4.7,21.1,None,0.0,None,0.44,Medium
LOG-03141,2024-09-24,EQ-080,Harvester,2018-02-14,FARM-08,OP-015,Laura Anderson,4.0,FLD-016,Valley Field,341.89,1.9,6.3,Routine,,None,0.7,High
LOG-04981,2023-10-12,EQ-082,Tractor,2015-07-27,FARM-09,OP-004,David Hernandez,10.0,FLD-005,North Field,357.3,4.4,15.0,None,0.0,None,0.66,Medium
LOG-00144,2024-09-07,EQ-100,Planter,2022-05-16,FARM-10,OP-044,James Miller,11.0,FLD-015,West Field,216.02,7.9,55.8,Routine,1175.48,,0.46,Medium
LOG-01231,"November 22, 2022",EQ-081,Harvester,2015-11-05,FARM-08,OP-017,Emily Lopez,18.0,FLD-018,River Field,208.98,11.4,45.8,Routine,684.26,None,0.63,
LOG-03578,2022-01-22,EQ-088,Planter,2018-03-14,FARM-07,OP-002,James Hernandez,11.0,FLD-007,Golden Field,346.56,7.7,33.0,None,0.0,None,0.53,Medium
LOG-04947,2022-06-03,EQ-054,Tractor,2017-09-13,FARM-10,OP-002,James Hernandez,11.0,FLD-005,North Field,357.3,2.8,,None,0.0,None,0.43,Medium
LOG-02783,2024-10-13,EQ-099,Tractr,2021-12-11,FARM-02,OP-018,David Jones,10.0,FLD-003,Golden Field,66.67,2.9,12.6,None,0.0,None,0.34,Medium
LOG-00718,2022-04-04,EQ-003,Tractor,2022-08-03,FARM-09,OP-031,Alice Anderson,12.0,FLD-020,West Field,220.65,3.7,23.1,Routine,967.36,None,0.9,High
LOG-01820,2023-03-28,EQ-056,,2023-07-13,FARM-09,OP-016,,4.0,FLD-008,West Field,188.47,,45.7,None,0.0,None,0.55,Medium
LOG-02503,2022-11-05,EQ-023,Harvester,2022-07-08,FARM-05,OP-048,William Smith,4.0,FLD-001,Sunny Field,222.94,8.7,42.5,None,0.0,None,0.82,High
LOG-04361,2022-08-10,EQ-016,Sprayer,2022-01-18,FARM-10,OP-011,Sophia Jones,6.0,FLD-001,,,6.0,44.7,Inspection,947.96,None,0.51,Medium
LOG-04172,2024-05-10,EQ-071,Planter,2017-09-22,FARM-08,OP-045,Michael Wilson,3.0,FLD-018,River Field,208.98,9.3,29.5,None,0.0,None,0.35,Medium
LOG-00396,2024-09-01,EQ-092,Tractor,2015-07-25,FARM-10,OP-015,Laura Anderson,4.0,,River Field,208.98,11.0,,None,0.0,None,0.84,High
LOG-05732,2022-08-09,EQ-075,Planter,2023-03-06,FARM-01,OP-011,Sophia Jones,6.0,FLD-007,Golden Field,346.56,7.3,56.0,Routine,734.65,None,0.5,Medium
LOG-06321,2024-06-26,EQ-073,Tractor,2022-05-23,FARM-07,OP-003,Sarah Jones,13.0,FLD-015,West Field,216.02,2.9,13.5,None,0.0,None,0.31,Medium
LOG-06763,2022-05-25,EQ-078,Harvester,2017-02-23,FARM-04,OP-037,,11.0,FLD-013,Valley Field,169.83,4.3,25.9,None,0.0,None,0.85,High
LOG-04493,2023-08-20,EQ-032,Planter,2022-03-18,FARM-08,,Grace Rodriguez,1.0,FLD-014,,281.66,8.4,30.6,Inspection,672.41,None,0.34,Medium
LOG-01366,2024-01-12,EQ-032,Planter,2022-03-18,FARM-08,OP-022,Robert Hernandez,14.0,FLD-008,West Field,188.47,3.5,16.0,None,,None,0.69,Medium
LOG-06373,2022-09-19,,Tractor,2021-12-11,FARM-02,OP-039,Michael Williams,4.0,FLD-015,West Field,216.02,7.9,34.4,None,0.0,None,0.86,High
LOG-06000,2024/09/24,EQ-037,Sprayer,2017-06-17,FARM-03,OP-038,Grace Gonzalez,8.0,FLD-006,North Field,264.76,6.9,,Inspection,343.86,None,0.4,Medium
LOG-00596,2022-12-13,EQ-004,Tractor,2021-08-15,FARM-07,OP-050,Michael Smith,4.0,FLD-010,Hill Field,315.35,11.9,72.4,None,0.0,None,0.44,Medium
LOG-06206,2023-10-25,EQ-095,Tractor,2017-01-31,FARM-02,OP-022,Robert Hernandez,14.0,FLD-015,West Field,216.02,10.3,63.9,None,0.0,None,0.74,High
LOG-03953,2022-11-08,EQ-020,Tractor,2019-04-06,FARM-05,OP-023,Michael Smith,1.0,FLD-015,West Field,216.02,3.5,24.9,None,0.0,None,0.21,Low
LOG-05393,2023-07-11,EQ-071,Planter,2017-09-22,FARM-08,OP-037,John Williams,11.0,FLD-002,Hill Field,,10.9,61.8,Inspection,653.89,None,0.79,High
LOG-05918,2022-02-14,EQ-047,Sprayer,2020-08-12,FARM-03,OP-040,Charles Wilson,2.0,FLD-003,Golden Field,66.67,4.7,32.0,None,0.0,None,0.74,High
LOG-04969,2024-05-24,EQ-016,Sprayer,2022-01-18,FARM-10,OP-034,Grace Martinez,5.0,FLD-014,River Field,281.66,11.6,84.5,None,0.0,None,0.88,High
LOG-02915,2023-03-12,EQ-078,Harvester,2017-02-23,FARM-04,OP-045,Michael Wilson,3.0,FLD-016,Valley Field,341.89,9.6,35.2,None,0.0,None,0.85,High
LOG-02327,2022-11-13,EQ-009,Sprayr,2015-01-27,FARM-03,OP-036,Jessica Anderson,14.0,FLD-013,,169.83,6.6,39.0,None,0.0,None,0.8,High
LOG-05645,2022-03-29,EQ-032,Planter,2022-03-18,FARM-08,OP-050,Michael Smith,4.0,FLD-006,North Field,264.76,5.8,35.7,None,0.0,None,0.42,Medium
LOG-03767,"March 05, 2023",EQ-063,Tractor,2017-10-12,FARM-04,OP-040,Charles Wilson,2.0,FLD-014,River Field,281.66,7.9,36.6,Inspection,1110.48,None,0.33,Medium
LOG-03441,2022-12-22,EQ-007,Tractor,2021-04-17,FARM-04,OP-038,Grace Gonzalez,8.0,,Sunny Field,103.14,1.7,7.8,None,0.0,None,0.2,Low
LOG-03852,2024/12/05,EQ-034,Harvester,2023-05-10,FARM-09,OP-036,Jessica Anderson,14.0,,Sunny Field,222.94,5.8,44.4,Repair,51.7,None,0.77,High
LOG-04133,,EQ-027,Harvester,2022-09-05,FARM-06,OP-014,John Hernandez,18.0,FLD-003,Golden Field,66.67,2.1,7.6,None,0.0,None,0.23,Low
LOG-06413,2022-08-09,EQ-034,Harvester,2023-05-10,FARM-09,OP-024,William Gonzalez,5.0,FLD-004,Sunny Field,103.14,10.3,77.0,None,0.0,None,0.68,Medium
LOG-02144,"May 22, 2024",EQ-093,Planter,2020-08-21,FARM-09,OP-006,John Davis,20.0,FLD-014,River Field,281.66,10.5,32.7,None,0.0,None,0.13,Low
LOG-06450,2024-08-08,EQ-082,Tractor,2015-07-27,FARM-09,OP-012,Daniel Wilson,18.0,FLD-017,East Field,311.6,9.5,35.4,None,0.0,None,0.18,Low
LOG-05074,,EQ-095,Tractor,2017-01-31,FARM-02,OP-049,Michael Williams,19.0,FLD-011,South Field,362.68,2.1,6.3,None,0.0,None,0.75,High
LOG-01572,2023-10-20,EQ-081,Harvester,2015-11-05,FARM-08,OP-024,William Gonzalez,,FLD-009,,474.95,1.3,4.1,Routine,732.23,None,0.73,High
LOG-04080,2022-02-05,EQ-097,Planter,2016-05-06,FARM-10,OP-036,,14.0,FLD-012,River Field,258.49,6.4,48.4,Repair,662.72,Belt,0.95,High
LOG-01123,,EQ-053,Sprayer,2018-06-13,FARM-04,OP-008,James Rodriguez,9.0,FLD-016,Valley Field,341.89,2.7,17.0,None,0.0,None,0.4,Medium
LOG-02787,2023-04-11,EQ-001,Tractor,2015-04-13,FARM-05,OP-039,Michael Williams,4.0,FLD-011,South Field,362.68,6.5,30.5,None,0.0,None,0.48,Medium
LOG-06336,2022-10-24,EQ-086,Tractor,2016-11-05,FARM-07,OP-030,Alice Jones,12.0,FLD-004,Sunny Field,103.14,6.4,34.7,None,0.0,None,0.25,Low
LOG-02968,2023-08-09,EQ-086,Tractor,2016-11-05,FARM-07,OP-030,Alice Jones,12.0,FLD-016,Valley Field,341.89,6.9,36.6,None,0.0,None,0.95,
LOG-02505,"November 29, 2022",EQ-079,Planter,2016-07-28,FARM-07,OP-033,Emily Garcia,18.0,FLD-019,North Field,158.9,4.8,19.8,None,0.0,None,0.44,Medium
LOG-05989,2023-04-03,EQ-077,Sprayer,2023-12-24,,OP-004,David Hernandez,10.0,FLD-009,South Field,474.95,9.6,42.7,None,0.0,None,0.88,High
LOG-03466,2023-02-01,EQ-003,Tractor,2022-08-03,FARM-09,OP-006,John Davis,20.0,FLD-004,Sunny Field,103.14,7.1,21.6,None,0.0,None,0.82,High
LOG-00676,,,Planter,2016-01-08,FARM-01,OP-004,David Hernandez,10.0,FLD-012,River Field,258.49,1.0,5.8,None,0.0,None,0.12,Low
LOG-02809,2024-08-07,EQ-099,Tractor,2021-12-11,FARM-02,OP-014,John Hernandez,18.0,FLD-008,West Field,188.47,2.0,13.4,None,0.0,None,0.53,Medium
LOG-03349,2023-07-12,EQ-044,Sprayer,2023-08-15,FARM-06,OP-007,Emily Johnson,18.0,FLD-015,West Field,216.02,1.8,,None,0.0,None,0.33,Medium
LOG-00729,2024-08-29,EQ-025,Harvester,2016-10-31,FARM-08,OP-008,James Rodriguez,9.0,FLD-005,North Field,357.3,6.5,24.7,None,0.0,None,0.06,Low
LOG-00413,2022-08-03,EQ-090,Sprayer,2017-06-10,FARM-01,OP-009,David Anderson,12.0,FLD-014,River Field,281.66,6.6,40.2,None,0.0,None,0.78,
LOG-03147,2023-08-29,EQ-057,Harvester,2016-06-09,FARM-08,OP-001,William Anderson,9.0,FLD-004,Sunny Field,103.14,11.4,54.3,None,0.0,None,0.7,High
LOG-01517,2022-12-15,EQ-052,Planter,2015-03-21,FARM-02,OP-031,Alice Anderson,12.0,FLD-020,West Field,220.65,11.7,,None,0.0,None,0.5,Medium
LOG-05746,2022-04-07,EQ-033,Harvester,2017-12-20,FARM-03,OP-026,Grace Rodriguez,1.0,,North Field,158.9,10.8,85.4,None,0.0,None,0.03,Low
LOG-00826,2023-09-28,EQ-025,Harvester,2016-10-31,FARM-08,OP-002,James Hernandez,11.0,FLD-008,West Field,188.47,6.1,35.4,None,0.0,None,0.64,Medium
LOG-03268,2022-12-25,EQ-008,Planter,2017-06-21,FARM-08,OP-024,William Gonzalez,5.0,FLD-002,Hill Field,223.83,6.9,34.5,Inspection,1242.96,None,0.06,Low
LOG-03975,"February 16, 2024",EQ-091,Tractor,2023-05-22,FARM-06,OP-041,Chloe Brown,7.0,,South Field,474.95,11.7,88.3,Inspection,627.44,None,0.96,High
LOG-00617,2023/04/09,EQ-018,,2015-07-07,FARM-04,OP-011,Sophia Jones,6.0,FLD-007,Golden Field,346.56,1.4,9.6,Routine,441.3,None,0.41,
LOG-00115,2023-10-24,EQ-073,Tractor,2022-05-23,FARM-07,OP-042,Daniel Garcia,10.0,FLD-020,West Field,,10.5,64.4,Inspection,149.02,None,0.44,Medium
LOG-00418,2022-04-13,EQ-038,Planter,2016-01-08,FARM-01,OP-017,Emily Lopez,18.0,FLD-015,West Field,216.02,2.1,8.1,Routine,471.32,None,0.8,High
LOG-03070,2024-03-06,EQ-075,Planter,,FARM-01,OP-041,Chloe Brown,7.0,FLD-006,North Field,264.76,10.3,46.2,None,0.0,None,0.21,Low
LOG-01626,2023-04-04,EQ-090,Sprayr,2017-06-10,FARM-01,OP-042,Daniel Garcia,10.0,FLD-018,River Field,208.98,-6.1,,Routine,947.27,None,0.5,Medium
LOG-03711,2023/09/08,EQ-067,Harvester,2015-10-04,FARM-01,OP-026,Grace Rodriguez,1.0,,West Field,216.02,10.6,51.9,None,0.0,None,0.58,Medium
LOG-04186,2023-10-06,EQ-091,Tractor,2023-05-22,FARM-06,OP-017,Emily Lopez,,FLD-001,Sunny Field,222.94,2.1,14.7,None,0.0,None,0.41,Medium
LOG-02897,2023-08-09,EQ-018,Tractor,2015-07-07,FARM-04,OP-003,Sarah Jones,13.0,FLD-011,South Field,362.68,9.2,71.9,None,0.0,None,0.29,Low
LOG-06530,2023/05/25,EQ-096,Tractor,2022-07-28,FARM-04,OP-016,David Jones,4.0,FLD-017,East Field,311.6,3.9,27.9,Routine,584.53,None,0.46,Medium
LOG-02083,2023-11-15,EQ-007,Tractor,2021-04-17,FARM-04,OP-013,,17.0,FLD-017,East Field,311.6,7.4,32.2,Routine,1265.92,None,0.22,Low
LOG-00754,28-09-2022,EQ-038,Planter,2016-01-08,FARM-01,OP-027,Emily Johnson,5.0,FLD-018,River Field,208.98,6.2,31.6,None,0.0,None,0.03,Low
LOG-02547,2023-01-21,EQ-046,Harvester,2020-02-02,FARM-01,OP-028,Alice Wilson,,FLD-016,Valley Field,341.89,4.2,30.9,None,0.0,None,0.73,High
LOG-03970,"December 12, 2022",EQ-059,Planter,2017-05-17,FARM-09,,Robert Hernandez,14.0,FLD-012,River Field,258.49,7.3,39.4,Routine,427.21,None,0.51,Medium
LOG-03374,2023-01-27,EQ-025,Harvester,2016-10-31,FARM-08,OP-018,David Jones,10.0,FLD-014,River Field,281.66,3.2,14.4,None,0.0,None,0.6,Medium
LOG-05727,2022-04-17,EQ-018,Tractor,2015-07-07,FARM-04,OP-043,Sarah Brown,1.0,,South Field,474.95,9.3,59.1,None,0.0,None,0.27,Low
LOG-04108,2022-10-30,EQ-017,Sprayr,2021-06-22,FARM-04,OP-014,John Hernandez,18.0,FLD-003,Golden Field,66.67,4.5,19.7,None,0.0,None,0.34,Medium
LOG-02445,2022-01-22,EQ-055,Tractor,2015-12-17,FARM-08,OP-030,Alice Jones,12.0,FLD-012,River Field,258.49,5.8,29.8,None,0.0,None,0.61,Medium
LOG-04381,2023-12-23,EQ-036,Planter,2021-07-18,FARM-07,OP-012,Daniel Wilson,,FLD-008,West Field,188.47,10.9,57.6,None,0.0,None,0.09,Low
LOG-01067,05-08-2022,EQ-085,Planter,2017-05-25,FARM-07,OP-045,Michael Wilson,3.0,FLD-003,Golden Field,66.67,5.8,38.2,Inspection,1397.0,None,0.89,High
LOG-03914,2023-04-22,EQ-052,Planter,2015-03-21,FARM-02,OP-042,Daniel Garcia,10.0,FLD-015,,,6.8,49.0,None,0.0,None,0.35,Medium
LOG-05288,2022-05-10,EQ-006,Harvester,2017-08-10,FARM-09,OP-002,James Hernandez,11.0,FLD-017,East Field,311.6,3.2,21.7,None,0.0,None,0.82,High
LOG-05537,2024/04/15,EQ-085,Planter,2017-05-25,FARM-07,OP-014,John Hernandez,18.0,FLD-009,South Field,474.95,10.1,64.5,None,0.0,None,0.14,Low
LOG-05388,2022-05-10,EQ-065,Harvester,2021-08-07,FARM-04,OP-044,James Miller,11.0,FLD-017,East Field,311.6,10.6,40.3,None,0.0,None,0.32,Medium
LOG-05733,2022-02-25,EQ-002,Harvstr,2017-07-03,FARM-03,OP-022,Robert Hernandez,14.0,FLD-007,Golden Field,346.56,10.3,43.3,None,0.0,None,0.73,
LOG-03499,2022-06-18,EQ-003,Tractor,2022-08-03,FARM-09,OP-031,,12.0,FLD-011,South Field,,8.3,62.0,None,0.0,None,0.93,High
LOG-02739,2024-10-29,EQ-005,Tractor,2015-05-03,FARM-02,OP-015,Laura Anderson,4.0,FLD-013,Valley Field,169.83,9.9,69.7,None,0.0,,0.78,High
LOG-05053,,EQ-051,Tractor,2021-09-19,FARM-06,OP-011,Sophia Jones,6.0,FLD-017,East Field,311.6,9.0,32.4,,0.0,None,0.01,Low
LOG-04001,2024-09-25,EQ-010,Planter,2018-10-25,FARM-05,OP-047,Charles Hernandez,18.0,FLD-001,Sunny Field,222.94,9.0,32.4,None,0.0,None,0.13,Low
LOG-01569,2022-12-30,EQ-006,Harvstr,2017-08-10,FARM-09,OP-010,Robert Anderson,8.0,FLD-008,West Field,188.47,,26.2,Inspection,1057.85,,0.76,High
LOG-02428,2022-09-28,EQ-044,Sprayer,2023-08-15,FARM-06,OP-031,Alice Anderson,12.0,FLD-019,North Field,158.9,10.5,38.1,None,0.0,None,0.05,Low
LOG-03747,2023-10-20,EQ-075,,2023-03-06,FARM-01,OP-017,Emily Lopez,18.0,FLD-020,West Field,220.65,10.3,39.4,Inspection,318.26,None,,Medium
LOG-06481,2024-03-30,EQ-085,Planter,2017-05-25,FARM-07,OP-012,Daniel Wilson,18.0,FLD-012,River Field,258.49,8.6,45.3,None,0.0,None,0.66,Medium
LOG-01688,01-12-2022,EQ-072,Planter,2017-02-18,FARM-02,OP-011,Sophia Jones,6.0,FLD-005,North Field,357.3,5.6,31.7,None,0.0,None,0.17,Low
LOG-00852,2024-02-25,EQ-051,Tractor,2021-09-19,FARM-06,OP-044,James Miller,11.0,FLD-007,Golden Field,346.56,8.8,58.8,None,0.0,None,0.1,Low
LOG-03547,2023-05-01,EQ-056,Tractor,2023-07-13,FARM-09,OP-007,Emily Johnson,18.0,FLD-018,River Field,208.98,9.5,46.4,None,0.0,None,0.38,
LOG-06304,2024-03-09,EQ-051,Tractor,2021-09-19,FARM-06,OP-027,Emily Johnson,5.0,FLD-001,Sunny Field,222.94,3.4,22.2,None,0.0,None,0.19,Low
LOG-00896,"September 23, 2024",EQ-016,Sprayer,2022-01-18,FARM-10,OP-036,Jessica Anderson,14.0,FLD-008,West Field,188.47,3.8,17.9,None,0.0,,0.06,Low
LOG-04593,2024-10-18,EQ-085,Planter,2017-05-25,FARM-07,OP-043,Sarah Brown,1.0,FLD-010,Hill Field,315.35,,34.8,Routine,1428.78,None,0.44,Medium
LOG-06402,2024-05-26,EQ-029,Sprayer,2019-07-02,FARM-05,OP-005,Daniel Garcia,3.0,FLD-004,Sunny Field,103.14,1.5,7.1,None,0.0,None,0.24,Low
LOG-05879,2022-03-19,EQ-071,Plntr,2017-09-22,FARM-08,OP-043,,1.0,FLD-016,Valley Field,341.89,9.9,46.1,Routine,1095.59,None,0.87,High
LOG-00336,27-05-2023,EQ-072,Planter,2017-02-18,FARM-02,OP-048,William Smith,4.0,FLD-018,River Field,208.98,2.0,7.0,None,0.0,None,0.13,Low
LOG-02840,2023-06-10,EQ-023,Harvester,2022-07-08,FARM-05,OP-009,David Anderson,12.0,FLD-002,Hill Field,223.83,3.0,16.9,Inspection,1443.81,None,0.56,Medium
LOG-03088,2024-08-08,EQ-003,Tractor,2022-08-03,FARM-09,OP-009,David Anderson,12.0,FLD-010,Hill Field,315.35,8.4,25.4,None,0.0,None,,Medium
LOG-04612,2024-05-23,EQ-032,Planter,2022-03-18,FARM-08,OP-008,James Rodriguez,9.0,FLD-018,River Field,208.98,,20.0,Repair,952.52,None,0.03,Low
LOG-01349,2024-05-18,EQ-037,Sprayer,2017-06-17,FARM-03,OP-035,Sarah Wilson,6.0,FLD-015,West Field,216.02,7.3,42.6,None,0.0,None,0.17,Low
LOG-01016,2023/07/26,EQ-057,Harvester,2016-06-09,FARM-08,OP-009,David Anderson,12.0,FLD-016,Valley Field,341.89,10.3,39.7,Routine,195.75,None,0.3,Medium
LOG-02817,2023-03-31,EQ-049,Harvester,2016-09-18,FARM-06,OP-042,Daniel Garcia,10.0,FLD-009,South Field,474.95,8.5,40.1,None,0.0,None,0.58,Medium
LOG-01632,"May 11, 2022",EQ-100,Planter,2022-05-16,FARM-10,OP-005,Daniel Garcia,3.0,FLD-020,West Field,,6.8,45.2,None,0.0,None,0.25,Low
LOG-02490,2022-01-08,EQ-051,Tractor,2021-09-19,FARM-06,OP-013,Laura Martinez,17.0,FLD-004,Sunny Field,103.14,4.5,14.5,None,0.0,None,0.27,Low
LOG-03731,2023-05-02,EQ-063,,2017-10-12,FARM-04,OP-001,,9.0,FLD-008,West Field,188.47,3.8,13.9,None,,None,0.97,High
LOG-03252,2022-04-12,EQ-063,Tractor,2017-10-12,FARM-04,OP-023,Michael Smith,1.0,FLD-015,West Field,216.02,7.9,49.1,None,0.0,None,0.59,Medium
LOG-06475,2023-08-13,EQ-070,Harvester,2021-01-17,FARM-03,OP-012,Daniel Wilson,18.0,FLD-006,North Field,,4.7,30.4,Routine,994.28,None,0.28,Low
LOG-05878,"May 19, 2023",EQ-096,Tractor,2022-07-28,FARM-04,OP-025,Michael Williams,15.0,FLD-007,Golden Field,346.56,9.0,44.9,Routine,635.02,None,0.19,Low
LOG-05882,2023-08-12,EQ-093,Planter,2020-08-21,FARM-09,OP-016,,4.0,FLD-011,South Field,362.68,8.2,30.9,Inspection,101.52,None,0.32,Medium
LOG-02071,2024-01-26,EQ-083,Tractor,2016-01-18,FARM-04,OP-012,Daniel Wilson,18.0,FLD-008,West Field,188.47,1.6,7.0,,1347.34,None,0.36,Medium
LOG-04453,2023-08-27,EQ-028,Tractr,2017-07-27,FARM-01,,William Gonzalez,5.0,FLD-009,South Field,474.95,11.0,52.7,None,0.0,None,0.7,High
LOG-00445,"May 04, 2024",EQ-072,Planter,2017-02-18,FARM-02,OP-031,Alice Anderson,12.0,FLD-019,North Field,,8.4,62.7,None,0.0,None,0.87,High
LOG-05409,2024-06-16,EQ-030,Tractor,2017-05-14,FARM-10,OP-034,Grace Martinez,5.0,FLD-006,North Field,264.76,8.9,68.0,None,0.0,None,0.67,Medium
LOG-01636,2023-04-10,EQ-034,Harvester,2023-05-10,FARM-09,OP-026,Grace Rodriguez,1.0,FLD-007,Golden Field,346.56,4.9,30.6,Routine,705.0,None,0.1,Low
LOG-04647,"May 02, 2022",EQ-025,Harvester,2016-10-31,FARM-08,OP-047,Charles Hernandez,18.0,FLD-005,North Field,357.3,7.8,37.2,,0.0,None,0.69,
LOG-02480,2023-09-18,EQ-008,Planter,2017-06-21,FARM-08,OP-025,Michael Williams,15.0,FLD-010,Hill Field,315.35,9.3,66.8,None,0.0,None,0.05,Low
LOG-02266,2024-04-04,EQ-036,Planter,2021-07-18,FARM-07,OP-006,John Davis,20.0,FLD-020,West Field,220.65,11.3,58.5,Inspection,254.32,None,0.93,High
LOG-02960,2024-09-19,EQ-078,,2017-02-23,FARM-04,OP-031,Alice Anderson,12.0,FLD-020,West Field,220.65,10.5,79.8,None,0.0,None,0.87,High
LOG-05324,"April 27, 2022",EQ-040,Planter,2021-09-08,FARM-02,,Grace Rodriguez,1.0,FLD-009,South Field,474.95,5.3,39.1,None,0.0,None,0.69,Medium
LOG-06609,2023-12-02,EQ-098,Harvester,2021-06-29,FARM-10,,Sarah Jones,13.0,FLD-016,Valley Field,341.89,10.6,34.7,,0.0,None,0.85,
LOG-03060,2022-11-05,EQ-097,Planter,2016-05-06,FARM-10,OP-025,Michael Williams,15.0,FLD-016,Valley Field,341.89,4.3,20.2,Routine,979.38,None,0.86,High
LOG-05054,2023-10-29,EQ-063,Tractor,2017-10-12,FARM-04,OP-036,Jessica Anderson,14.0,FLD-016,Valley Field,341.89,8.0,44.2,None,0.0,None,0.15,Low
LOG-05870,2022-07-12,EQ-074,Sprayer,2019-10-01,FARM-07,OP-021,Chloe Jones,,FLD-012,River Field,258.49,8.0,40.6,Routine,100.38,None,0.52,Medium
LOG-02142,2022-10-16,EQ-100,Planter,2022-05-16,FARM-10,OP-010,Robert Anderson,8.0,FLD-001,Sunny Field,222.94,11.9,91.0,None,0.0,None,0.36,Medium
LOG-05105,2023-01-29,EQ-078,Harvester,2017-02-23,FARM-04,OP-013,Laura Martinez,17.0,FLD-018,River Field,208.98,5.9,35.2,None,0.0,None,0.73,High
LOG-03119,2023-05-29,EQ-085,Planter,2017-05-25,FARM-07,OP-040,Charles Wilson,2.0,FLD-015,West Field,216.02,11.2,84.2,None,0.0,None,0.4,Medium
LOG-05189,2022-11-16,EQ-055,Tractor,2015-12-17,FARM-08,OP-033,Emily Garcia,18.0,FLD-012,River Field,258.49,10.2,49.1,None,0.0,None,0.66,Medium
LOG-06601,01-11-2023,EQ-041,Planter,2019-04-13,FARM-10,OP-045,Michael Wilson,,FLD-001,Sunny Field,222.94,1.7,7.4,Routine,779.67,None,,Medium
LOG-04046,2023-08-28,EQ-052,Planter,2015-03-21,FARM-02,OP-016,David Jones,4.0,FLD-015,West Field,216.02,3.3,21.1,None,0.0,None,0.59,Medium
LOG-03357,2024-05-07,,Tractor,2022-08-18,FARM-02,OP-042,Daniel Garcia,10.0,,Golden Field,66.67,5.4,17.9,None,0.0,None,0.22,Low
LOG-02745,2024-02-01,EQ-059,Planter,2017-05-17,FARM-09,OP-020,James Hernandez,9.0,FLD-019,North Field,158.9,4.1,13.6,Routine,314.27,None,0.77,High
LOG-05093,2024-03-26,EQ-076,Tractor,2015-09-06,FARM-07,OP-033,Emily Garcia,18.0,FLD-004,Sunny Field,103.14,11.7,91.2,None,0.0,,0.11,Low
LOG-03507,2023-12-10,EQ-031,Sprayer,2017-05-20,FARM-08,OP-020,James Hernandez,9.0,FLD-004,,103.14,3.3,19.7,None,0.0,None,,High
LOG-01680,2024-03-15,EQ-083,Tractor,2016-01-18,FARM-04,OP-020,James Hernandez,9.0,FLD-007,Golden Field,346.56,2.6,9.2,None,0.0,None,0.3,
LOG-04250,2024-07-05,EQ-001,Tractor,2015-04-13,FARM-05,OP-043,Sarah Brown,1.0,FLD-008,West Field,188.47,6.7,51.7,None,0.0,None,0.07,Low
LOG-03148,2024/10/18,EQ-014,Sprayer,2015-06-27,FARM-08,,John Davis,20.0,FLD-015,West Field,216.02,5.7,29.1,None,0.0,None,0.07,Low
LOG-02295,2023-07-03,EQ-048,,2022-01-05,FARM-05,OP-015,Laura Anderson,4.0,,South Field,362.68,8.7,29.7,Inspection,50.94,None,0.09,Low
LOG-00581,2023-10-25,EQ-048,Tractor,2022-01-05,FARM-05,OP-027,Emily Johnson,5.0,FLD-014,River Field,281.66,7.7,44.8,None,0.0,None,0.76,High
LOG-01471,,EQ-013,Tractor,2019-01-10,FARM-06,OP-042,Daniel Garcia,10.0,FLD-013,Valley Field,169.83,2.8,10.2,None,0.0,None,0.68,Medium
LOG-04800,2024-03-04,EQ-050,Harvester,2021-01-18,FARM-09,OP-028,Alice Wilson,12.0,FLD-002,Hill Field,223.83,10.1,72.8,,0.0,None,0.93,High
LOG-04071,2022-04-01,EQ-065,Harvester,2021-08-07,FARM-04,OP-046,Michael Garcia,17.0,FLD-003,Golden Field,66.67,1.5,10.7,Repair,805.64,,0.22,Low
LOG-05309,2023-10-13,EQ-051,,2021-09-19,FARM-06,OP-015,Laura Anderson,4.0,FLD-012,River Field,258.49,,7.7,None,0.0,None,0.89,High
LOG-03344,,EQ-050,Harvester,2021-01-18,FARM-09,OP-015,Laura Anderson,4.0,FLD-007,Golden Field,346.56,11.1,77.8,None,0.0,None,0.47,Medium
LOG-04993,2022-11-17,EQ-062,Planter,2020-10-20,FARM-08,OP-012,Daniel Wilson,18.0,FLD-009,South Field,474.95,8.2,44.4,None,0.0,None,0.64,Medium
LOG-04584,2023/03/25,EQ-082,Tractor,2015-07-27,FARM-09,OP-050,Michael Smith,4.0,FLD-008,West Field,188.47,5.9,27.0,Inspection,1272.36,None,0.73,High
LOG-03673,15-03-2023,EQ-045,Tractor,2018-04-17,FARM-07,OP-028,Alice Wilson,12.0,FLD-011,South Field,362.68,3.6,19.3,None,0.0,None,0.79,High
LOG-00560,2024-12-02,EQ-042,Planter,2020-12-07,FARM-05,OP-011,Sophia Jones,6.0,FLD-002,Hill Field,223.83,2.3,12.4,None,0.0,None,0.36,Medium
LOG-05238,2023-07-23,EQ-054,Tractor,2017-09-13,FARM-10,,Sarah Wilson,6.0,FLD-009,South Field,474.95,4.5,20.8,None,0.0,None,0.99,High
LOG-05216,2023/01/16,EQ-055,Tractor,2015-12-17,FARM-08,OP-048,William Smith,4.0,FLD-018,River Field,208.98,2.5,15.6,None,0.0,None,0.61,Medium
LOG-02850,2024-11-23,EQ-016,Sprayer,2022-01-18,FARM-10,OP-002,James Hernandez,11.0,FLD-007,Golden Field,,9.9,54.2,Inspection,971.57,None,0.54,Medium
LOG-00513,2022-06-27,EQ-084,Harvester,2019-07-23,FARM-08,OP-001,William Anderson,9.0,FLD-006,North Field,264.76,12.0,82.8,None,0.0,None,0.4,Medium
LOG-04730,2024-07-13,EQ-088,Planter,2018-03-14,FARM-07,OP-020,James Hernandez,9.0,FLD-013,Valley Field,169.83,11.3,76.2,None,,None,0.75,High
LOG-01082,2022-12-02,EQ-091,Tractor,2023-05-22,FARM-06,OP-020,James Hernandez,9.0,FLD-015,West Field,216.02,7.3,38.0,None,0.0,None,0.89,High
LOG-01665,2023-10-14,EQ-025,Harvester,2016-10-31,FARM-08,OP-050,Michael Smith,4.0,FLD-007,Golden Field,346.56,1.5,4.6,Inspection,1296.26,None,0.26,Low
LOG-01013,2024-04-19,EQ-099,Tractor,2021-12-11,FARM-02,OP-050,Michael Smith,4.0,FLD-011,South Field,362.68,6.0,25.6,None,0.0,None,0.46,Medium
LOG-01932,2024/06/14,EQ-063,Tractor,2017-10-12,FARM-04,OP-032,James Hernandez,8.0,FLD-009,South Field,474.95,1.5,4.5,None,0.0,None,0.07,Low
LOG-01151,2023-03-07,EQ-007,Tractor,2021-04-17,,OP-042,Daniel Garcia,10.0,FLD-008,,,6.9,20.7,None,0.0,None,0.6,Medium
LOG-02839,2023/09/28,EQ-010,Planter,2018-10-25,FARM-05,OP-009,David Anderson,12.0,FLD-012,River Field,258.49,7.2,39.0,None,0.0,None,0.88,High
LOG-05950,2022-01-15,EQ-010,Plntr,2018-10-25,FARM-05,OP-012,Daniel Wilson,18.0,FLD-005,North Field,357.3,5.8,26.7,Routine,989.53,None,0.31,Medium
LOG-00117,2022-07-04,EQ-048,Tractor,2022-01-05,FARM-05,OP-019,James Lopez,11.0,FLD-003,Golden Field,66.67,7.8,43.2,None,0.0,None,0.55,Medium
LOG-00741,2023-05-08,EQ-013,Tractor,,FARM-06,OP-029,,5.0,FLD-016,Valley Field,341.89,1.9,12.9,None,0.0,None,0.41,Medium
LOG-06719,2024-04-02,EQ-065,Harvester,2021-08-07,FARM-04,OP-050,Michael Smith,4.0,FLD-019,North Field,,5.5,28.4,None,0.0,None,0.88,High
LOG-06071,08-07-2023,EQ-004,Tractor,2021-08-15,FARM-07,OP-001,William Anderson,9.0,FLD-011,South Field,362.68,10.6,5940.0,Routine,1066.07,None,0.21,Low
LOG-05178,2023-07-17,EQ-051,,2021-09-19,FARM-06,OP-028,Alice Wilson,12.0,FLD-005,North Field,357.3,11.0,62.0,Repair,1430.88,Filter,0.64,Medium
LOG-03676,2024-02-07,EQ-086,Tractor,2016-11-05,FARM-07,OP-004,David Hernandez,10.0,FLD-005,North Field,357.3,11.5,51.2,None,0.0,None,0.66,Medium
LOG-05907,2022-05-22,EQ-093,Plntr,2020-08-21,FARM-09,OP-011,Sophia Jones,6.0,FLD-014,River Field,281.66,6.4,49.0,None,0.0,None,0.43,Medium
LOG-00831,2022-07-04,EQ-068,Sprayer,2015-10-18,FARM-09,OP-017,Emily Lopez,18.0,FLD-016,Valley Field,,3.6,13.0,None,0.0,None,0.33,Medium
LOG-00120,2022-11-22,EQ-068,Sprayr,2015-10-18,FARM-09,OP-034,Grace Martinez,5.0,FLD-020,West Field,220.65,5.0,37.9,None,,None,0.77,High
LOG-04753,2023-02-21,EQ-096,Tractor,2022-07-28,FARM-04,OP-011,Sophia Jones,6.0,FLD-016,Valley Field,341.89,-1.2,8.1,None,0.0,None,0.52,Medium
LOG-06677,2022-04-08,EQ-034,Harvester,2023-05-10,FARM-09,OP-023,Michael Smith,1.0,FLD-004,Sunny Field,103.14,6.6,47.5,None,0.0,None,0.22,Low
LOG-06623,"May 12, 2024",EQ-070,,2021-01-17,FARM-03,OP-023,Michael Smith,1.0,FLD-017,East Field,311.6,4.6,27.9,None,0.0,None,0.55,Medium
LOG-06374,2023-08-20,EQ-087,Tractor,2019-05-19,FARM-05,,John Hernandez,18.0,FLD-006,,264.76,2.6,17.9,None,0.0,None,0.96,High
LOG-00636,2024-01-25,EQ-099,Tractor,2021-12-11,FARM-02,OP-020,James Hernandez,9.0,FLD-011,South Field,362.68,10.9,77.4,None,0.0,None,0.84,High
LOG-04466,2024-10-06,EQ-093,Planter,2020-08-21,FARM-09,OP-013,Laura Martinez,17.0,FLD-004,Sunny Field,103.14,8.8,39.1,None,0.0,None,0.66,Medium
LOG-04365,2022-09-11,EQ-035,Sprayer,2023-05-18,,OP-045,,3.0,FLD-019,North Field,158.9,12.0,94.0,Inspection,266.82,,0.12,Low
LOG-04143,,EQ-033,Harvester,2017-12-20,FARM-03,OP-001,William Anderson,9.0,FLD-015,West Field,216.02,3.4,16.7,None,0.0,None,0.97,High
LOG-00992,2023-01-26,EQ-033,Harvester,2017-12-20,FARM-03,OP-020,James Hernandez,9.0,FLD-009,South Field,474.95,8.8,70.3,None,0.0,None,0.75,High
LOG-00877,2023-01-03,EQ-095,Tractor,2017-01-31,FARM-02,OP-043,Sarah Brown,1.0,FLD-015,,216.02,9.6,69.3,Routine,653.56,None,0.7,
LOG-04870,2024/08/23,EQ-014,Sprayer,2015-06-27,FARM-08,OP-045,Michael Wilson,3.0,FLD-003,Golden Field,66.67,2.4,18.5,None,0.0,None,0.02,Low
LOG-05316,2022-02-01,EQ-021,Planter,2022-02-16,FARM-06,OP-011,Sophia Jones,6.0,FLD-009,South Field,474.95,11.8,59.9,None,0.0,None,0.38,Medium
LOG-05223,2024-11-25,EQ-023,Harvester,2022-07-08,FARM-05,OP-037,John Williams,11.0,FLD-008,West Field,188.47,11.9,39.1,None,0.0,None,0.72,High
LOG-00005,2022-01-12,EQ-052,Planter,2015-03-21,FARM-02,OP-016,David Jones,4.0,FLD-005,North Field,357.3,10.8,78.9,None,0.0,None,0.77,High
LOG-03052,2024-07-18,EQ-046,Harvester,2020-02-02,FARM-01,OP-016,David Jones,4.0,FLD-014,River Field,281.66,8.0,42.9,None,0.0,None,0.81,High
LOG-05692,2024-11-27,,Harvester,2017-07-03,FARM-03,OP-034,Grace Martinez,5.0,FLD-016,Valley Field,341.89,5.7,33.2,Routine,1433.47,None,0.13,Low
LOG-03125,22-05-2022,EQ-029,Sprayer,2019-07-02,FARM-05,OP-027,Emily Johnson,5.0,FLD-018,River Field,208.98,4.3,32.2,Routine,568.69,None,0.63,Medium
LOG-06408,2023-06-17,EQ-074,Sprayer,2019-10-01,FARM-07,OP-037,John Williams,11.0,FLD-016,Valley Field,341.89,2.5,16.7,None,0.0,None,0.63,Medium
LOG-02661,2024-06-05,EQ-020,Tractor,2019-04-06,FARM-05,OP-006,John Davis,20.0,FLD-011,South Field,362.68,10.3,62.0,None,0.0,None,0.17,Low
LOG-02492,2022-05-08,EQ-022,Harvester,2019-02-25,FARM-06,OP-043,Sarah Brown,1.0,FLD-019,North Field,,1.7,850.0,None,0.0,None,0.17,Low
LOG-05174,2023-06-16,,Harvester,2016-09-18,FARM-06,OP-023,Michael Smith,1.0,FLD-014,River Field,281.66,1.1,3.7,Routine,1173.16,None,,Medium
LOG-03855,2024-02-16,EQ-094,Harvester,2015-08-21,FARM-09,OP-029,David Miller,5.0,FLD-020,West Field,220.65,6.0,22.5,None,0.0,None,0.41,Medium
LOG-04934,2023-07-02,EQ-023,Harvester,2022-07-08,FARM-05,OP-030,Alice Jones,12.0,FLD-007,Golden Field,346.56,9.4,40.0,None,0.0,None,0.53,Medium
LOG-04778,06-10-2024,EQ-053,Sprayr,2018-06-13,FARM-04,OP-003,Sarah Jones,13.0,FLD-017,East Field,311.6,6.9,55.0,,0.0,None,0.01,Low
LOG-01716,2024-07-15,EQ-052,Planter,2015-03-21,FARM-02,OP-030,Alice Jones,12.0,FLD-015,West Field,216.02,2.7,18.1,None,0.0,None,0.94,High
LOG-06449,2023-12-07,EQ-082,Tractor,2015-07-27,,OP-029,David Miller,5.0,FLD-004,Sunny Field,103.14,3.2,12.3,None,0.0,None,0.58,Medium
LOG-06458,2022-01-02,EQ-090,Sprayer,2017-06-10,FARM-01,OP-040,Charles Wilson,2.0,FLD-018,River Field,,2.2,9.2,None,0.0,None,0.64,Medium
LOG-06294,2024-01-17,EQ-027,Harvester,2022-09-05,FARM-06,OP-014,John Hernandez,18.0,FLD-010,Hill Field,315.35,7.3,48.1,None,0.0,None,0.64,Medium
LOG-01149,2023-06-15,EQ-065,,2021-08-07,FARM-04,OP-046,Michael Garcia,17.0,FLD-017,East Field,311.6,4.3,17.6,None,0.0,None,0.55,Medium
LOG-03262,2024-05-07,EQ-049,Harvester,2016-09-18,FARM-06,OP-042,Daniel Garcia,10.0,FLD-014,River Field,281.66,4.9,36.1,Inspection,,None,0.27,Low
LOG-00575,2022-05-05,EQ-063,Tractor,2017-10-12,FARM-04,OP-006,John Davis,20.0,FLD-015,West Field,216.02,5.0,33.6,None,,None,0.82,High
LOG-03770,2024-07-14,EQ-027,Harvester,2022-09-05,FARM-06,OP-027,Emily Johnson,5.0,FLD-001,Sunny Field,222.94,2.5,10.5,,1131.44,None,0.53,Medium
LOG-03737,2022-04-15,EQ-086,Tractor,2016-11-05,,OP-025,Michael Williams,15.0,FLD-019,North Field,158.9,9.4,60.5,None,0.0,None,0.7,High
LOG-04147,26-02-2023,EQ-034,Harvester,2023-05-10,FARM-09,OP-046,Michael Garcia,17.0,FLD-007,Golden Field,346.56,3.2,9.8,None,0.0,,0.77,High
LOG-00854,2022-01-11,EQ-077,Sprayer,2023-12-24,FARM-02,OP-046,Michael Garcia,17.0,FLD-002,Hill Field,223.83,3.8,23.2,None,0.0,None,,Medium
LOG-01983,2023-05-13,EQ-039,Tractor,2016-09-18,FARM-03,OP-011,Sophia Jones,6.0,FLD-001,Sunny Field,222.94,10.7,72.6,Repair,1097.26,Blade,0.53,Medium
LOG-02775,2023-04-02,EQ-055,Tractor,2015-12-17,FARM-08,OP-043,Sarah Brown,1.0,FLD-005,North Field,357.3,8.4,33.8,None,0.0,None,0.2,Low
LOG-05920,2023-01-08,EQ-062,Planter,2020-10-20,FARM-08,OP-009,David Anderson,12.0,FLD-008,,188.47,9.2,58.9,Routine,748.98,None,0.56,Medium
LOG-04930,2024-06-07,EQ-090,Sprayer,2017-06-10,FARM-01,OP-035,Sarah Wilson,6.0,FLD-019,North Field,158.9,8.2,62.8,None,0.0,None,0.4,Medium
LOG-05212,2022-10-13,EQ-014,,2015-06-27,FARM-08,OP-011,Sophia Jones,6.0,FLD-007,Golden Field,346.56,,36.7,None,0.0,None,0.18,Low
LOG-01167,2022-06-23,EQ-043,Tractor,2022-08-18,FARM-02,OP-008,James Rodriguez,9.0,FLD-012,River Field,258.49,10.9,65.6,Inspection,819.2,None,0.6,Medium
LOG-06003,2024-07-01,EQ-041,Plntr,2019-04-13,FARM-10,OP-033,Emily Garcia,18.0,FLD-020,West Field,220.65,6.5,24.7,None,0.0,None,0.73,High
LOG-00972,2024-07-19,EQ-043,Tractor,2022-08-18,FARM-02,OP-011,Sophia Jones,6.0,FLD-004,Sunny Field,103.14,10.6,80.1,None,0.0,None,0.91,High
LOG-02702,2024-09-12,EQ-062,Planter,2020-10-20,FARM-08,OP-035,Sarah Wilson,6.0,FLD-008,West Field,188.47,8.3,27.4,Routine,511.17,None,0.97,High
LOG-04496,2023-02-01,EQ-063,Tractor,2017-10-12,FARM-04,OP-025,Michael Williams,15.0,FLD-009,South Field,474.95,11.2,67.5,None,0.0,None,0.57,Medium
LOG-03848,2024-04-02,EQ-002,Harvester,2017-07-03,FARM-03,OP-013,Laura Martinez,17.0,FLD-003,Golden Field,66.67,5.2,,None,0.0,None,0.58,Medium
LOG-02369,2024-08-01,EQ-023,Harvester,2022-07-08,FARM-05,OP-028,Alice Wilson,12.0,FLD-017,East Field,311.6,3.9,28.2,None,0.0,None,0.68,Medium
LOG-04116,2023-02-08,EQ-066,Tractor,2015-10-18,FARM-01,OP-015,Laura Anderson,4.0,FLD-009,South Field,474.95,8.5,52.5,None,0.0,None,0.48,Medium
LOG-04781,2023-04-03,EQ-003,Tractor,2022-08-03,FARM-09,OP-013,Laura Martinez,17.0,FLD-015,West Field,216.02,4.2,17.9,None,0.0,None,0.89,High
LOG-04132,2024-02-22,EQ-019,Sprayer,2015-11-23,FARM-04,OP-038,Grace Gonzalez,8.0,FLD-020,West Field,220.65,11.2,53.3,None,0.0,None,0.28,Low
LOG-02951,2024-10-07,EQ-042,Planter,2020-12-07,FARM-05,OP-049,,19.0,FLD-012,River Field,258.49,4.9,39.0,Inspection,731.88,None,0.28,Low
LOG-05626,2023/02/03,EQ-078,Harvester,2017-02-23,FARM-04,OP-018,David Jones,10.0,FLD-008,West Field,188.47,1.5,6.7,None,0.0,,0.47,Medium
LOG-00525,"January 10, 2023",EQ-074,Sprayer,2019-10-01,FARM-07,OP-018,David Jones,10.0,FLD-016,Valley Field,341.89,11.8,89.4,None,0.0,None,0.23,Low
LOG-02456,2022-09-24,EQ-010,Planter,2018-10-25,FARM-05,OP-012,Daniel Wilson,18.0,FLD-004,Sunny Field,103.14,1.9,15.0,,713.94,None,0.05,Low
LOG-05017,2022-07-16,EQ-078,Harvester,2017-02-23,FARM-04,OP-049,Michael Williams,19.0,FLD-020,West Field,220.65,,30.0,Inspection,1242.03,None,,Medium
LOG-01842,2023-05-19,EQ-074,Sprayer,2019-10-01,FARM-07,OP-018,David Jones,10.0,FLD-015,West Field,216.02,6.0,39.3,None,0.0,None,0.17,Low
LOG-05987,2024-08-08,EQ-088,Planter,2018-03-14,FARM-07,OP-040,Charles Wilson,2.0,FLD-001,Sunny Field,222.94,4.8,31.3,None,0.0,None,0.79,High
LOG-00538,2024-05-13,EQ-022,Harvester,2019-02-25,FARM-06,OP-041,Chloe Brown,7.0,FLD-011,South Field,362.68,7.9,46.3,None,0.0,None,0.08,Low
LOG-02807,2022-12-30,EQ-002,Harvester,2017-07-03,FARM-03,OP-031,Alice Anderson,12.0,FLD-007,Golden Field,,9.4,52.1,None,0.0,None,0.67,Medium
LOG-05802,2023-05-22,EQ-010,Planter,2018-10-25,FARM-05,OP-030,Alice Jones,12.0,FLD-004,Sunny Field,103.14,5.1,32.1,None,0.0,None,0.3,Medium
LOG-05597,2024-06-07,EQ-075,Plntr,2023-03-06,FARM-01,OP-028,Alice Wilson,12.0,FLD-012,River Field,258.49,11.5,42.4,Routine,1269.07,None,0.39,Medium
LOG-04342,2023-03-15,EQ-079,Planter,2016-07-28,FARM-07,OP-040,Charles Wilson,2.0,FLD-004,,103.14,,79.0,None,0.0,None,0.58,Medium
LOG-03176,2022-01-09,EQ-067,Harvester,2015-10-04,FARM-01,OP-028,Alice Wilson,12.0,FLD-007,Golden Field,346.56,2.2,17.5,None,0.0,None,0.82,High
LOG-00785,"February 05, 2022",EQ-010,Planter,2018-10-25,FARM-05,OP-008,James Rodriguez,9.0,FLD-005,North Field,357.3,6.3,28.7,None,0.0,None,0.81,High
LOG-04058,2023/09/07,EQ-035,Sprayer,2023-05-18,FARM-10,OP-027,Emily Johnson,5.0,FLD-014,River Field,281.66,3.8,20.8,None,0.0,None,0.95,High
LOG-01410,2024-07-15,EQ-098,Harvester,2021-06-29,FARM-10,OP-035,Sarah Wilson,6.0,FLD-004,Sunny Field,103.14,3.5,27.6,None,0.0,None,0.24,Low
LOG-02538,2023-03-16,,Tractor,2017-05-14,FARM-10,,Michael Williams,19.0,FLD-012,River Field,258.49,,18.2,None,0.0,None,0.53,Medium
LOG-00155,2024-01-22,EQ-074,Sprayer,2019-10-01,FARM-07,OP-009,David Anderson,12.0,FLD-017,East Field,311.6,5.4,33.7,None,0.0,None,0.12,Low
LOG-03010,2023-03-01,EQ-050,Harvester,2021-01-18,FARM-09,OP-002,James Hernandez,11.0,FLD-015,West Field,216.02,4.3,30.0,None,0.0,None,0.7,High
LOG-01687,2024-07-03,EQ-080,Harvester,2018-02-14,FARM-08,OP-021,Chloe Jones,2.0,FLD-019,North Field,158.9,6.2,40.4,None,0.0,None,0.11,Low
LOG-02902,2024-05-16,,Tractor,2017-09-13,FARM-10,OP-009,,12.0,FLD-010,Hill Field,315.35,1.3,4.0,None,0.0,None,0.64,Medium
LOG-04360,2023/01/24,EQ-091,Tractor,2023-05-22,FARM-06,OP-026,Grace Rodriguez,1.0,FLD-019,North Field,158.9,7.4,32.7,Inspection,516.1,None,0.02,Low
LOG-04722,2022-11-19,EQ-045,Tractor,2018-04-17,FARM-07,OP-011,Sophia Jones,6.0,FLD-002,Hill Field,223.83,3.5,24.5,None,0.0,None,0.51,Medium
LOG-03864,2022-07-10,EQ-006,Harvstr,2017-08-10,FARM-09,OP-044,James Miller,11.0,FLD-012,River Field,258.49,10.9,86.9,None,0.0,None,0.93,High
LOG-02734,2022/07/31,EQ-006,Harvester,2017-08-10,FARM-09,OP-035,Sarah Wilson,6.0,FLD-001,Sunny Field,222.94,7.2,51.9,Inspection,117.36,None,0.19,Low
LOG-01896,2024-10-14,EQ-099,Tractor,2021-12-11,FARM-02,OP-039,Michael Williams,4.0,FLD-002,Hill Field,223.83,11.9,48.4,None,0.0,None,0.29,Low
LOG-05443,2024-11-18,EQ-060,Harvester,2022-12-30,FARM-05,,Michael Wilson,3.0,FLD-001,Sunny Field,222.94,9.5,48.2,,0.0,None,0.08,Low
LOG-00570,2022-05-10,EQ-080,Harvester,2018-02-14,FARM-08,OP-016,David Jones,4.0,FLD-011,South Field,362.68,8.2,46.7,None,0.0,None,0.52,Medium
LOG-05855,2023-06-28,EQ-045,Tractor,2018-04-17,FARM-07,,David Anderson,12.0,FLD-019,North Field,158.9,8.0,63.0,None,0.0,None,0.46,Medium
LOG-01817,2024-06-14,EQ-077,Sprayer,2023-12-24,FARM-02,OP-007,Emily Johnson,18.0,FLD-016,Valley Field,341.89,5.3,19.1,Inspection,573.94,None,0.8,High
LOG-02066,2022-07-07,EQ-097,Planter,2016-05-06,FARM-10,OP-003,Sarah Jones,13.0,FLD-015,West Field,216.02,4.9,19.1,None,0.0,None,0.4,Medium
LOG-00128,2024-01-17,,Harvester,2016-06-09,FARM-08,OP-003,Sarah Jones,13.0,FLD-014,River Field,281.66,8.4,35.2,None,0.0,None,0.29,Low
LOG-03395,2022-12-20,EQ-091,Tractor,2023-05-22,FARM-06,OP-032,James Hernandez,8.0,FLD-014,River Field,281.66,9.3,68.6,None,0.0,None,0.98,High
LOG-03328,2023-03-20,,Tractor,2015-10-18,FARM-01,OP-031,Alice Anderson,12.0,FLD-001,Sunny Field,222.94,5.2,30.1,None,0.0,None,0.01,Low
LOG-01999,2024-08-25,EQ-089,Planter,2016-09-26,FARM-04,OP-025,Michael Williams,15.0,FLD-011,South Field,362.68,-8.0,43.9,None,0.0,None,0.82,High
LOG-06103,2022-03-19,EQ-030,Tractor,2017-05-14,FARM-10,,Sophia Jones,6.0,FLD-009,South Field,474.95,7.6,51.3,None,0.0,None,0.14,Low
LOG-02976,2024-10-22,EQ-012,Tractor,2016-01-15,FARM-07,OP-030,Alice Jones,12.0,FLD-018,River Field,208.98,2.6,17.9,,0.0,None,0.82,High
LOG-00981,2022-04-05,EQ-077,Sprayer,2023-12-24,FARM-02,OP-028,Alice Wilson,12.0,FLD-008,West Field,188.47,-9.4,55.8,,0.0,None,0.3,Medium
LOG-02301,13-08-2023,EQ-007,Tractr,2021-04-17,FARM-04,OP-001,William Anderson,9.0,FLD-013,Valley Field,169.83,11.5,70.3,None,0.0,None,0.77,High
LOG-00191,2023-03-01,EQ-039,Tractor,2016-09-18,FARM-03,OP-050,Michael Smith,4.0,FLD-010,Hill Field,315.35,8.6,46.8,None,0.0,None,0.56,Medium
LOG-01140,2023-05-03,EQ-068,Sprayer,2015-10-18,FARM-09,OP-039,Michael Williams,4.0,FLD-012,,258.49,8.2,33.2,None,0.0,None,0.88,High
LOG-05089,2023-05-23,EQ-091,Tractor,2023-05-22,FARM-06,OP-027,Emily Johnson,5.0,FLD-013,Valley Field,169.83,8.4,26.7,Routine,100.56,None,0.36,Medium
LOG-00700,2024-04-22,EQ-002,Harvester,2017-07-03,FARM-03,OP-005,Daniel Garcia,3.0,FLD-001,Sunny Field,222.94,2.1,7.4,None,0.0,None,0.23,Low
LOG-06678,2024-02-13,EQ-004,Tractor,2021-08-15,FARM-07,OP-012,Daniel Wilson,18.0,FLD-016,Valley Field,341.89,3.6,28.7,None,0.0,None,0.46,Medium
LOG-00607,2024-03-03,EQ-036,Planter,2021-07-18,FARM-07,OP-004,David Hernandez,10.0,FLD-009,South Field,474.95,10.8,76.4,Routine,854.66,None,0.28,Low
LOG-04277,"July 29, 2024",EQ-068,Sprayer,2015-10-18,FARM-09,OP-018,David Jones,10.0,FLD-012,River Field,258.49,10.9,68.4,None,0.0,None,0.3,Medium
LOG-00302,2024/01/23,EQ-014,Sprayer,2015-06-27,FARM-08,OP-007,Emily Johnson,18.0,FLD-011,South Field,362.68,10.7,39.4,None,,None,0.75,High
LOG-03421,2024-11-12,EQ-083,Tractor,2016-01-18,FARM-04,OP-049,Michael Williams,19.0,FLD-014,River Field,281.66,6.4,19.2,None,0.0,None,0.73,High
LOG-06736,2024/03/09,EQ-040,Planter,2021-09-08,FARM-02,OP-050,Michael Smith,4.0,FLD-013,,169.83,2.4,10.3,Inspection,1162.19,None,0.05,Low
LOG-01061,"January 25, 2024",EQ-090,Sprayer,2017-06-10,FARM-01,OP-049,Michael Williams,19.0,,West Field,188.47,6.0,38.6,None,0.0,None,0.51,Medium
LOG-06793,"November 30, 2023",EQ-013,Tractor,2019-01-10,FARM-06,OP-022,Robert Hernandez,14.0,FLD-017,East Field,311.6,8.5,61.2,None,0.0,None,0.53,Medium
LOG-01385,2023-07-20,EQ-021,Planter,2022-02-16,FARM-06,OP-033,Emily Garcia,18.0,FLD-011,South Field,,6.0,40.1,None,0.0,None,0.08,Low
LOG-02566,2022-02-10,EQ-017,Sprayer,2021-06-22,FARM-04,OP-044,James Miller,11.0,FLD-013,Valley Field,169.83,9.2,3320.0000000000005,None,0.0,None,0.78,High
LOG-00762,2024/10/19,EQ-016,Sprayer,2022-01-18,FARM-10,,James Hernandez,11.0,FLD-013,Valley Field,169.83,9.5,73.5,None,0.0,None,0.16,Low
LOG-01070,2024-02-12,EQ-077,Sprayer,2023-12-24,FARM-02,OP-005,Daniel Garcia,3.0,FLD-011,South Field,362.68,11.0,73.9,None,0.0,None,0.65,Medium
LOG-02525,2022-03-30,EQ-017,Sprayer,2021-06-22,FARM-04,OP-039,Michael Williams,4.0,FLD-020,West Field,220.65,5.3,23.2,None,0.0,,0.42,Medium
LOG-02206,2024/03/19,EQ-077,Sprayer,2023-12-24,FARM-02,OP-035,Sarah Wilson,6.0,FLD-018,River Field,208.98,3.3,15.1,None,0.0,None,0.71,High
LOG-01244,2023-10-01,EQ-051,Tractor,2021-09-19,FARM-06,OP-007,Emily Johnson,18.0,,North Field,158.9,2.8,11.3,None,0.0,None,0.43,Medium
LOG-00017,2024-08-21,EQ-054,Tractor,2017-09-13,FARM-10,OP-017,Emily Lopez,18.0,FLD-003,Golden Field,66.67,1.2,6.8,None,0.0,None,0.35,Medium
LOG-03121,2022-02-12,EQ-076,Tractor,2015-09-06,FARM-07,OP-037,John Williams,11.0,FLD-010,Hill Field,315.35,7.0,30.7,None,0.0,None,0.73,High
LOG-06295,2024-03-25,EQ-048,Tractor,2022-01-05,FARM-05,OP-026,Grace Rodriguez,1.0,FLD-012,River Field,258.49,2.8,16.5,Inspection,1405.76,None,0.33,Medium
LOG-04643,2023-07-03,EQ-075,Planter,2023-03-06,FARM-01,OP-022,Robert Hernandez,14.0,FLD-005,North Field,357.3,7.2,48.2,Routine,106.57,None,0.16,Low
LOG-04755,2024-11-20,EQ-053,Sprayer,2018-06-13,FARM-04,OP-006,John Davis,20.0,FLD-004,Sunny Field,103.14,8.6,32.3,None,0.0,None,0.83,
LOG-00816,2023-10-23,EQ-049,Harvester,2016-09-18,FARM-06,OP-037,John Williams,11.0,FLD-013,Valley Field,169.83,7.3,51.4,Repair,1028.91,Engine,0.5,Medium
LOG-03068,2023-03-02,EQ-018,Tractor,2015-07-07,FARM-04,OP-025,Michael Williams,15.0,FLD-009,South Field,474.95,2.3,18.2,None,0.0,None,0.4,Medium
LOG-06683,2023/12/12,EQ-048,Tractor,2022-01-05,FARM-05,OP-007,Emily Johnson,18.0,FLD-007,Golden Field,346.56,9.9,58.8,None,0.0,None,0.42,Medium
LOG-05601,2022/09/03,EQ-022,,2019-02-25,FARM-06,OP-033,Emily Garcia,18.0,FLD-014,,281.66,,6.2,None,0.0,None,0.76,High
LOG-00960,2022-05-30,EQ-043,Tractor,2022-08-18,FARM-02,OP-034,Grace Martinez,5.0,FLD-008,West Field,188.47,9.5,57.9,None,0.0,None,,Medium
LOG-06428,2022-03-25,EQ-044,Sprayer,2023-08-15,FARM-06,OP-016,David Jones,4.0,FLD-015,West Field,216.02,1.1,3.6,Routine,58.95,None,0.16,Low
LOG-04894,2022-08-29,EQ-009,Sprayer,2015-01-27,FARM-03,OP-036,Jessica Anderson,14.0,FLD-005,North Field,,2.8,15.3,None,0.0,None,0.64,Medium
LOG-00226,2024/03/06,EQ-072,Planter,2017-02-18,FARM-02,OP-034,Grace Martinez,5.0,FLD-005,North Field,357.3,3.7,14.9,None,0.0,None,0.91,High
LOG-06171,2023-01-19,EQ-051,,2021-09-19,FARM-06,OP-042,Daniel Garcia,10.0,FLD-008,West Field,188.47,,22.4,None,0.0,None,0.55,Medium
LOG-03355,13-01-2024,EQ-076,Tractor,2015-09-06,FARM-07,OP-028,Alice Wilson,12.0,FLD-010,Hill Field,315.35,10.7,63.1,None,0.0,None,0.63,Medium
LOG-05896,2022-04-12,EQ-039,Tractor,2016-09-18,FARM-03,OP-046,Michael Garcia,17.0,FLD-005,North Field,357.3,,44.1,None,0.0,None,0.14,Low
LOG-02486,2022-07-04,EQ-066,Tractor,2015-10-18,FARM-01,OP-037,John Williams,11.0,FLD-004,Sunny Field,103.14,6.2,37.7,Inspection,1152.51,None,0.59,Medium
LOG-00563,2022-11-19,EQ-099,,2021-12-11,FARM-02,OP-006,John Davis,20.0,FLD-008,West Field,188.47,6.5,41.8,None,,None,0.96,High
LOG-03437,2022-12-31,EQ-049,Harvester,2016-09-18,FARM-06,OP-030,Alice Jones,12.0,FLD-012,River Field,,3.4,13.7,None,0.0,None,0.59,Medium
LOG-06374,2023/08/20,EQ-087,Tractor,2019-05-19,FARM-05,OP-014,John Hernandez,18.0,FLD-006,North Field,264.76,2.6,17.9,None,0.0,None,0.96,High
LOG-06182,2022-12-17,EQ-024,Tractor,2021-10-31,FARM-03,OP-023,Michael Smith,1.0,FLD-020,West Field,220.65,8.5,33.1,None,0.0,None,0.09,Low
LOG-01694,2024-10-10,,Harvstr,2017-05-31,FARM-06,OP-023,Michael Smith,1.0,FLD-020,West Field,220.65,1.2,8.9,None,0.0,None,0.18,Low
LOG-01046,2022-03-12,EQ-032,Planter,2022-03-18,FARM-08,OP-016,David Jones,4.0,FLD-016,Valley Field,341.89,11.1,53.4,None,0.0,None,0.04,Low
LOG-03447,2023-07-01,EQ-013,Tractor,2019-01-10,FARM-06,OP-010,Robert Anderson,8.0,FLD-014,River Field,281.66,4.8,15.7,None,0.0,None,0.09,Low
LOG-04566,2022-09-27,EQ-091,Tractor,2023-05-22,FARM-06,OP-037,John Williams,11.0,FLD-003,,66.67,7.6,45.7,Routine,702.39,None,0.12,Low
LOG-00955,2023-07-16,EQ-042,Planter,2020-12-07,FARM-05,OP-028,Alice Wilson,12.0,FLD-014,River Field,281.66,2.3,,None,0.0,None,0.52,Medium
LOG-02816,2022-08-17,EQ-095,Tractor,2017-01-31,FARM-02,OP-005,Daniel Garcia,3.0,FLD-015,West Field,216.02,5.6,30.9,None,0.0,None,0.39,Medium
LOG-02736,2022-11-18,EQ-075,Planter,2023-03-06,FARM-01,OP-015,Laura Anderson,4.0,FLD-006,North Field,264.76,4.8,19.0,None,0.0,None,0.02,Low
LOG-05632,2023/11/27,EQ-096,Tractor,2022-07-28,FARM-04,OP-001,William Anderson,9.0,FLD-010,Hill Field,315.35,1.1,4.6,None,0.0,None,0.64,Medium
LOG-04736,2024-03-29,EQ-086,Tractor,2016-11-05,FARM-07,OP-013,Laura Martinez,17.0,FLD-005,North Field,357.3,6.4,48.0,None,0.0,None,0.1,Low
LOG-06739,2023/12/01,EQ-010,Planter,2018-10-25,FARM-05,,Daniel Garcia,3.0,FLD-016,Valley Field,341.89,8.1,33.8,None,0.0,None,0.14,Low
LOG-01219,2024-04-20,EQ-084,Harvester,2019-07-23,FARM-08,OP-030,Alice Jones,12.0,FLD-014,River Field,281.66,4.9,35.0,None,0.0,None,0.96,High
LOG-05255,2023-06-05,EQ-013,Tractor,2019-01-10,,OP-027,Emily Johnson,5.0,FLD-017,East Field,311.6,11.1,48.7,None,0.0,None,0.29,Low
LOG-05512,2022-07-25,,Harvester,2022-12-30,FARM-05,OP-027,Emily Johnson,5.0,FLD-009,South Field,474.95,7.7,45.8,None,0.0,None,0.86,High
LOG-06653,2024-04-07,EQ-071,Planter,2017-09-22,FARM-08,OP-034,Grace Martinez,5.0,FLD-008,West Field,188.47,3.4,15.9,None,0.0,None,0.66,Medium
LOG-01528,2022-01-20,EQ-063,Tractor,2017-10-12,FARM-04,OP-020,James Hernandez,9.0,FLD-019,North Field,,7.4,54.1,Repair,1335.45,Blade,0.64,
LOG-03988,2024-06-10,EQ-061,Planter,2022-07-14,FARM-06,OP-045,Michael Wilson,3.0,FLD-012,River Field,258.49,2.4,11.3,None,0.0,None,0.96,High
LOG-05237,2023-10-20,EQ-003,Tractor,2022-08-03,FARM-09,OP-015,Laura Anderson,4.0,FLD-011,South Field,362.68,1.1,8.7,Routine,926.51,None,0.8,High
LOG-01301,2022-04-23,EQ-059,Planter,2017-05-17,FARM-09,OP-004,David Hernandez,10.0,FLD-003,Golden Field,66.67,4.0,31.7,Repair,911.79,Blade,0.29,Low
LOG-01784,2023-03-20,EQ-040,Planter,2021-09-08,FARM-02,OP-036,Jessica Anderson,14.0,FLD-015,West Field,216.02,7.8,27.1,None,0.0,None,0.59,Medium
LOG-05700,18-03-2023,EQ-004,Tractor,2021-08-15,FARM-07,OP-007,,18.0,FLD-007,Golden Field,346.56,10.2,61.2,Inspection,517.35,None,0.96,High
LOG-00161,2024/01/26,EQ-064,Tractor,2018-10-16,FARM-01,OP-002,James Hernandez,11.0,FLD-012,River Field,258.49,6.1,48.3,Repair,1332.16,Filter,0.31,Medium
LOG-04068,2023/03/11,,Tractor,2016-09-18,FARM-03,OP-038,Grace Gonzalez,8.0,FLD-002,Hill Field,223.83,6.2,26.6,None,0.0,None,0.43,Medium
LOG-05801,2024-11-22,EQ-052,Planter,2015-03-21,FARM-02,OP-040,Charles Wilson,2.0,FLD-013,Valley Field,169.83,9.8,75.5,Repair,909.44,Filter,0.48,Medium
LOG-00957,2022/02/21,EQ-025,Harvester,2016-10-31,FARM-08,OP-022,Robert Hernandez,14.0,FLD-003,Golden Field,66.67,,4910.0,None,0.0,None,0.95,High
LOG-03792,2024-08-09,EQ-046,Harvstr,2020-02-02,FARM-01,OP-034,Grace Martinez,5.0,FLD-019,North Field,158.9,11.0,35.1,None,0.0,None,0.87,High
LOG-03235,2023/03/11,EQ-012,Tractor,2016-01-15,FARM-07,OP-003,Sarah Jones,13.0,FLD-012,River Field,258.49,8.4,56.4,Routine,938.67,None,0.5,Medium
LOG-02870,,EQ-051,Tractor,2021-09-19,FARM-06,OP-043,Sarah Brown,1.0,FLD-012,River Field,258.49,7.6,27.2,None,0.0,None,0.64,Medium
LOG-03778,,EQ-076,Tractor,2015-09-06,FARM-07,OP-009,David Anderson,12.0,FLD-010,Hill Field,315.35,2.3,7.0,None,0.0,None,0.65,Medium
LOG-04434,2024-10-21,EQ-057,Harvester,2016-06-09,FARM-08,OP-040,Charles Wilson,2.0,FLD-020,West Field,220.65,11.3,66.3,None,0.0,None,0.83,High
LOG-04974,2024-01-08,EQ-018,Tractor,2015-07-07,,OP-017,Emily Lopez,18.0,FLD-005,North Field,357.3,10.7,58.5,None,0.0,None,0.19,Low
LOG-06016,2023/01/25,EQ-005,Tractor,2015-05-03,FARM-02,OP-050,Michael Smith,4.0,FLD-011,South Field,,11.7,53.7,None,0.0,None,0.84,High
LOG-02962,2023-10-13,EQ-068,Sprayer,2015-10-18,FARM-09,OP-001,William Anderson,9.0,FLD-010,Hill Field,315.35,11.1,59.1,None,0.0,None,0.76,High
LOG-05981,2023-10-22,EQ-017,Sprayer,2021-06-22,FARM-04,OP-012,Daniel Wilson,18.0,FLD-020,West Field,220.65,1.6,,None,0.0,None,0.4,Medium
LOG-02201,2024-02-11,EQ-080,Harvester,2018-02-14,FARM-08,OP-012,Daniel Wilson,18.0,FLD-013,Valley Field,169.83,11.4,65.3,None,0.0,None,0.54,Medium
LOG-00099,2022-08-10,EQ-085,Planter,2017-05-25,FARM-07,OP-031,Alice Anderson,12.0,FLD-008,West Field,188.47,4.9,28.3,Repair,453.92,,0.8,High
LOG-06299,2024-01-04,EQ-064,Tractor,2018-10-16,,,Alice Wilson,12.0,FLD-014,River Field,281.66,10.9,50.3,None,0.0,None,0.72,High
LOG-02558,2022-01-30,EQ-058,Harvester,2017-12-21,FARM-09,OP-006,John Davis,20.0,FLD-015,West Field,216.02,11.2,75.6,None,0.0,None,0.91,
LOG-03184,2022-04-10,EQ-091,Tractor,2023-05-22,FARM-06,,Daniel Garcia,10.0,FLD-002,Hill Field,223.83,3.4,19.1,,0.0,None,0.64,Medium
LOG-00254,2024-06-01,EQ-017,Sprayer,2021-06-22,FARM-04,OP-006,John Davis,20.0,,North Field,264.76,5.9,34.1,None,0.0,None,0.04,Low
LOG-03924,2024-10-02,EQ-082,Tractor,2015-07-27,FARM-09,OP-042,Daniel Garcia,10.0,FLD-015,West Field,216.02,2.8,19.1,Routine,512.22,None,0.38,Medium
LOG-04200,2023-03-01,EQ-039,Tractor,2016-09-18,FARM-03,OP-044,,11.0,FLD-004,Sunny Field,103.14,11.0,46.7,None,0.0,None,0.5,Medium
LOG-01446,2023-01-16,EQ-012,Tractor,2016-01-15,FARM-07,OP-012,Daniel Wilson,18.0,FLD-003,Golden Field,66.67,4.5,27.6,Routine,295.54,None,0.02,Low
LOG-05540,2022-11-08,EQ-068,Sprayer,2015-10-18,FARM-09,OP-013,Laura Martinez,17.0,FLD-017,East Field,311.6,7.8,,Repair,894.21,Hydraulics,0.38,Medium
LOG-01649,2023-10-21,EQ-004,Tractor,2021-08-15,FARM-07,OP-032,James Hernandez,8.0,FLD-004,Sunny Field,103.14,-7.2,43.5,None,0.0,None,0.98,High
LOG-04683,2024-10-28,EQ-097,Planter,2016-05-06,FARM-10,OP-032,James Hernandez,8.0,FLD-020,West Field,220.65,2.9,12.0,None,0.0,None,0.5,
LOG-04724,2022-06-23,EQ-099,,2021-12-11,FARM-02,OP-036,Jessica Anderson,14.0,FLD-020,West Field,220.65,7.5,55.9,None,0.0,None,0.94,High
LOG-03992,19-04-2022,EQ-088,Planter,2018-03-14,FARM-07,OP-044,James Miller,11.0,FLD-002,Hill Field,223.83,2.0,6.1,None,0.0,None,0.94,High
LOG-01697,2023/11/13,EQ-059,,2017-05-17,FARM-09,OP-043,Sarah Brown,1.0,FLD-003,Golden Field,,7.1,25.9,None,0.0,None,0.62,Medium
LOG-03192,2022-08-20,EQ-055,Tractor,2015-12-17,FARM-08,OP-034,Grace Martinez,5.0,FLD-014,,281.66,1.9,11.1,None,0.0,None,0.39,Medium
LOG-06198,2022-03-05,EQ-004,Tractor,2021-08-15,FARM-07,OP-038,Grace Gonzalez,8.0,FLD-017,East Field,311.6,7.6,44.1,Routine,78.15,None,0.21,Low
LOG-06296,2023-09-15,EQ-077,Sprayer,2023-12-24,FARM-02,OP-003,Sarah Jones,13.0,FLD-019,North Field,158.9,10.6,35.8,None,0.0,None,0.37,Medium
LOG-04500,2022-11-06,EQ-083,Tractor,2016-01-18,FARM-04,OP-028,Alice Wilson,12.0,FLD-015,West Field,216.02,11.8,52.5,Routine,699.02,None,0.24,Low
LOG-01155,2023-02-27,EQ-081,Harvester,2015-11-05,FARM-08,OP-041,Chloe Brown,7.0,FLD-020,West Field,220.65,10.0,41.0,None,0.0,None,0.58,
LOG-02256,2024-08-19,EQ-076,Tractor,2015-09-06,FARM-07,OP-018,David Jones,10.0,FLD-020,West Field,220.65,1.5,,None,0.0,None,0.56,Medium
LOG-01683,2022/11/16,EQ-096,Tractor,2022-07-28,FARM-04,OP-044,James Miller,11.0,FLD-019,North Field,158.9,8.1,47.6,None,0.0,None,0.16,Low
LOG-03171,2024-11-30,EQ-018,Tractor,2015-07-07,FARM-04,,William Gonzalez,5.0,FLD-004,Sunny Field,103.14,4.2,26.4,None,0.0,None,0.21,Low
LOG-02057,2022-10-22,EQ-001,Tractor,2015-04-13,FARM-05,OP-025,Michael Williams,15.0,FLD-018,River Field,208.98,1.9,13.7,Inspection,962.3,,0.33,Medium
LOG-04091,"March 03, 2024",EQ-014,Sprayer,2015-06-27,FARM-08,OP-002,James Hernandez,11.0,FLD-019,North Field,158.9,,46.8,None,0.0,None,0.55,Medium
LOG-03397,2023-02-06,EQ-072,Planter,2017-02-18,FARM-02,OP-004,David Hernandez,10.0,FLD-013,Valley Field,169.83,4.6,21.9,Routine,1267.85,None,0.03,Low
LOG-03109,2024-02-03,,Harvester,2017-02-23,FARM-04,OP-008,James Rodriguez,9.0,FLD-008,West Field,188.47,10.8,37.9,Repair,407.1,Hydraulics,0.04,Low
LOG-04549,2022-06-04,EQ-017,Sprayer,2021-06-22,FARM-04,OP-008,James Rodriguez,9.0,FLD-012,River Field,258.49,7.3,45.0,None,0.0,None,0.73,High
LOG-03724,2024-02-10,EQ-072,Plntr,2017-02-18,FARM-02,OP-023,Michael Smith,1.0,FLD-017,East Field,311.6,10.4,81.6,None,0.0,None,0.62,Medium
LOG-06398,2022-12-07,EQ-046,Harvester,2020-02-02,FARM-01,OP-049,Michael Williams,19.0,FLD-011,South Field,362.68,9.3,41.6,None,0.0,None,0.69,Medium
LOG-05424,2024-04-13,EQ-046,Harvester,2020-02-02,FARM-01,OP-003,Sarah Jones,13.0,FLD-001,Sunny Field,222.94,4.0,15.0,None,0.0,None,0.42,Medium
LOG-02050,2024-11-17,EQ-060,Harvester,2022-12-30,FARM-05,OP-048,William Smith,4.0,FLD-016,Valley Field,341.89,2.9,11.4,Routine,284.14,None,0.1,Low
LOG-04977,24-01-2023,EQ-005,Tractor,2015-05-03,,OP-015,Laura Anderson,,FLD-013,Valley Field,169.83,6.8,40.2,None,0.0,None,,High
LOG-03644,2024-02-06,EQ-003,Tractor,2022-08-03,FARM-09,OP-041,Chloe Brown,,FLD-019,North Field,158.9,3.1,22.0,Inspection,400.5,None,0.35,Medium
LOG-00696,2024/07/08,EQ-056,Tractor,2023-07-13,FARM-09,OP-001,William Anderson,9.0,FLD-010,Hill Field,315.35,5.2,23.8,None,,None,0.95,High
LOG-00624,2022-07-05,,Sprayer,2015-11-23,FARM-04,OP-030,Alice Jones,12.0,FLD-015,West Field,216.02,8.9,31.7,None,0.0,None,0.93,High
LOG-06490,2024-09-01,EQ-071,,2017-09-22,FARM-08,OP-027,Emily Johnson,5.0,FLD-018,River Field,208.98,7.1,26.7,None,0.0,None,0.48,Medium
LOG-06731,2024-07-15,,Harvester,2019-02-25,FARM-06,OP-027,Emily Johnson,5.0,FLD-010,Hill Field,,2.5,16.2,None,0.0,None,0.7,High
LOG-05884,2023-06-30,EQ-079,Planter,2016-07-28,FARM-07,OP-002,James Hernandez,11.0,FLD-001,Sunny Field,222.94,5.0,28.3,None,0.0,None,0.47,Medium
LOG-00263,2023-08-20,EQ-091,Tractor,2023-05-22,FARM-06,OP-014,John Hernandez,18.0,FLD-015,West Field,216.02,10.1,33.8,None,0.0,None,0.79,High
LOG-05731,"September 19, 2022",EQ-077,Sprayer,2023-12-24,FARM-02,OP-017,Emily Lopez,18.0,FLD-009,South Field,474.95,7.0,45.1,None,0.0,None,0.03,Low
LOG-03370,2022-12-24,EQ-076,Tractr,2015-09-06,FARM-07,OP-012,Daniel Wilson,18.0,FLD-002,Hill Field,223.83,3.7,18.2,None,0.0,None,0.58,Medium
LOG-04062,2023-05-18,EQ-031,Sprayer,2017-05-20,,OP-029,David Miller,5.0,,South Field,474.95,10.0,47.7,,0.0,None,0.41,Medium
LOG-05535,2023-02-04,EQ-058,Harvester,2017-12-21,FARM-09,OP-045,Michael Wilson,3.0,FLD-012,River Field,258.49,9.4,51.1,None,0.0,None,0.27,Low
LOG-06295,2024-03-25,EQ-048,Tractor,2022-01-05,FARM-05,OP-026,,1.0,FLD-012,River Field,258.49,-2.8,,Inspection,1405.76,None,0.33,Medium
LOG-06066,"December 14, 2022",EQ-056,Tractor,2023-07-13,FARM-09,OP-039,Michael Williams,4.0,FLD-016,Valley Field,341.89,1.7,10.0,None,0.0,None,0.48,Medium
LOG-06617,2024-11-28,EQ-084,Harvester,2019-07-23,FARM-08,OP-005,,,FLD-005,North Field,357.3,10.4,46.3,None,0.0,None,,Medium
LOG-01803,2024-04-12,EQ-062,Planter,2020-10-20,FARM-08,OP-040,Charles Wilson,2.0,FLD-017,East Field,311.6,8.1,54.9,Inspection,918.52,,0.29,Low
LOG-04737,"May 16, 2024",EQ-046,Harvester,2020-02-02,FARM-01,OP-044,James Miller,11.0,FLD-002,Hill Field,223.83,11.0,54.5,None,0.0,None,0.08,Low
LOG-03898,"February 20, 2024",EQ-067,Harvester,2015-10-04,FARM-01,OP-046,Michael Garcia,17.0,FLD-018,River Field,208.98,5.8,18.6,None,0.0,None,0.83,High
LOG-02386,2023-04-01,EQ-051,Tractor,2021-09-19,FARM-06,OP-007,Emily Johnson,18.0,FLD-012,River Field,258.49,10.8,62.5,None,0.0,None,0.95,High
LOG-06695,2023/08/12,,Harvstr,2022-07-08,FARM-05,OP-005,Daniel Garcia,3.0,FLD-010,Hill Field,315.35,,37.1,None,0.0,None,0.29,Low
LOG-05760,2024-08-22,EQ-004,Tractor,2021-08-15,FARM-07,OP-033,Emily Garcia,18.0,FLD-009,South Field,474.95,,60.2,None,0.0,None,0.06,Low
LOG-01960,2024-12-28,EQ-017,Sprayer,2021-06-22,FARM-04,OP-004,David Hernandez,10.0,FLD-008,West Field,188.47,11.4,40.7,None,0.0,None,0.9,High
LOG-02977,2024-04-28,EQ-044,Sprayer,2023-08-15,FARM-06,OP-037,,11.0,FLD-010,Hill Field,315.35,7.9,47.2,Routine,659.59,None,0.16,Low
LOG-00489,2022-01-14,EQ-045,Tractor,2018-04-17,FARM-07,OP-032,James Hernandez,8.0,FLD-016,Valley Field,341.89,6.5,24.0,Inspection,161.78,None,0.64,Medium
LOG-01844,2024-04-07,,Tractor,2017-10-12,FARM-04,OP-044,James Miller,11.0,FLD-013,Valley Field,169.83,10.8,57.6,None,0.0,None,0.52,Medium
LOG-01735,2024-06-28,,Harvester,2016-09-18,FARM-06,OP-036,Jessica Anderson,14.0,FLD-006,North Field,264.76,,32.9,None,0.0,None,0.28,Low
LOG-02912,2022/04/11,EQ-001,Tractor,2015-04-13,FARM-05,,William Gonzalez,5.0,FLD-015,West Field,216.02,9.5,,None,0.0,None,0.69,Medium
LOG-03220,2024-03-04,EQ-091,Tractor,2023-05-22,FARM-06,OP-033,Emily Garcia,18.0,FLD-014,River Field,281.66,10.4,66.5,None,0.0,None,0.16,Low
LOG-00147,2022-09-12,EQ-084,Harvester,2019-07-23,FARM-08,OP-022,Robert Hernandez,14.0,FLD-009,South Field,474.95,9.8,50.8,None,0.0,None,0.44,Medium
LOG-05631,2024-11-23,EQ-073,Tractor,2022-05-23,FARM-07,OP-013,Laura Martinez,17.0,FLD-003,Golden Field,66.67,1.9,10.0,Repair,269.97,Hydraulics,0.21,Low
LOG-01987,2024-08-20,EQ-094,Harvstr,2015-08-21,FARM-09,OP-002,James Hernandez,11.0,FLD-003,Golden Field,66.67,5.1,25.8,None,0.0,None,0.29,Low
LOG-01370,2023-01-04,EQ-074,Sprayr,2019-10-01,FARM-07,OP-032,James Hernandez,8.0,FLD-007,Golden Field,346.56,10.6,32.6,Repair,431.9,None,0.71,High
LOG-06547,2024-02-05,EQ-023,Harvester,2022-07-08,FARM-05,OP-037,John Williams,11.0,FLD-010,Hill Field,315.35,6.2,20.2,None,0.0,None,0.63,Medium
LOG-06052,2022-06-22,EQ-015,Tractor,2019-03-31,FARM-02,OP-037,John Williams,11.0,FLD-011,South Field,362.68,5.9,40.8,None,0.0,None,0.45,
LOG-02812,2022-08-20,EQ-082,Tractor,2015-07-27,FARM-09,,Michael Williams,4.0,FLD-001,,222.94,4.1,28.2,None,0.0,None,0.42,Medium
LOG-00660,2024-05-23,EQ-050,Harvester,2021-01-18,FARM-09,OP-004,David Hernandez,10.0,FLD-003,Golden Field,66.67,5.3,34.6,None,0.0,None,0.63,Medium
LOG-01795,2022-05-17,EQ-072,Planter,2017-02-18,FARM-02,OP-017,Emily Lopez,18.0,FLD-016,Valley Field,341.89,11.7,,None,0.0,None,0.12,Low
LOG-02512,19-02-2024,EQ-069,Harvester,2018-02-14,FARM-08,,Sarah Wilson,6.0,FLD-004,Sunny Field,103.14,4.2,24.9,Routine,470.52,None,0.02,Low
LOG-03398,2024-06-18,EQ-011,Harvester,2017-05-31,FARM-06,OP-049,Michael Williams,19.0,FLD-005,North Field,357.3,7.0,34.2,None,0.0,,0.96,High
LOG-04283,16-09-2022,EQ-032,Planter,2022-03-18,FARM-08,OP-006,John Davis,20.0,FLD-020,West Field,220.65,5.9,25.0,Routine,649.96,None,0.41,Medium
LOG-01148,2023-03-23,EQ-001,Tractor,2015-04-13,FARM-05,OP-011,Sophia Jones,6.0,FLD-019,North Field,158.9,7.5,22.8,None,0.0,None,0.51,Medium
LOG-03273,2023-12-05,EQ-013,Tractor,2019-01-10,FARM-06,OP-020,James Hernandez,9.0,FLD-007,Golden Field,346.56,3.5,11.6,,0.0,None,0.59,Medium
LOG-00609,2024-05-04,EQ-081,Harvester,2015-11-05,FARM-08,OP-044,James Miller,11.0,FLD-008,West Field,188.47,3.6,13.5,None,0.0,None,0.9,High
LOG-06288,2022-06-02,EQ-068,Sprayer,2015-10-18,FARM-09,OP-016,David Jones,4.0,FLD-019,North Field,158.9,1.3,10.3,Inspection,1052.15,None,0.11,Low
LOG-03583,2022-05-23,EQ-096,Tractor,2022-07-28,FARM-04,,Michael Williams,19.0,FLD-015,West Field,216.02,8.4,28.8,None,0.0,None,0.75,High
LOG-01931,"March 08, 2024",EQ-082,Tractor,2015-07-27,FARM-09,OP-010,Robert Anderson,8.0,,Golden Field,346.56,4.9,36.0,None,0.0,None,0.66,Medium
LOG-00198,2023-04-21,,Tractor,2016-01-18,FARM-04,OP-004,David Hernandez,10.0,FLD-003,Golden Field,66.67,6.9,45.6,None,0.0,None,0.9,High
LOG-02932,22-06-2023,EQ-046,Harvester,2020-02-02,FARM-01,,Chloe Brown,7.0,FLD-013,Valley Field,169.83,11.4,,None,0.0,None,0.45,Medium
LOG-02328,2022/04/20,EQ-036,Planter,2021-07-18,FARM-07,OP-022,Robert Hernandez,14.0,FLD-010,Hill Field,315.35,8.2,65.4,Repair,1097.45,Tire,0.17,Low
LOG-04390,2024-04-21,EQ-013,Tractor,2019-01-10,FARM-06,OP-002,James Hernandez,11.0,FLD-020,West Field,220.65,6.5,30.6,None,0.0,None,0.97,High
LOG-00767,2024-07-01,EQ-003,Tractor,2022-08-03,FARM-09,OP-006,,20.0,FLD-018,,208.98,8.4,65.4,None,0.0,None,0.4,Medium
LOG-04497,13-02-2024,EQ-037,Sprayer,2017-06-17,FARM-03,OP-007,Emily Johnson,18.0,FLD-014,River Field,281.66,5.9,46.3,None,0.0,None,0.89,High
LOG-04219,2023-03-22,EQ-037,Sprayer,2017-06-17,FARM-03,OP-046,Michael Garcia,17.0,FLD-015,West Field,216.02,11.1,53.2,None,0.0,None,0.49,Medium
LOG-03256,2022-12-11,EQ-072,Planter,2017-02-18,FARM-02,OP-002,James Hernandez,11.0,FLD-013,Valley Field,169.83,10.8,33.1,None,0.0,None,0.64,Medium
LOG-00203,2022-12-26,EQ-087,Tractor,2019-05-19,FARM-05,OP-049,Michael Williams,19.0,FLD-007,Golden Field,346.56,7.7,47.7,None,0.0,None,0.43,Medium
LOG-03511,2023-12-03,EQ-033,Harvester,2017-12-20,FARM-03,OP-007,Emily Johnson,18.0,FLD-008,West Field,,4.0,31.3,None,0.0,None,0.31,Medium
LOG-04932,2022-06-28,EQ-045,Tractor,2018-04-17,FARM-07,OP-005,Daniel Garcia,3.0,FLD-012,River Field,258.49,6.3,,None,0.0,None,0.75,
LOG-06391,2022-11-12,EQ-093,Planter,2020-08-21,FARM-09,OP-006,John Davis,20.0,FLD-002,Hill Field,223.83,5.2,21.6,Routine,103.73,None,0.78,High
LOG-05536,2022-11-21,EQ-037,Sprayer,2017-06-17,FARM-03,OP-022,Robert Hernandez,14.0,FLD-004,Sunny Field,103.14,7.9,60.3,Inspection,295.1,None,0.02,Low
LOG-01734,2022/06/11,EQ-004,Tractor,2021-08-15,FARM-07,OP-002,James Hernandez,11.0,FLD-014,River Field,,5.1,35.1,None,0.0,None,0.45,Medium
LOG-05792,2023-08-06,EQ-057,Harvester,2016-06-09,FARM-08,OP-040,Charles Wilson,2.0,FLD-008,West Field,188.47,6.4,28.6,None,0.0,None,0.1,Low
LOG-02778,,EQ-026,Planter,2018-01-10,FARM-09,OP-030,Alice Jones,12.0,FLD-006,North Field,264.76,6.2,46.3,None,0.0,None,0.48,Medium
LOG-01708,2022-09-11,EQ-070,Harvester,2021-01-17,FARM-03,OP-037,John Williams,11.0,FLD-007,Golden Field,346.56,8.7,29.4,Inspection,516.04,None,0.98,High
LOG-05173,2024-07-20,EQ-067,Harvester,2015-10-04,FARM-01,OP-041,Chloe Brown,7.0,FLD-003,Golden Field,66.67,2.8,21.5,None,0.0,None,0.47,Medium
LOG-05250,2022-12-29,EQ-014,Sprayer,2015-06-27,FARM-08,OP-025,Michael Williams,15.0,FLD-012,River Field,258.49,8.5,41.3,None,0.0,None,0.13,Low
LOG-05758,2024-03-16,EQ-005,Tractor,2015-05-03,FARM-02,OP-025,Michael Williams,15.0,FLD-002,Hill Field,223.83,1.7,9.0,None,0.0,None,0.49,Medium
LOG-03475,2024-12-15,,Tractor,2015-04-13,FARM-05,OP-049,Michael Williams,19.0,FLD-004,Sunny Field,103.14,3.4,1440.0,None,0.0,None,0.44,Medium
LOG-06529,2024-09-08,EQ-063,Tractor,2017-10-12,FARM-04,OP-018,David Jones,10.0,FLD-010,Hill Field,315.35,10.7,36.3,None,0.0,None,0.17,Low
LOG-05856,2024-02-01,EQ-037,Sprayer,2017-06-17,FARM-03,OP-008,James Rodriguez,9.0,FLD-010,Hill Field,315.35,1.4,8.9,None,0.0,None,0.76,High
LOG-00855,26-03-2022,EQ-048,Tractor,2022-01-05,FARM-05,OP-009,,12.0,FLD-018,River Field,,7.4,31.8,None,0.0,None,0.92,High
LOG-05686,2023-02-18,EQ-078,Harvester,2017-02-23,FARM-04,OP-024,William Gonzalez,5.0,FLD-019,North Field,158.9,9.2,60.7,Repair,1311.9,Tire,,Medium
LOG-06364,"September 16, 2024",EQ-057,Harvstr,2016-06-09,FARM-08,OP-020,James Hernandez,9.0,FLD-003,Golden Field,66.67,4.8,34.2,Routine,1028.45,None,0.85,High
LOG-04738,2022-08-13,EQ-046,Harvester,2020-02-02,FARM-01,OP-048,William Smith,4.0,FLD-015,West Field,216.02,8.6,41.5,None,0.0,None,0.42,Medium
LOG-04098,2023-12-15,EQ-072,Planter,2017-02-18,FARM-02,OP-015,Laura Anderson,4.0,FLD-020,West Field,220.65,7.3,23.4,None,0.0,None,0.61,Medium
LOG-02161,2022-02-21,EQ-043,Tractor,2022-08-18,FARM-02,OP-041,Chloe Brown,7.0,FLD-019,,158.9,9.3,64.9,Routine,903.35,None,0.66,Medium
LOG-00699,2023-11-23,EQ-099,Tractor,2021-12-11,FARM-02,OP-013,Laura Martinez,17.0,FLD-017,East Field,311.6,8.5,67.7,None,0.0,None,0.02,Low
LOG-05835,05-09-2022,EQ-070,Harvester,2021-01-17,FARM-03,OP-006,John Davis,20.0,FLD-003,Golden Field,66.67,6.2,23.6,None,0.0,,0.78,High
LOG-03000,2023-10-27,EQ-069,Harvester,2018-02-14,FARM-08,OP-029,David Miller,5.0,FLD-004,Sunny Field,103.14,7.9,39.2,None,0.0,None,0.53,Medium
LOG-03697,2022-05-10,EQ-100,Planter,2022-05-16,FARM-10,OP-014,John Hernandez,18.0,FLD-010,Hill Field,315.35,11.7,48.0,Routine,185.19,None,0.75,High
LOG-01637,2022-05-05,EQ-033,Harvester,2017-12-20,FARM-03,OP-002,James Hernandez,11.0,FLD-020,West Field,220.65,11.8,38.9,None,0.0,None,0.18,Low
LOG-03458,2022-10-29,EQ-066,Tractor,2015-10-18,FARM-01,OP-042,Daniel Garcia,10.0,FLD-001,Sunny Field,222.94,11.0,85.1,None,0.0,None,0.8,High
LOG-03582,2024-04-12,EQ-084,Harvester,2019-07-23,FARM-08,OP-014,John Hernandez,18.0,FLD-019,North Field,158.9,2.6,10.7,None,0.0,None,0.19,Low
LOG-01292,2022-06-26,EQ-099,Tractor,2021-12-11,FARM-02,OP-036,Jessica Anderson,14.0,FLD-005,North Field,357.3,8.8,32.7,None,0.0,None,0.43,Medium
LOG-04660,12-11-2023,EQ-074,Sprayer,2019-10-01,FARM-07,OP-017,Emily Lopez,18.0,FLD-010,Hill Field,,6.3,28.0,None,0.0,None,0.09,Low
LOG-06586,28-04-2023,EQ-063,Tractor,2017-10-12,FARM-04,OP-041,Chloe Brown,7.0,FLD-020,West Field,220.65,6.3,49.6,None,0.0,None,0.63,Medium
LOG-05617,2023-12-27,EQ-096,Tractor,2022-07-28,FARM-04,OP-028,Alice Wilson,12.0,FLD-002,Hill Field,223.83,9.9,60.7,None,0.0,None,0.47,Medium
LOG-01854,2024-07-31,EQ-058,Harvester,2017-12-21,FARM-09,OP-026,Grace Rodriguez,1.0,FLD-011,South Field,362.68,4.8,22.2,None,0.0,None,0.8,High
LOG-05233,2022-09-18,EQ-035,Sprayer,2023-05-18,FARM-10,OP-029,David Miller,5.0,FLD-010,Hill Field,315.35,4.3,24.9,None,0.0,None,0.25,Low
LOG-03764,2024-12-10,EQ-088,Planter,2018-03-14,FARM-07,OP-046,Michael Garcia,17.0,FLD-017,,311.6,3.2,12.3,None,0.0,None,0.71,High
LOG-03305,2022-01-18,EQ-100,Planter,2022-05-16,FARM-10,OP-004,David Hernandez,10.0,FLD-009,South Field,474.95,7.7,50.8,None,0.0,None,0.41,Medium
LOG-02046,2023-12-08,EQ-017,Sprayer,2021-06-22,FARM-04,OP-030,Alice Jones,12.0,FLD-016,Valley Field,341.89,-5.1,20.2,None,0.0,None,0.88,High
LOG-05728,2022-09-26,EQ-092,Tractor,2015-07-25,FARM-10,OP-023,Michael Smith,1.0,FLD-003,Golden Field,66.67,1.7,10.3,None,0.0,None,0.64,Medium
LOG-03744,2022-05-16,EQ-065,Harvester,2021-08-07,FARM-04,OP-013,Laura Martinez,17.0,FLD-011,South Field,362.68,5.6,29.7,None,0.0,None,0.83,High
LOG-03446,14-09-2023,EQ-096,Tractor,2022-07-28,FARM-04,OP-020,James Hernandez,9.0,FLD-011,South Field,362.68,2.3,13.3,None,0.0,None,0.6,Medium
LOG-01999,"August 25, 2024",EQ-089,Planter,2016-09-26,FARM-04,OP-025,Michael Williams,15.0,FLD-011,South Field,362.68,8.0,43.9,None,0.0,None,0.82,High
LOG-00664,2023-11-08,EQ-047,Sprayr,2020-08-12,FARM-03,OP-026,Grace Rodriguez,1.0,FLD-006,North Field,264.76,9.7,,None,0.0,None,,Low
LOG-04780,24-05-2024,EQ-098,Harvester,2021-06-29,FARM-10,,John Williams,11.0,FLD-020,West Field,220.65,5.4,29.1,None,0.0,None,0.44,
LOG-05354,2022-04-15,EQ-037,Sprayer,2017-06-17,FARM-03,OP-008,James Rodriguez,9.0,FLD-002,Hill Field,,8.0,41.5,None,0.0,None,0.3,Medium
LOG-03749,2024-06-09,EQ-096,Tractor,2022-07-28,FARM-04,OP-041,Chloe Brown,7.0,FLD-014,River Field,281.66,6.6,48.6,None,0.0,None,0.08,
LOG-04414,2022-06-23,EQ-065,Harvester,2021-08-07,FARM-04,OP-027,Emily Johnson,5.0,FLD-017,East Field,311.6,8.1,56.3,None,0.0,None,0.23,Low
LOG-04745,2022/06/24,EQ-053,Sprayer,2018-06-13,FARM-04,OP-048,William Smith,4.0,FLD-007,Golden Field,,7.3,55.8,Routine,284.95,None,0.62,Medium
LOG-05531,2024-11-09,EQ-044,Sprayer,2023-08-15,FARM-06,OP-049,Michael Williams,19.0,FLD-013,Valley Field,,8.7,44.4,None,0.0,None,0.1,Low
LOG-05576,2022-10-15,EQ-083,Tractor,2016-01-18,FARM-04,OP-039,Michael Williams,4.0,FLD-001,Sunny Field,222.94,3.3,9.9,None,0.0,None,0.35,Medium
LOG-00710,08-04-2023,EQ-056,Tractor,2023-07-13,FARM-09,OP-026,Grace Rodriguez,1.0,FLD-003,Golden Field,,1.0,7.8,None,0.0,None,0.48,Medium
LOG-01283,2022-08-19,EQ-085,Planter,2017-05-25,FARM-07,,Michael Williams,4.0,FLD-016,Valley Field,341.89,4.0,22.4,None,0.0,None,0.15,Low
LOG-05865,2024-12-14,EQ-081,Harvester,2015-11-05,FARM-08,OP-048,William Smith,4.0,FLD-003,Golden Field,66.67,8.3,58.3,None,0.0,None,0.96,High
LOG-05069,2022-12-16,EQ-015,Tractor,2019-03-31,FARM-02,OP-019,James Lopez,11.0,FLD-019,North Field,158.9,4.4,18.1,Repair,399.93,Blade,0.88,High
LOG-02676,2023-11-23,EQ-057,Harvester,2016-06-09,FARM-08,OP-022,,14.0,FLD-008,West Field,188.47,6.8,44.4,Routine,1387.8,None,0.56,Medium
LOG-06777,15-04-2024,EQ-076,Tractor,2015-09-06,FARM-07,OP-050,Michael Smith,4.0,FLD-013,Valley Field,169.83,4.6,20.8,None,0.0,None,0.79,High
LOG-04030,2023-07-02,EQ-096,Tractor,2022-07-28,FARM-04,OP-029,David Miller,5.0,FLD-001,,222.94,3.2,13.3,None,0.0,None,0.68,Medium
LOG-01307,2022/09/10,EQ-034,Harvester,2023-05-10,FARM-09,OP-040,Charles Wilson,2.0,FLD-015,West Field,216.02,-5.8,35.8,Inspection,1236.9,None,,Medium
LOG-05497,2023-05-07,EQ-040,Planter,2021-09-08,FARM-02,OP-039,Michael Williams,4.0,FLD-004,Sunny Field,103.14,5.9,30.1,None,0.0,None,0.57,Medium
LOG-05505,2023-09-24,EQ-067,Harvester,2015-10-04,FARM-01,OP-005,Daniel Garcia,3.0,FLD-010,Hill Field,315.35,10.5,54.0,None,0.0,None,0.86,
LOG-02238,2022-09-10,EQ-086,Tractor,2016-11-05,FARM-07,OP-021,Chloe Jones,2.0,FLD-008,West Field,188.47,2.6,13.7,None,0.0,None,0.66,Medium
LOG-03303,2022-03-12,EQ-064,Tractor,2018-10-16,FARM-01,OP-036,Jessica Anderson,14.0,FLD-020,West Field,220.65,10.8,72.6,None,0.0,None,0.35,Medium
LOG-05593,2023-12-11,EQ-070,Harvester,2021-01-17,FARM-03,OP-002,James Hernandez,11.0,FLD-019,North Field,158.9,4.3,14.4,None,0.0,None,0.68,Medium
LOG-02039,29-11-2022,EQ-077,,2023-12-24,FARM-02,OP-019,James Lopez,11.0,FLD-013,,169.83,1.6,12.3,None,0.0,None,0.72,High
LOG-01530,2024-11-04,EQ-081,Harvester,2015-11-05,FARM-08,OP-012,Daniel Wilson,18.0,FLD-011,South Field,362.68,6.3,27.8,None,0.0,None,0.27,
LOG-01664,2022-10-20,EQ-079,Planter,2016-07-28,FARM-07,OP-024,,5.0,FLD-015,West Field,216.02,5.9,40.4,None,0.0,None,0.5,Medium
LOG-05451,2022-03-24,EQ-007,Tractor,2021-04-17,FARM-04,OP-017,Emily Lopez,18.0,FLD-016,Valley Field,341.89,6.3,38.5,None,0.0,None,0.84,High
LOG-02419,2023-11-18,EQ-068,Sprayer,2015-10-18,FARM-09,OP-040,Charles Wilson,2.0,FLD-018,River Field,,7.7,36.5,None,0.0,None,0.65,Medium
LOG-00995,2024-08-29,EQ-030,,2017-05-14,FARM-10,OP-015,Laura Anderson,4.0,FLD-007,Golden Field,346.56,3.6,21.4,None,0.0,None,0.47,Medium
LOG-03628,2022-10-31,EQ-013,Tractor,2019-01-10,FARM-06,OP-044,James Miller,11.0,,South Field,362.68,6.1,21.6,None,0.0,None,0.75,High
LOG-05740,2022-01-25,EQ-058,Harvester,2017-12-21,FARM-09,OP-034,Grace Martinez,5.0,FLD-007,Golden Field,346.56,8.5,28.5,None,0.0,None,0.43,Medium
LOG-05148,2024-10-20,EQ-047,Sprayer,2020-08-12,FARM-03,OP-003,Sarah Jones,13.0,FLD-001,Sunny Field,222.94,9.2,72.2,None,0.0,None,0.06,Low
LOG-04892,2023-06-25,EQ-009,Sprayr,2015-01-27,FARM-03,OP-008,James Rodriguez,9.0,FLD-002,Hill Field,223.83,6.9,32.1,None,0.0,None,0.91,High
LOG-02694,2023-09-27,EQ-079,Planter,2016-07-28,FARM-07,OP-022,Robert Hernandez,14.0,FLD-008,West Field,188.47,7.0,,None,0.0,None,0.81,High
LOG-03061,2023-04-05,,Sprayer,2017-06-10,FARM-01,OP-027,Emily Johnson,5.0,FLD-007,Golden Field,346.56,4.6,18.7,None,0.0,None,,Medium
LOG-01598,2023-04-21,EQ-081,Harvester,2015-11-05,FARM-08,OP-039,Michael Williams,4.0,FLD-016,Valley Field,341.89,8.3,37.3,Repair,1127.22,Tire,0.16,Low
LOG-06701,2022-04-06,EQ-014,Sprayer,2015-06-27,FARM-08,OP-002,James Hernandez,11.0,FLD-018,River Field,208.98,8.3,28.1,None,0.0,None,0.81,High
LOG-02730,2022-05-02,EQ-099,Tractor,2021-12-11,FARM-02,OP-037,John Williams,11.0,FLD-014,River Field,281.66,2.4,12.4,None,0.0,None,0.4,Medium
LOG-02626,2023-03-23,EQ-043,Tractor,2022-08-18,FARM-02,,William Anderson,9.0,FLD-007,Golden Field,,1.0,3.1,None,0.0,None,0.38,Medium
LOG-05916,2023-01-23,EQ-021,Planter,2022-02-16,FARM-06,,Michael Wilson,3.0,FLD-020,,220.65,3.2,24.9,None,0.0,None,0.36,Medium
LOG-03158,2022-07-31,EQ-069,Harvester,2018-02-14,FARM-08,OP-046,Michael Garcia,17.0,FLD-009,South Field,474.95,6.4,36.9,None,0.0,None,0.5,Medium
LOG-03315,2022-08-22,EQ-061,Planter,2022-07-14,FARM-06,OP-001,William Anderson,9.0,FLD-015,West Field,216.02,5.8,25.2,None,0.0,None,0.79,High
LOG-01723,2022-09-07,EQ-080,Harvester,2018-02-14,,,Alice Wilson,12.0,FLD-020,West Field,220.65,7.6,42.9,None,0.0,None,0.38,Medium
LOG-05280,2023/04/26,,Tractor,2015-12-17,FARM-08,OP-026,Grace Rodriguez,1.0,FLD-001,Sunny Field,222.94,5.5,28.2,None,0.0,None,0.04,Low
LOG-06669,"July 08, 2023",EQ-061,Planter,2022-07-14,FARM-06,OP-028,,12.0,FLD-017,East Field,311.6,1.1,6.7,None,0.0,,0.08,Low
LOG-01060,2024-04-02,EQ-013,Tractor,2019-01-10,FARM-06,OP-001,William Anderson,9.0,FLD-015,West Field,216.02,9.0,67.0,Repair,922.77,Blade,0.53,Medium
LOG-04637,2022-03-26,EQ-004,Tractor,2021-08-15,FARM-07,OP-012,Daniel Wilson,18.0,FLD-010,Hill Field,315.35,5.4,17.9,None,0.0,None,0.64,
LOG-03243,2023-01-19,EQ-051,Tractor,2021-09-19,FARM-06,OP-021,Chloe Jones,2.0,FLD-006,North Field,264.76,,44.0,None,0.0,None,0.71,High
LOG-01679,2024/01/15,EQ-094,Harvester,2015-08-21,FARM-09,OP-043,Sarah Brown,1.0,FLD-020,West Field,220.65,10.9,62.6,None,0.0,None,0.41,Medium
LOG-06375,2022-06-15,EQ-005,Tractor,2015-05-03,FARM-02,OP-002,James Hernandez,11.0,FLD-020,West Field,220.65,8.5,66.5,None,,None,0.12,Low
LOG-06629,2023-11-17,EQ-087,Tractor,2019-05-19,FARM-05,OP-050,Michael Smith,4.0,FLD-008,West Field,188.47,1.6,8.0,None,0.0,None,0.38,Medium
LOG-01758,2023-06-23,EQ-016,Sprayr,2022-01-18,FARM-10,OP-020,James Hernandez,9.0,FLD-005,North Field,357.3,6.0,46.0,None,0.0,None,0.91,High
LOG-06020,2023-06-26,EQ-066,Tractor,2015-10-18,FARM-01,OP-050,Michael Smith,4.0,FLD-006,North Field,264.76,8.2,41.7,None,0.0,None,0.08,Low
LOG-04192,2024-03-13,EQ-077,Sprayer,2023-12-24,FARM-02,OP-021,Chloe Jones,2.0,FLD-004,Sunny Field,103.14,4.3,24.0,None,0.0,None,0.46,Medium
LOG-05117,2023-08-26,EQ-058,Harvester,2017-12-21,FARM-09,OP-041,Chloe Brown,7.0,FLD-015,West Field,216.02,7.4,27.8,None,0.0,None,0.27,Low
LOG-00564,2022-05-03,EQ-098,Harvester,2021-06-29,FARM-10,OP-041,Chloe Brown,7.0,FLD-002,Hill Field,223.83,4.9,,None,0.0,None,0.12,Low
LOG-02791,2022-04-15,EQ-036,Planter,2021-07-18,FARM-07,OP-014,John Hernandez,18.0,FLD-015,West Field,216.02,5.4,26.3,None,0.0,None,0.45,Medium
LOG-00864,2022-08-06,EQ-051,Tractr,2021-09-19,FARM-06,OP-024,William Gonzalez,5.0,FLD-019,North Field,158.9,10.2,38.4,Routine,1254.51,None,0.66,Medium
LOG-01485,21-07-2023,EQ-056,Tractor,2023-07-13,FARM-09,OP-018,David Jones,10.0,FLD-006,North Field,264.76,6.5,21.0,None,0.0,None,0.19,Low
LOG-05978,2023/07/26,EQ-012,Tractor,2016-01-15,FARM-07,OP-029,David Miller,5.0,FLD-015,West Field,216.02,7.2,56.0,Routine,222.4,None,0.48,Medium
LOG-05135,2023-03-16,EQ-048,Tractor,2022-01-05,FARM-05,OP-004,,10.0,FLD-018,River Field,208.98,,19.4,None,0.0,None,0.92,High
LOG-00207,2022-08-29,EQ-065,Harvester,2021-08-07,FARM-04,OP-046,Michael Garcia,17.0,FLD-010,Hill Field,315.35,8.0,61.6,None,0.0,None,0.23,
LOG-04489,2023/11/20,EQ-037,Sprayer,2017-06-17,FARM-03,OP-005,Daniel Garcia,3.0,FLD-015,West Field,216.02,1.1,8.6,None,0.0,None,0.13,Low
LOG-00871,2024/05/16,EQ-050,Harvester,2021-01-18,FARM-09,OP-031,Alice Anderson,12.0,FLD-009,South Field,474.95,2.0,10.2,None,0.0,None,,Low
LOG-04494,2022-10-03,EQ-070,Harvester,2021-01-17,,OP-008,James Rodriguez,9.0,FLD-010,Hill Field,315.35,1.4,9.8,None,0.0,None,0.65,Medium
LOG-00503,2023-10-09,EQ-049,Harvester,2016-09-18,FARM-06,OP-042,Daniel Garcia,10.0,FLD-007,Golden Field,346.56,5.5,19.4,None,0.0,None,0.58,Medium
LOG-01029,2022-01-28,EQ-095,Tractor,2017-01-31,FARM-02,OP-015,Laura Anderson,4.0,FLD-017,East Field,311.6,3.6,21.9,,0.0,None,0.31,Medium
LOG-03841,2024-01-11,EQ-033,Harvester,2017-12-20,FARM-03,OP-022,Robert Hernandez,14.0,FLD-006,North Field,264.76,6.1,32.1,None,0.0,None,0.26,Low
LOG-02691,,EQ-002,Harvester,2017-07-03,FARM-03,OP-020,James Hernandez,9.0,FLD-004,Sunny Field,103.14,7.6,53.6,None,0.0,None,0.32,Medium
LOG-05582,04-12-2022,EQ-098,Harvester,2021-06-29,FARM-10,OP-041,Chloe Brown,7.0,FLD-016,Valley Field,341.89,1.1,8.2,None,0.0,None,0.96,High
LOG-06757,2024-08-09,EQ-053,Sprayer,2018-06-13,FARM-04,OP-020,James Hernandez,9.0,FLD-006,North Field,264.76,11.3,75.2,Inspection,1316.91,None,0.94,High
LOG-05057,2024-10-27,EQ-085,Planter,2017-05-25,FARM-07,OP-037,John Williams,11.0,FLD-016,Valley Field,341.89,9.9,75.7,None,0.0,None,0.79,High
LOG-01571,18-01-2024,EQ-020,Tractor,2019-04-06,FARM-05,OP-048,William Smith,4.0,FLD-006,North Field,264.76,10.7,,Inspection,771.46,None,0.31,Medium
LOG-02774,2023-10-29,EQ-002,Harvester,2017-07-03,FARM-03,OP-001,William Anderson,9.0,FLD-019,North Field,158.9,3.5,13.5,None,0.0,None,0.1,Low
LOG-05992,2022/02/09,EQ-005,Tractor,2015-05-03,FARM-02,OP-011,Sophia Jones,6.0,FLD-013,Valley Field,169.83,9.2,35.9,None,0.0,None,0.84,High
LOG-02732,2024-02-05,EQ-034,Harvester,2023-05-10,FARM-09,OP-040,Charles Wilson,2.0,FLD-019,North Field,158.9,1.3,8.6,None,0.0,None,0.55,Medium
LOG-06243,2022-08-10,EQ-046,Harvester,2020-02-02,FARM-01,,Sarah Wilson,6.0,FLD-012,River Field,258.49,10.6,56.4,None,0.0,None,0.41,Medium
LOG-00805,2022-07-17,EQ-039,Tractor,2016-09-18,,OP-040,,2.0,FLD-020,West Field,220.65,9.4,59.3,None,0.0,None,0.49,Medium
LOG-05848,2024-10-31,EQ-040,Planter,2021-09-08,FARM-02,OP-041,Chloe Brown,7.0,FLD-003,Golden Field,66.67,1.2,5.2,None,0.0,None,,Low
LOG-03646,2024-01-19,EQ-063,Tractor,,,OP-046,Michael Garcia,17.0,FLD-003,Golden Field,66.67,11.4,52.7,None,0.0,None,0.06,Low
LOG-02455,2023-05-22,EQ-093,,2020-08-21,FARM-09,OP-048,William Smith,4.0,FLD-005,North Field,357.3,6.3,38.7,None,0.0,None,0.76,High
LOG-04599,2022-12-06,EQ-070,Harvester,2021-01-17,FARM-03,OP-046,Michael Garcia,17.0,FLD-020,West Field,220.65,6.2,20.3,None,0.0,None,0.47,
LOG-03105,2022-10-05,EQ-098,Harvester,2021-06-29,FARM-10,OP-007,Emily Johnson,18.0,FLD-016,Valley Field,341.89,6.9,21.0,None,0.0,None,0.2,Low
LOG-04876,2023-09-19,EQ-081,Harvester,2015-11-05,FARM-08,OP-019,James Lopez,11.0,FLD-001,Sunny Field,222.94,3.4,14.4,None,0.0,None,0.4,Medium
LOG-05960,2022-10-05,EQ-009,Sprayer,,FARM-03,OP-050,Michael Smith,4.0,FLD-006,North Field,264.76,8.7,46.5,None,0.0,None,0.2,Low
LOG-00201,2024-10-08,EQ-083,Tractor,2016-01-18,FARM-04,OP-035,Sarah Wilson,6.0,FLD-017,East Field,311.6,10.8,39.6,None,0.0,None,0.28,Low
LOG-06279,2023-05-10,EQ-018,Tractor,2015-07-07,FARM-04,OP-034,Grace Martinez,5.0,FLD-013,Valley Field,169.83,7.8,32.6,None,0.0,None,0.78,High
LOG-03100,2024-07-22,EQ-024,Tractor,2021-10-31,,OP-029,David Miller,5.0,FLD-003,Golden Field,66.67,2.7,13.6,None,0.0,None,0.36,Medium
LOG-06185,2023-06-14,EQ-063,Tractor,2017-10-12,FARM-04,OP-011,Sophia Jones,6.0,FLD-006,North Field,264.76,10.5,80.3,None,0.0,None,0.89,High
LOG-02279,10-06-2023,EQ-002,Harvester,2017-07-03,FARM-03,OP-001,William Anderson,9.0,FLD-016,Valley Field,341.89,11.0,78.6,None,0.0,None,0.87,High
LOG-03562,"November 05, 2022",EQ-007,Tractor,2021-04-17,FARM-04,OP-049,Michael Williams,19.0,FLD-003,Golden Field,66.67,11.0,46.4,Routine,529.11,None,0.51,Medium
LOG-05893,2022-12-02,EQ-064,Tractor,2018-10-16,FARM-01,OP-048,William Smith,4.0,FLD-005,North Field,357.3,3.2,14.2,Routine,398.34,None,0.07,Low
LOG-04475,2024-12-01,EQ-018,Tractor,2015-07-07,FARM-04,OP-046,Michael Garcia,17.0,FLD-015,West Field,216.02,11.6,70.1,None,0.0,None,0.58,Medium
LOG-06433,"May 21, 2024",EQ-040,Planter,2021-09-08,FARM-02,OP-006,John Davis,20.0,FLD-003,Golden Field,66.67,3.5,13.6,Repair,270.12,Filter,0.57,Medium
LOG-04515,"August 05, 2023",,Planter,2017-05-25,FARM-07,OP-032,James Hernandez,8.0,FLD-010,Hill Field,315.35,3.2,18.6,Routine,1105.9,None,0.82,High
LOG-05795,"December 06, 2024",EQ-031,Sprayer,2017-05-20,FARM-08,OP-047,Charles Hernandez,18.0,FLD-010,Hill Field,315.35,6.3,37.9,None,0.0,None,0.18,Low
LOG-00392,02-08-2023,EQ-048,Tractor,2022-01-05,FARM-05,OP-036,Jessica Anderson,14.0,FLD-020,West Field,,4.3,15.2,Routine,1483.12,None,0.64,Medium
LOG-06737,2022-01-17,EQ-063,Tractor,2017-10-12,FARM-04,OP-001,William Anderson,9.0,FLD-006,North Field,264.76,7.7,55.5,None,0.0,None,0.03,Low
LOG-05619,2023-05-26,EQ-085,Planter,2017-05-25,FARM-07,OP-014,John Hernandez,18.0,FLD-015,West Field,216.02,6.9,23.0,None,0.0,None,0.53,Medium
LOG-05259,"July 09, 2022",EQ-059,Planter,2017-05-17,FARM-09,OP-048,William Smith,4.0,FLD-011,,362.68,8.9,38.5,None,0.0,None,0.96,High
LOG-01496,2023-10-13,,Tractor,2021-12-11,,OP-024,William Gonzalez,5.0,FLD-004,Sunny Field,,6.5,36.8,None,0.0,None,0.41,Medium
LOG-02696,2023-10-18,EQ-075,Planter,2023-03-06,FARM-01,OP-028,Alice Wilson,12.0,,Sunny Field,103.14,6.2,35.7,None,0.0,None,0.76,High
LOG-02028,2024-01-05,EQ-019,Sprayer,2015-11-23,FARM-04,OP-026,,1.0,FLD-019,North Field,158.9,7.0,26.1,None,0.0,None,,Low
LOG-05249,2024-08-21,EQ-025,Harvester,2016-10-31,FARM-08,OP-034,Grace Martinez,5.0,FLD-002,Hill Field,223.83,7.6,50.9,Routine,785.36,None,0.18,Low
LOG-05464,2023/03/03,EQ-064,Tractor,2018-10-16,FARM-01,OP-025,Michael Williams,15.0,FLD-020,West Field,220.65,2.9,16.8,None,0.0,None,0.9,
LOG-02569,2022/03/29,EQ-013,Tractor,2019-01-10,FARM-06,OP-033,Emily Garcia,18.0,FLD-004,Sunny Field,103.14,4.1,13.6,Repair,357.66,Tire,0.21,Low
LOG-00065,2024-04-23,EQ-019,Sprayer,2015-11-23,FARM-04,OP-016,David Jones,4.0,FLD-017,East Field,311.6,7.2,50.1,Inspection,164.5,None,0.86,High
LOG-03885,2022-10-06,EQ-036,Planter,2021-07-18,FARM-07,OP-001,William Anderson,9.0,,Sunny Field,103.14,8.9,52.6,None,0.0,,0.22,Low
LOG-02063,2024-06-06,EQ-030,Tractor,2017-05-14,FARM-10,OP-043,,1.0,FLD-018,River Field,208.98,11.7,70.1,None,0.0,None,0.51,Medium
LOG-05277,2024-07-09,EQ-044,Sprayer,2023-08-15,FARM-06,OP-014,John Hernandez,18.0,FLD-001,Sunny Field,222.94,2.8,21.4,None,0.0,None,0.53,Medium
LOG-00493,2024-11-24,EQ-022,Harvstr,2019-02-25,FARM-06,OP-017,Emily Lopez,18.0,FLD-006,North Field,264.76,11.5,69.0,None,0.0,None,0.03,Low
LOG-00380,,EQ-039,Tractor,2016-09-18,FARM-03,OP-020,James Hernandez,9.0,FLD-009,South Field,474.95,10.4,66.8,None,0.0,None,,Low
LOG-06332,2022-06-24,EQ-073,Tractor,2022-05-23,FARM-07,OP-033,Emily Garcia,18.0,FLD-009,South Field,474.95,3.7,21.1,None,0.0,None,0.7,High
LOG-04860,2024/05/30,EQ-021,Planter,2022-02-16,FARM-06,OP-027,Emily Johnson,5.0,FLD-020,West Field,220.65,2.8,21.9,None,0.0,None,0.75,High
LOG-06361,2022/09/07,EQ-017,Sprayer,2021-06-22,FARM-04,OP-048,William Smith,4.0,FLD-015,West Field,216.02,-12.0,51.1,Inspection,423.21,None,0.17,Low
LOG-03994,2023-07-09,EQ-095,Tractor,2017-01-31,FARM-02,OP-016,David Jones,4.0,FLD-002,Hill Field,223.83,10.6,73.0,None,0.0,None,0.31,Medium
LOG-04888,2022-04-15,EQ-094,Harvester,2015-08-21,FARM-09,OP-038,Grace Gonzalez,8.0,FLD-004,Sunny Field,103.14,6.7,45.1,None,0.0,None,0.12,Low
LOG-01077,2023-08-20,EQ-081,Harvester,2015-11-05,FARM-08,OP-014,John Hernandez,18.0,FLD-016,Valley Field,341.89,8.7,42.5,None,0.0,None,0.34,
LOG-00879,"June 10, 2022",EQ-024,Tractor,2021-10-31,FARM-03,OP-014,John Hernandez,18.0,FLD-006,North Field,264.76,9.2,55.4,None,0.0,None,0.11,Low
LOG-00338,2023-06-15,EQ-011,Harvester,2017-05-31,FARM-06,OP-038,Grace Gonzalez,8.0,FLD-019,North Field,158.9,11.1,37.5,None,0.0,None,0.2,Low
LOG-04592,10-02-2023,EQ-086,Tractor,2016-11-05,,OP-038,Grace Gonzalez,8.0,FLD-011,South Field,362.68,7.6,57.8,,0.0,None,0.93,High
LOG-06440,2024-06-25,EQ-042,Planter,2020-12-07,FARM-05,OP-019,James Lopez,11.0,FLD-017,East Field,311.6,6.5,23.6,None,0.0,None,0.2,Low
LOG-01017,2022-12-11,,Harvester,2018-02-14,FARM-08,OP-048,William Smith,4.0,FLD-013,Valley Field,169.83,1.9,13.0,None,0.0,None,0.16,Low
LOG-01276,"July 13, 2022",EQ-077,Sprayer,2023-12-24,FARM-02,OP-019,James Lopez,11.0,FLD-001,Sunny Field,222.94,3.0,22.6,,0.0,None,,High
LOG-03799,"November 14, 2024",EQ-019,Sprayer,2015-11-23,FARM-04,OP-033,Emily Garcia,,FLD-012,River Field,258.49,5.4,33.8,None,0.0,None,0.76,High
LOG-04552,2022-09-20,EQ-094,Harvester,2015-08-21,FARM-09,OP-009,David Anderson,12.0,FLD-013,Valley Field,169.83,4.6,29.3,Routine,450.95,None,0.24,Low
LOG-03343,"June 07, 2022",,Tractor,2016-01-18,FARM-04,OP-001,William Anderson,9.0,FLD-016,Valley Field,341.89,5.7,31.2,Inspection,1040.74,,0.18,Low
LOG-04912,2024-09-10,EQ-060,Harvester,2022-12-30,FARM-05,OP-023,Michael Smith,1.0,FLD-005,North Field,357.3,9.5,28.5,Repair,275.84,,0.57,Medium
LOG-06414,2024-09-14,EQ-021,Planter,2022-02-16,FARM-06,OP-019,James Lopez,11.0,FLD-014,River Field,281.66,1.8,11.8,None,0.0,None,0.59,Medium
LOG-00996,2023-10-04,EQ-060,Harvester,2022-12-30,FARM-05,OP-022,Robert Hernandez,14.0,FLD-003,Golden Field,66.67,10.3,53.0,None,0.0,None,0.42,Medium
LOG-01982,2022-12-16,EQ-052,Planter,2015-03-21,FARM-02,OP-040,,2.0,FLD-010,,315.35,6.7,41.7,None,0.0,None,0.31,Medium
LOG-04298,2024-06-21,EQ-060,Harvester,2022-12-30,FARM-05,OP-001,William Anderson,9.0,FLD-009,South Field,474.95,1.7,12.1,None,,None,0.7,High
LOG-00162,2024-12-12,EQ-092,,2015-07-25,FARM-10,OP-047,Charles Hernandez,18.0,FLD-016,Valley Field,341.89,5.5,27.8,None,0.0,None,0.13,Low
LOG-05676,2024-03-30,EQ-091,Tractr,2023-05-22,FARM-06,OP-038,,8.0,FLD-014,River Field,281.66,5.1,16.6,None,0.0,None,0.85,
LOG-02515,2023-07-09,,Tractor,2022-08-03,FARM-09,OP-035,Sarah Wilson,6.0,FLD-006,North Field,264.76,6.9,29.4,None,0.0,None,0.76,High
LOG-06546,2024-06-26,EQ-097,Planter,2016-05-06,FARM-10,OP-011,Sophia Jones,6.0,FLD-002,Hill Field,223.83,12.0,58.4,Routine,1219.49,None,0.22,Low
LOG-04799,2023-05-21,EQ-030,Tractor,2017-05-14,FARM-10,OP-049,Michael Williams,19.0,FLD-005,North Field,357.3,7.1,46.5,None,0.0,None,0.98,High
LOG-01501,2024-03-08,EQ-012,Tractor,2016-01-15,,OP-024,William Gonzalez,5.0,FLD-001,Sunny Field,222.94,7.1,52.0,None,0.0,None,0.17,Low
LOG-03844,"July 18, 2024",EQ-079,Planter,2016-07-28,FARM-07,OP-033,Emily Garcia,18.0,FLD-017,East Field,311.6,11.5,43.3,None,0.0,None,0.4,Medium
LOG-05226,2024-07-02,EQ-031,Sprayer,2017-05-20,FARM-08,OP-014,John Hernandez,18.0,FLD-002,Hill Field,223.83,9.5,46.6,,0.0,None,0.88,High
LOG-02614,2024-08-21,EQ-013,Tractor,2019-01-10,FARM-06,OP-015,Laura Anderson,4.0,FLD-005,North Field,357.3,5.5,34.4,None,,None,0.3,Medium
LOG-03462,2024-03-14,EQ-065,Harvester,2021-08-07,FARM-04,OP-022,Robert Hernandez,14.0,FLD-014,River Field,,11.6,49.9,Routine,1355.84,None,0.33,Medium
LOG-01022,2024-05-01,EQ-093,Planter,2020-08-21,FARM-09,OP-011,Sophia Jones,6.0,FLD-002,Hill Field,223.83,6.6,46.7,None,0.0,None,0.62,Medium
LOG-03074,2022-02-22,EQ-080,Harvester,2018-02-14,FARM-08,OP-027,Emily Johnson,5.0,FLD-015,West Field,216.02,5.5,40.9,None,0.0,None,0.33,Medium
LOG-03944,2024-12-12,EQ-005,Tractor,2015-05-03,FARM-02,OP-011,Sophia Jones,6.0,FLD-020,West Field,220.65,11.5,37.4,None,0.0,None,0.53,Medium
LOG-01586,2023-04-11,EQ-070,Harvester,2021-01-17,FARM-03,OP-009,David Anderson,12.0,FLD-004,Sunny Field,,11.7,83.7,Repair,1083.41,Belt,0.87,High
LOG-01956,2024-12-23,EQ-022,Harvstr,2019-02-25,FARM-06,OP-018,David Jones,10.0,FLD-017,East Field,311.6,11.4,87.3,None,0.0,None,0.91,High
LOG-03153,2022-05-27,EQ-046,Harvester,2020-02-02,FARM-01,OP-038,,8.0,FLD-005,North Field,357.3,10.6,51.9,None,0.0,None,0.72,High
LOG-06350,2023-05-07,EQ-082,Tractor,2015-07-27,FARM-09,OP-007,Emily Johnson,18.0,FLD-004,Sunny Field,,4.0,30.5,None,0.0,None,0.91,High
LOG-00035,2022-07-30,EQ-017,Sprayer,2021-06-22,FARM-04,OP-041,Chloe Brown,7.0,FLD-016,Valley Field,341.89,10.6,62.2,None,0.0,None,0.44,Medium
LOG-04015,2024-06-20,EQ-093,,2020-08-21,FARM-09,OP-020,James Hernandez,9.0,FLD-018,River Field,208.98,10.5,80.5,Inspection,644.28,None,0.07,Low
LOG-00776,28-02-2022,EQ-089,Planter,2016-09-26,FARM-04,OP-042,Daniel Garcia,10.0,FLD-008,West Field,188.47,2.3,10.1,None,0.0,None,0.08,Low
LOG-02557,2022-10-09,EQ-085,Planter,2017-05-25,FARM-07,OP-043,Sarah Brown,1.0,FLD-003,Golden Field,66.67,4.3,24.5,None,0.0,None,0.9,High
LOG-01479,2022/09/16,EQ-011,Harvester,2017-05-31,FARM-06,OP-035,Sarah Wilson,6.0,FLD-004,Sunny Field,103.14,9.0,55.5,None,0.0,None,0.28,Low
LOG-05487,2024-06-01,EQ-088,Plntr,2018-03-14,FARM-07,OP-031,Alice Anderson,12.0,FLD-015,West Field,216.02,8.4,29.6,None,0.0,None,0.29,Low
LOG-06236,2022-08-28,EQ-063,Tractor,2017-10-12,FARM-04,OP-017,Emily Lopez,18.0,FLD-001,Sunny Field,222.94,7.7,28.6,None,0.0,None,0.25,Low
LOG-01364,2024-05-06,EQ-029,Sprayer,2019-07-02,FARM-05,OP-037,John Williams,11.0,FLD-017,East Field,311.6,6.9,24.9,None,0.0,None,0.79,High
LOG-02613,2022-02-16,EQ-024,Tractor,2021-10-31,FARM-03,OP-025,Michael Williams,15.0,FLD-020,West Field,220.65,3.3,12.9,None,0.0,None,0.36,Medium
LOG-02825,2022-01-05,EQ-012,Tractor,2016-01-15,FARM-07,OP-005,Daniel Garcia,3.0,FLD-014,River Field,281.66,5.7,34.0,Repair,919.77,Tire,0.85,High
LOG-02042,2023-06-23,EQ-068,Sprayer,2015-10-18,FARM-09,OP-044,,11.0,FLD-018,River Field,208.98,1.7,6.8,None,0.0,None,0.24,Low
LOG-00242,2023-09-07,EQ-073,Tractr,,FARM-07,OP-016,David Jones,4.0,FLD-008,West Field,188.47,8.5,61.5,None,0.0,None,0.85,High
LOG-02062,2022-03-19,EQ-003,Tractor,2022-08-03,FARM-09,OP-011,Sophia Jones,6.0,FLD-005,North Field,357.3,10.4,72.7,None,0.0,None,0.69,Medium
LOG-02364,2022-08-27,EQ-032,Planter,2022-03-18,FARM-08,,Sophia Jones,6.0,FLD-014,River Field,281.66,4.3,19.7,None,0.0,None,0.71,High
LOG-00601,2024/12/14,EQ-086,Tractor,2016-11-05,FARM-07,OP-002,James Hernandez,11.0,FLD-013,Valley Field,,1.5,5.8,None,0.0,None,0.78,High
LOG-02436,2022-02-08,EQ-053,Sprayer,2018-06-13,FARM-04,OP-014,John Hernandez,18.0,FLD-004,Sunny Field,103.14,4.3,27.2,None,0.0,None,0.42,Medium
LOG-05394,2022-10-05,EQ-070,Harvester,2021-01-17,FARM-03,OP-025,,15.0,FLD-015,West Field,216.02,5.3,20.7,None,0.0,None,0.67,Medium
LOG-06311,2023/08/24,EQ-030,Tractor,2017-05-14,FARM-10,OP-022,Robert Hernandez,14.0,FLD-017,East Field,311.6,,44.8,None,0.0,None,0.61,Medium
LOG-02889,2024/07/07,EQ-048,Tractor,2022-01-05,FARM-05,OP-032,James Hernandez,8.0,FLD-018,River Field,,1.1,8.3,None,0.0,None,0.06,Low
LOG-06165,2024-07-25,EQ-088,Planter,2018-03-14,FARM-07,OP-003,Sarah Jones,13.0,FLD-015,West Field,216.02,2.9,10.8,None,0.0,None,0.62,Medium
LOG-00647,2023/10/09,EQ-067,Harvester,2015-10-04,FARM-01,OP-020,James Hernandez,9.0,FLD-019,North Field,,7.1,22.0,None,0.0,None,0.34,Medium
LOG-03891,2022-09-25,EQ-049,Harvester,2016-09-18,FARM-06,OP-003,Sarah Jones,13.0,FLD-005,North Field,357.3,5.9,45.0,None,0.0,None,0.06,Low
LOG-03557,2022-08-20,EQ-001,Tractor,2015-04-13,FARM-05,,David Anderson,12.0,FLD-006,North Field,,5.7,38.0,None,0.0,None,0.55,Medium
LOG-03203,,EQ-017,Sprayer,2021-06-22,FARM-04,,Charles Hernandez,18.0,FLD-001,Sunny Field,222.94,9.4,38.7,None,0.0,None,0.84,High
LOG-01529,2024-07-23,EQ-076,Tractor,2015-09-06,FARM-07,OP-041,Chloe Brown,7.0,FLD-020,,220.65,11.9,50.7,None,0.0,None,0.28,Low
LOG-01268,2024-08-02,EQ-083,Tractor,2016-01-18,,OP-007,Emily Johnson,18.0,FLD-005,North Field,357.3,10.6,71.3,None,0.0,None,0.89,High
LOG-01900,2022-05-21,EQ-040,Planter,2021-09-08,FARM-02,OP-035,Sarah Wilson,6.0,FLD-018,River Field,208.98,1.8,6.8,,1408.8,Belt,0.07,Low
LOG-04659,2023-02-21,EQ-016,Sprayer,2022-01-18,FARM-10,OP-048,William Smith,4.0,FLD-010,Hill Field,315.35,4.0,17.8,Repair,162.37,Tire,0.34,Medium
LOG-03006,2024-06-18,EQ-021,Planter,2022-02-16,FARM-06,OP-039,Michael Williams,4.0,FLD-005,North Field,357.3,3.6,20.0,None,0.0,None,0.77,High
LOG-02735,"May 03, 2023",EQ-010,Planter,2018-10-25,FARM-05,OP-024,,5.0,FLD-010,Hill Field,315.35,7.8,34.3,None,0.0,None,0.91,High
LOG-00190,2024-09-18,EQ-083,Tractor,2016-01-18,FARM-04,OP-045,Michael Wilson,3.0,FLD-009,South Field,474.95,3.1,13.1,None,0.0,None,0.23,Low
LOG-01807,2022-10-09,EQ-097,Planter,2016-05-06,FARM-10,,Michael Wilson,3.0,FLD-019,North Field,158.9,6.2,21.4,None,0.0,None,0.35,Medium
LOG-00976,2023-08-05,EQ-004,Tractor,2021-08-15,FARM-07,OP-013,Laura Martinez,17.0,FLD-007,Golden Field,346.56,,21.5,,0.0,None,0.34,Medium
LOG-02748,2023-07-16,EQ-052,Planter,2015-03-21,FARM-02,OP-009,David Anderson,12.0,FLD-014,River Field,281.66,6.2,23.3,None,0.0,None,0.63,Medium
LOG-02048,,EQ-051,Tractor,2021-09-19,FARM-06,OP-019,James Lopez,11.0,FLD-017,East Field,311.6,11.7,40.6,None,0.0,None,0.99,High
LOG-02559,2023-06-29,EQ-034,Harvester,2023-05-10,FARM-09,OP-022,Robert Hernandez,14.0,FLD-004,,103.14,9.7,39.1,None,0.0,None,0.87,High
LOG-01083,2022-01-19,EQ-027,Harvester,2022-09-05,FARM-06,OP-014,John Hernandez,18.0,FLD-007,Golden Field,346.56,5.0,,Repair,1188.97,Blade,0.15,Low
LOG-00475,19-09-2023,EQ-058,Harvester,2017-12-21,FARM-09,OP-022,Robert Hernandez,14.0,FLD-020,West Field,220.65,8.6,32.4,None,,None,0.8,High
LOG-02905,2022-07-12,,Tractor,2016-01-15,FARM-07,OP-028,Alice Wilson,12.0,FLD-016,Valley Field,341.89,4.5,14.7,None,0.0,None,0.57,Medium
LOG-04844,2022-05-29,EQ-047,Sprayer,2020-08-12,FARM-03,OP-021,Chloe Jones,2.0,FLD-010,Hill Field,315.35,4.2,12.7,None,0.0,None,0.45,Medium
LOG-06397,2024-03-09,EQ-022,Harvester,2019-02-25,FARM-06,OP-027,Emily Johnson,5.0,FLD-016,Valley Field,341.89,1.8,8.1,None,0.0,None,0.02,Low
LOG-04118,2022-07-09,EQ-068,,2015-10-18,FARM-09,,Robert Anderson,8.0,FLD-008,West Field,188.47,3.4,,None,0.0,None,0.68,Medium
LOG-03386,2023-06-18,EQ-098,Harvester,2021-06-29,FARM-10,OP-014,John Hernandez,18.0,FLD-017,East Field,311.6,9.8,76.0,None,0.0,None,0.45,Medium
LOG-04556,2022/04/21,EQ-032,Planter,2022-03-18,FARM-08,OP-012,Daniel Wilson,18.0,FLD-017,East Field,311.6,10.4,64.5,None,0.0,None,0.61,Medium
LOG-01185,2024-08-17,EQ-072,Planter,2017-02-18,FARM-02,OP-039,Michael Williams,,FLD-003,Golden Field,,6.3,39.5,None,0.0,None,0.38,Medium
LOG-06421,2022-05-26,,Tractor,2015-09-06,FARM-07,OP-018,David Jones,10.0,FLD-002,Hill Field,223.83,11.6,61.3,None,0.0,None,0.88,High
LOG-05052,2023-10-05,EQ-048,Tractor,2022-01-05,FARM-05,OP-040,Charles Wilson,2.0,FLD-016,Valley Field,341.89,11.3,80.3,None,0.0,None,0.03,Low
LOG-05312,"July 18, 2023",EQ-086,Tractor,2016-11-05,FARM-07,OP-045,Michael Wilson,3.0,FLD-015,,216.02,7.2,24.9,None,0.0,None,0.36,Medium
LOG-02434,2024-01-30,EQ-010,Planter,2018-10-25,FARM-05,OP-015,Laura Anderson,4.0,FLD-018,River Field,,1.5,6.0,None,0.0,,0.2,Low
LOG-03601,2022-06-12,EQ-063,Tractor,2017-10-12,FARM-04,OP-020,James Hernandez,9.0,FLD-011,South Field,362.68,2.7,8.4,None,0.0,None,0.73,High
LOG-05612,2024-02-12,EQ-080,Harvester,2018-02-14,FARM-08,OP-011,Sophia Jones,6.0,FLD-019,North Field,158.9,3.0,15.1,Inspection,740.01,None,0.17,Low
LOG-02392,2022-04-11,EQ-044,Sprayer,2023-08-15,FARM-06,OP-014,,18.0,FLD-012,River Field,258.49,10.9,45.9,None,0.0,None,0.78,High
LOG-00770,2024-06-28,EQ-072,Planter,2017-02-18,FARM-02,OP-006,,20.0,FLD-007,Golden Field,346.56,9.2,46.7,None,0.0,None,0.17,Low
LOG-01686,2023-02-20,EQ-012,Tractor,2016-01-15,FARM-07,OP-021,Chloe Jones,2.0,FLD-012,River Field,258.49,9.2,71.7,None,0.0,None,0.07,Low
LOG-00131,2022-10-11,EQ-021,Planter,2022-02-16,FARM-06,OP-013,,17.0,FLD-020,West Field,220.65,10.6,34.6,None,0.0,None,0.37,Medium
LOG-02920,2022-10-11,EQ-067,Harvester,2015-10-04,FARM-01,OP-018,David Jones,10.0,FLD-010,Hill Field,315.35,,14.8,None,0.0,None,0.6,Medium
LOG-03172,2022-10-02,EQ-084,Harvester,2019-07-23,FARM-08,OP-040,Charles Wilson,2.0,FLD-017,East Field,311.6,2.0,10.5,None,0.0,None,0.94,High
LOG-03445,2023-10-03,EQ-079,Planter,2016-07-28,,OP-036,Jessica Anderson,14.0,FLD-010,Hill Field,315.35,4.5,22.7,None,0.0,None,0.43,Medium
LOG-06232,2022-08-10,,Sprayer,2017-05-20,FARM-08,OP-005,Daniel Garcia,3.0,FLD-006,North Field,264.76,6.0,33.9,,0.0,None,0.31,Medium
LOG-05579,2024-08-27,EQ-021,Planter,2022-02-16,FARM-06,OP-025,Michael Williams,15.0,FLD-015,West Field,216.02,8.0,56.1,None,0.0,None,0.1,Low
LOG-04427,2023-09-29,,Planter,2021-07-18,FARM-07,OP-007,Emily Johnson,18.0,FLD-001,Sunny Field,222.94,7.1,35.8,Routine,656.74,None,0.94,High
LOG-05335,2024/04/21,,Harvester,2019-07-23,FARM-08,OP-030,Alice Jones,12.0,FLD-013,Valley Field,169.83,9.1,58.4,None,0.0,None,0.13,Low
LOG-00467,2023-09-10,,Harvester,2021-08-07,FARM-04,OP-007,Emily Johnson,18.0,FLD-010,Hill Field,315.35,7.7,33.9,None,0.0,None,0.38,Medium
LOG-06266,2024-04-10,EQ-016,Sprayer,2022-01-18,,OP-028,Alice Wilson,12.0,FLD-002,Hill Field,223.83,8.3,57.7,None,0.0,None,0.73,High
LOG-05735,2023-12-11,EQ-099,Tractor,2021-12-11,FARM-02,OP-046,Michael Garcia,,FLD-012,River Field,,11.3,74.9,None,0.0,None,0.15,Low
LOG-03093,2023-05-26,EQ-074,Sprayer,2019-10-01,FARM-07,OP-019,James Lopez,11.0,FLD-006,North Field,264.76,8.1,29.1,None,0.0,None,0.06,Low
LOG-03773,2023-03-29,EQ-015,Tractor,2019-03-31,FARM-02,OP-027,Emily Johnson,5.0,FLD-013,,169.83,2.4,17.3,None,0.0,,0.61,Medium
LOG-05192,2024-01-05,EQ-083,Tractor,2016-01-18,FARM-04,OP-002,James Hernandez,11.0,FLD-020,West Field,220.65,2.9,9.0,None,0.0,None,0.65,Medium
LOG-05227,2023-03-13,EQ-008,Planter,2017-06-21,FARM-08,OP-042,Daniel Garcia,10.0,FLD-013,Valley Field,,,39.1,Routine,1193.71,None,0.08,Low
LOG-05391,2023-03-21,EQ-078,Harvester,2017-02-23,FARM-04,OP-029,David Miller,5.0,FLD-001,Sunny Field,222.94,2.4,13.9,None,0.0,None,0.27,Low
LOG-00861,"September 11, 2022",EQ-064,Tractor,2018-10-16,FARM-01,OP-008,James Rodriguez,9.0,FLD-005,North Field,357.3,,19.3,None,0.0,None,0.83,High
